72413748
873788626
560411979
293982980
688573607
256166597
644855262
411513459
108459865
568209287
596438137
983039205
315694230
243753836
33192746
119490476
647857794
735274261
743493348
832736114
2295419
462345503
654948843
549587538
538047996
513643134
246049561
99597375
617233943
132874282
367793224
453190760
132108057
295531986
762462852
121469952
701707602
866817353
123850648
850353172
809511473
878300184
611081949
64654816
509673039
852552501
932888546
624635650
931191724
262610111
823078167
526266285
722243690
608516948
431903899
561846692
102200418
554791278
971036287
965538992
187142151
362854871
744543673
700922792
957359649
578453912
808679619
867196329
820776217
411094007
59978277
740646798
135909716
966580756
530719345
659228912
117654878
125977480
655986310
584659812
386330214
694733193
528632679
161100058
927768176
909970805
341518322
276113720
87565540
26895857
236034412
489766964
115632209
203654782
783623539
948646841
488675903
267633098
591717708
615835592
520115619
50306845
723098162
784755460
538594494
22397850
748114018
94501154
284028570
560523924
690836300
89464848
462373435
191682866
477921074
422856977
243067754
234803780
388833988
293309042
215826128
831851733
74032891
452833474
820498831
993061888
421383777
83892068
406639777
806187335
855447752
69312685
752193255
38706022
747081875
125704519
525988129
469903540
54111811
575132942
951157538
537884107
589236702
748219749
469339855
831765010
361673139
718588818
598229302
285964107
286494150
117297680
679736792
257759410
657693701
689204214
373843320
148739058
537598184
889621843
710089474
640233793
8638804
76915197
462795336
361741502
546077751
750168749
670978197
327158072
121746877
186930629
516993947
97496820
595693959
765429121
948559018
956834171
221700642
572358744
279252394
10815480
859278638
464063661
203127802
780343028
277172072
345118575
584577444
872301994
322567122
468577093
330330453
375757823
90229663
747864319
462711109
844078405
312453394
329687113
641285198
130449808
781696327
991270084
155356006
709294102
239702143
92835854
349690395
502343740
810388190
522047396
741020569
224761441
657335467
618345679
31652641
510292103
927750364
803314714
50934367
645697792
247739684
875828591
923554774
654794323
487898162
992161953
339122601
728265232
783995919
191094533
368476680
257457233
564060319
704280196
51452206
751534836
707637628
181376537
321142105
30717027
842739702
274262698
64311044
100059045
678335425
388234581
658907233
791739856
539960968
674664804
795993401
547121281
634586617
318501523
664832171
30350589
49803046
815730210
219494818
367251899
555757161
723650801
583723075
447235191
904917581
159498011
953258798
819249382
762737682
759743308
279522038
489072125
375490974
511105742
537880078
602200278
849136874
97467198
725284542
404138761
210516834
181036691
678479200
829679035
196766210
694480383
87076716
274299735
620566446
213875356
569590350
102108476
785317149
746684292
214718302
621278421
469654679
927638751
428261708
9828222
865589061
520148940
156235353
714040724
794408334
618126297
385613365
333632157
29051863
536599133
296379024
293769787
251098266
21763181
321045875
747216869
277117678
132237967
545177325
35474118
701978100
962738256
250087308
18391187
795161855
509752334
605049891
811209117
825904295
633970136
839571044
692563991
547730505
279263748
512999961
733842316
531907149
851299904
243111255
507793202
594747395
892477339
420049241
444929317
679943626
589362885
676902364
695008968
823567099
263017146
680842970
930190796
698459134
799968808
864911792
506205104
794997912
806142494
774202501
74973862
66124757
890074739
870627862
960677485
376387989
384151726
277468780
91510940
377258868
509258862
284287590
457050857
723534198
448089094
71536485
618903680
949955681
564163393
149367444
718546438
94663549
464407421
525707376
256414561
462815778
655873739
574911374
438282930
103047240
911520809
621006390
890697487
162838901
892317463
877757884
899380333
965632765
697044292
523250012
270687332
650700271
825245580
645281916
933184239
827648772
734409303
189471410
613456288
68960576
454803313
647385918
650356523
787282863
472038695
681095221
943973280
531255484
747159935
835381596
413620383
55755475
492996917
360270923
238485498
967749499
811660743
307562308
353017693
543478024
722212003
532719801
970305853
907705709
345593156
898937192
647346117
90385661
892106341
337811192
567198015
379958197
968801688
388209048
484960273
779607513
955044597
323391045
392640041
248592408
915772753
570767462
477488525
257578232
304057363
847250539
412943994
104655702
471050791
970111312
833119423
917267319
167429152
687903836
759880817
704254042
74528038
523195204
681337189
826389469
366542132
842374307
946389204
34200444
75062025
776053057
603853911
552219177
838151162
971366931
847128661
71630402
467793897
806385451
125702890
272773746
142850851
470836409
854829985
185872208
296841052
880860817
376314261
460076185
788201800
203518120
801477473
772248893
256061724
87121487
215265799
820279663
280325138
772281005
309564455
946138673
345555273
675764188
139232499
421853273
275275566
629472156
371828742
495879586
277693659
19409202
309324108
100855704
148486984
848000158
768836610
926980187
886558075
606664553
916980155
397018502
59581624
395702616
109396995
376872148
517639125
262665280
233085343
308976553
135234273
546127231
154612179
149220566
80735673
795049012
646158752
787117459
80622908
122434882
584113285
495420220
236024022
418672084
612265400
776506685
906515465
740873884
416086807
464434139
473499719
734516054
999836216
368343387
772529735
215568231
321650803
130169254
410565723
847461866
507775985
962842326
645266363
497528042
686944500
112097218
763058831
608937147
323080554
486793518
985588557
708373709
590322782
337991887
236912391
577183500
982194902
422001977
572262044
134490484
32265447
98288545
379674443
290904468
447275114
553815763
672297919
217927906
973550456
653101492
116950971
510025899
162715716
371091097
653724690
8424182
575688312
249313743
228780746
550647747
106933515
297748854
192955789
102516965
881127037
976919325
897288522
400106704
687082086
553594151
30178062
62633942
991492220
978379294
903764867
755079365
34481336
813820153
773318098
117252890
432862236
391488703
52298085
559818449
733724287
561782634
633966362
466137345
886729482
633045270
460822606
34246624
961037871
834758651
393611039
641205925
424700066
957779792
380974023
663107023
561318959
554653744
688984802
685353899
376891074
460376611
979472910
413727466
60283204
10159544
462766337
695473147
37101647
427708586
643600602
220725953
104026881
220255422
421871546
500592666
81193190
613153871
794318334
59108889
772385041
880199306
1364263
613432854
301472264
40869551
525480241
289023168
975906386
779484590
125915363
758704454
124457551
445761954
715009385
257204952
289249773
459080074
325793011
908407821
834195272
148589805
458323482
825979682
676191897
676746442
752935013
966198113
548200258
966620726
37372924
7150526
781452209
362742776
216718389
829656208
615186790
80529669
842950697
731281279
599367817
19264421
335110084
397091732
978067144
919160281
967610704
324897091
637155352
113470267
381887618
98795691
900176306
588876187
535652688
567136863
886544616
278098382
769653615
185388325
783209900
513821629
786614226
449429348
812531251
313552138
336937411
886382113
446513919
859760865
550683039
456165575
668167212
905482275
361771930
834648627
101956428
418287272
504464884
293474523
697096492
897125448
427087157
448088213
353283852
890664508
704490017
157310301
246026179
942076914
362179308
795669165
289705679
559116930
733785035
439262961
511131914
373158996
253005648
877279894
596795600
418933722
561330902
567404909
859024270
92800203
771449063
929054781
93433255
420424892
360896462
311053846
5250479
629478793
225978960
614708766
253887248
25838962
188212396
802008870
387379014
940085789
957896875
332811927
319066060
910735779
130796107
129807261
776726300
812003439
205663964
462741351
423506441
113838509
820939048
442009505
927794155
504072465
292825021
928889670
307675131
383277118
336584605
294447247
2587913
38241246
203938548
596828181
397453498
210526569
919185699
488038299
986880642
296033949
244440532
677305476
345966974
939582700
240504026
922140745
321458976
419648097
58220867
346405853
978956287
453184290
647617889
653044147
960765424
867276007
364714511
58389521
801922840
889444655
931355646
503449602
746993958
472236038
801232414
152090676
279246535
535100660
296501433
634128716
235639222
193451257
339549086
529889635
48431953
215563948
185904241
590365679
842811261
476958706
973140983
702514612
815006535
560165603
443605393
160302888
243141483
560458467
608557480
646842741
353973475
108467978
119912024
121798600
813597486
175174520
522850559
35150328
658587890
18928268
90175235
672393096
311672725
99142447
93792372
972721205
546031098
822079636
701435688
276896891
88508711
597094543
246081967
444732371
663026738
895496400
174708325
244645623
219642379
756576020
40372587
512497632
184873394
30799409
605481907
981693848
271379149
243125294
223500822
625907439
889281886
59080737
202221499
4120181
759164596
344581104
442511638
220587820
152749739
634605156
559216815
504615336
562144622
827978142
237894588
861675792
698641476
640959124
944878371
529037578
89486748
202299834
93262104
119492374
611759245
197688182
918921685
753588652
524455170
588108648
675978798
998413313
186375554
824276980
626823330
649246294
460767676
611142472
236456187
716241558
517037883
47311333
169996600
321183418
920556104
941453794
934674048
340438332
888179604
984640696
590866255
573142090
564205471
716780751
998388586
503008469
985916034
517639808
257480698
764076365
308180226
815697170
130104272
701910238
489363860
999659840
894898357
759130449
703384629
993934983
758160454
50207396
376254976
512674801
764901802
315287622
621802482
323934978
899115884
860862982
906512439
33614234
241342695
260656097
263081059
353769758
489254427
608140535
494959486
112310002
240621408
953289761
399495657
600336979
94988151
703529949
125287079
522906830
395675566
679045445
320012406
17630650
403725328
500135704
14460286
854953328
605338887
788385926
611498439
660652781
526117520
331612449
489638085
709029330
710087673
894801125
153916797
772756688
11325924
580282529
234153985
869332154
409114000
673193014
732903328
911635864
875629793
314550687
155200713
816265264
841305216
388911905
757346352
989408908
480045432
628691452
329591768
221168778
702691895
788263231
583161291
529233525
941775122
242357752
649868723
98625403
249490609
14652547
258342331
878407393
303426894
231546536
271404071
297891328
537600692
976268954
992345286
865127517
278206588
418308899
208805009
855388212
613732224
609559560
700532516
140594350
924845510
703882618
555085950
630538918
201210867
312963922
841749945
43279379
823555294
978384087
880460684
158959102
650522318
48173480
686491442
335819958
260140787
671994799
666386485
401471443
501632470
853812099
648714539
301890564
965915902
350675466
323674083
421230856
761522760
49875504
912175089
811823039
233851964
208574266
614858110
432687266
791734665
822758947
365329202
175109860
187343996
104278906
422199651
222234505
247560899
261353198
967476755
955681732
797365834
426903644
384315633
125034908
117038011
996974891
399120620
349351610
877836198
547599413
258451954
435809577
328747084
829524791
87671392
998132486
364970521
504402836
806803759
181435334
734263025
369840301
678449031
413785936
332159903
575826160
499189629
875706192
238085943
537248548
867458024
954284048
175392283
889795913
858316502
143179010
696661640
784548959
110603401
720740375
983483387
527292764
930367831
750758679
77851697
543642128
804004894
327422107
372002688
877376954
560541448
246005476
45375082
91852557
236313263
119719211
261309707
955901545
753249884
646910243
493864007
113343892
821881839
209218731
722042887
428187732
583597441
873447993
511870
160883162
703379332
121272228
418033307
68603493
770725783
410971511
930397626
232716609
129908144
982387631
81679101
743541411
929164185
76349557
143061880
679426854
501476535
98677466
169745501
625494948
536890163
82284929
384951169
197118676
545049652
188261511
513876390
350086756
49602220
707464327
593789875
176684134
759670756
434508796
789722367
873694116
849127920
594670152
549192842
839892086
488053965
920370786
903163129
880289785
474157006
142081413
309334421
613856175
872135417
635950312
763735761
683442961
164507282
584693491
558206373
680097180
134469250
44860171
552391063
960773026
31143227
340924400
541813252
114603883
478472495
975423959
263522931
159307804
748256386
830453280
498281400
266070634
509062066
712577732
672905164
885542040
211651386
600206107
402498211
633528970
631068103
937442180
297942369
900229622
116215179
804192403
512678699
802396500
171039670
716315552
438365934
599338126
554421163
938291396
801539136
342949383
656133274
494910551
199573564
640428286
87234849
37984998
398808881
904474084
713040231
527676551
933285051
766211660
161007643
352047383
507894748
759657012
517568795
579414241
937526302
373417672
172911888
506246923
693580201
346991395
388273419
271845413
412976719
757396142
226690177
507047951
966720337
146668070
65658549
892189760
745625068
553198065
161248074
986443561
441576214
460592964
769830869
133800046
543229914
697516677
202970356
533447168
34684123
923245489
902852663
662848592
59554552
851728769
284278094
931115304
31894086
987534206
240077881
427484789
390301514
88485366
484323002
670872267
908370025
503381368
379473301
598115611
428787248
109056537
684264992
625268577
443695257
564292909
563109918
623919216
56220538
319530597
559184690
258235601
583397652
37353474
496722245
726683254
450087357
814020039
460124020
609191690
543914871
313238632
865333380
232592280
723103395
564651109
772072936
734282180
832751740
706333569
336487158
700314999
658880315
898888789
619151557
970539624
14012206
273263018
828715624
999135423
404891574
151927623
959045426
182050573
352549341
578021128
881916226
708938501
920254776
127047715
639673656
278275366
463321382
734550269
114092498
281936327
8943371
50534651
364554095
482772668
482803045
544059285
314166129
329956895
97459733
938251697
727894365
192390134
754414888
642775767
338421229
652951680
116516653
580774040
248762324
320726456
299936122
321150152
162724589
467727379
7563641
343497512
400235348
80128195
820783389
273446555
220411853
114163922
794536099
211074293
263156324
71880181
763262099
218039721
896945380
950579904
313412700
737050485
148181445
946205321
725874744
348674345
925063021
815488470
77043288
968636771
146766261
143376215
104471066
932017505
620696561
13502667
481547933
753862942
708384456
392975838
923395991
872462733
228624329
303074925
275538369
772816363
910723928
499795709
830731890
939087244
202336453
497367901
248778918
348523616
229078588
117822707
867894580
396090876
503269434
769115969
107548152
486030330
246543531
548055134
70362128
387376035
681428075
548676917
295360279
425722333
802868164
954056131
343933846
798258527
205179130
959745136
936624322
821607811
868240386
405640986
297567325
477365551
708332350
446275770
579808761
640211890
46026176
852052329
364809249
659644235
843247476
1819
665142792
994055555
170672266
544476671
737883770
444423491
761110570
898327956
172477899
63572809
109629609
896805836
537497026
811415936
827179075
648126483
117972878
88149708
315292617
834409202
671879018
904885872
157466578
953833571
569230268
333698537
186387572
959545226
901040484
418498831
702454706
414832789
903210964
579678537
939894527
550504348
566712
231257821
162963372
116342902
714171742
52215769
399914111
134923046
598496646
22361073
936945293
376356952
318534937
873277185
634323840
211160324
685029286
230898340
370084622
163349358
756032594
60064747
580890834
218544590
263957082
621627766
581887724
80627092
967450586
115945839
307561921
138814095
417563767
643679934
199076679
713414910
661628538
548858629
370919696
148485784
401367477
842315030
380208858
92201551
36394315
756028033
649069529
731042159
964074669
484041017
211194811
709757015
953512862
968779623
104051226
677913030
894302081
511041331
661968118
431996113
458820327
884791265
631702393
616690510
548212723
206258717
698849428
406412312
741458902
550519960
469122963
247224829
490895883
577893001
859716400
916239824
905199717
71226966
976842108
532437608
613067535
4175363
243816183
545098788
950293812
4098034
631274123
718028850
171135973
859740160
231383729
782157544
94850872
662386556
825852584
186342006
892394186
531040301
82026072
90801170
481571088
744442600
813294612
623734636
18912773
275930457
254815076
888105395
299587458
742567376
156795798
386809532
252039340
437327961
302615114
483859903
578266050
431869923
242565805
737769174
657794584
818091141
980903795
285843684
627050609
841697696
922034729
380462061
245629400
949380370
380596404
300778943
9801906
593589808
490688261
952596803
988355588
431662752
372516418
309236016
755040008
561103914
181457262
677880979
9751430
277444161
599371867
689727914
71820649
980647507
621236417
720220463
742236276
126834903
747809544
513350366
684561001
83186065
687042298
400254097
491797746
530784754
579047007
549480958
627110209
137528056
205405165
485582842
238302389
316356358
284601064
193353078
376815686
585762204
862843900
468859815
608551711
112479570
317601065
560182374
156848207
245475213
742113707
436213026
384614251
481330757
5546787
930589466
32604253
306968006
508764231
625050001
35422205
84890689
694809789
439808741
271593746
857801052
364894478
980372674
768944905
975611912
171357066
663390987
804503108
1001314
623499532
366982070
909139672
246088587
931035232
221910721
732725634
522874088
295860512
6743357
388091168
607067862
756364557
702040905
225663010
499710107
673179678
960589732
966291096
704947842
518724103
340003814
285463994
203399743
442495415
404531214
53751318
643653925
658613273
474152506
796899884
112496620
471028099
510077416
15805027
72345491
454546489
607807185
142925583
989761813
699938575
914121385
374465977
397312056
405486124
858568213
48701055
843892311
621955748
983712651
528358814
911809830
924949271
531543631
967776524
502931436
703065743
749123702
544701279
472838179
465264997
24224129
322673695
528350655
204439159
139682957
600014463
529184071
326289563
864137709
20556947
76799229
814970048
758991472
865139673
658042804
600932858
590802946
574582364
542635243
443241832
564347296
180059721
694257655
322186925
377573862
163640755
909072594
439506358
529536872
219954435
922835809
847678579
675012049
895345289
330805135
699034328
537173100
874403248
957349347
199762844
480227488
919359660
694176492
672065791
609333339
361293133
595641796
186472454
875781228
237181968
633149382
876671114
366574762
836740006
6752872
503465832
301154888
438190160
986594485
660815822
132973425
977923905
262515315
143743765
794609355
327528816
753303120
834174578
559458934
301846511
443435258
702566875
947738801
902919458
670428447
680636874
725820661
479755791
558820381
44439074
810500411
420407201
254246544
322418760
749647562
439520919
511254994
894633343
850880050
447567343
347514742
921970308
329587390
857221316
974444710
284611957
504910224
682802510
389613411
801377089
559242873
607099225
634619866
931641345
563631298
859720536
490289338
764039513
275425092
735290666
597096852
686232488
775512175
4316786
866279124
144958092
704314536
946836585
639069764
366940431
938666609
228735313
261916172
147299483
972414820
393804780
110975860
938071402
452326505
455513329
482641853
788242256
410930646
941243360
674289066
192576167
572856607
865488605
489920519
428056551
653316573
273948121
815561386
106226544
201301072
175129840
710541215
753419582
428511376
946827762
92517773
858944541
748507529
988235091
696993188
959980700
4092321
197095455
716714097
245883530
513125331
12868244
193632014
83234421
163204329
963415840
452916852
107552118
58259317
321733327
255810068
85626261
406172265
230756742
126146777
929834729
935787435
192540390
795817178
756380951
179620009
511910747
649195187
353442083
580196470
209764777
795818043
210855801
611127922
160661049
291671473
661978466
389793889
660787962
579678087
707890441
898820211
890436781
55477012
142964780
619274585
356384193
125959022
347750255
860649579
779609718
689002349
730413635
933383802
119968799
817718656
93065262
79870575
788962618
342101464
523093515
161721706
480860888
444842072
749952548
613322919
997941366
228434334
559655979
865932752
307489321
644940577
474801768
419639846
526423989
398277912
245939168
196146745
12908341
24369804
820260623
196780509
40162007
938398687
299157087
201510750
658438193
52300479
150913887
20577903
183344488
499924949
136936317
287713355
570519643
540850275
661996642
961057144
216939387
372599920
418108481
845950755
646109482
463560640
687277928
78390008
56792287
967970759
253536319
665870497
651331561
816446382
512704216
748194713
26366724
219735356
89068795
836672958
611772056
957007160
666961697
399745657
335392614
598586281
148077757
587847199
562268147
345002147
797096490
894694551
676937715
475814638
601412630
859777724
556530830
53717621
468858473
743847329
875905015
616822872
152237711
206185761
285583051
636946892
963326451
550542591
133496934
255265529
145840780
691730918
215040037
220271792
73940937
910544429
184712184
389934568
237753997
887129021
807278882
416636772
568259788
453348507
919994665
978576821
473358426
127174329
403988849
534027843
752821451
702359900
7223820
772583951
556914716
410088239
393348384
601759966
235603055
929309274
902215774
287609560
983443473
751495005
158604811
231356627
917786244
474027542
525566467
911303885
642676269
482953458
418490080
139647151
13731596
422062118
35868844
216029122
531177540
213867583
282859353
890177729
32602019
603707575
453480693
228763929
917383676
645618208
884232590
628031485
872022836
260590932
820203961
934667159
2372887
414143809
446700417
384980267
755835880
795057560
629567928
917486548
602155734
944499880
439241384
626848748
566011200
550483804
845173006
711070779
982483392
875571771
661509354
67306143
972062064
783445080
337805693
317264438
320811856
449048040
244153686
164444866
624280460
229824931
925630849
14898233
319701335
160428113
441736083
50833615
826895502
562076824
45434978
387036347
122867753
437106603
707262458
481343580
282145365
690625188
137750012
119155662
433979915
311806281
804543775
188874170
426192121
935157648
374225290
669681463
263706891
565796792
975290928
771872811
789981030
486024219
835135393
89462280
535803925
577053018
41556783
958839032
104268746
631109551
222109333
262030251
432830857
880302757
949138646
292951908
309900315
414956327
397547093
542940055
654001722
327091119
188895701
939850954
176984642
100829182
642972589
52420800
242923711
329462389
628683613
783287406
253341198
460880924
324788421
51034235
896826849
17595093
227773913
712270590
618642873
919093831
925157344
434769056
807502387
68284942
287316919
689682416
279766577
462019696
107337695
47342749
218440419
390776946
722769557
188221787
933242194
918752009
133687815
668575694
192590610
902888653
662598642
180607683
928460790
134138030
556259102
353519987
873912977
60689502
853872075
212712389
604438618
588787460
430323154
689636865
605684248
889295876
958354742
762463516
908577810
294853775
468256735
265640950
848569650
539668966
274279454
548669431
476336992
697580732
854024046
33173899
786397852
247345502
290089779
686559987
466283131
322886330
102888959
795515871
929155134
813885164
710595553
443140343
416756488
73668764
836901624
212290293
187159704
847413737
21717740
888778883
177757952
210891489
595672127
532356837
259762272
769960606
935816486
993550977
789372274
675260274
280557469
807035141
367860824
10212053
30374620
558245777
690796326
976925142
371305783
538882746
634563481
905449879
792367088
311691564
190675914
987322841
804469898
607248818
137429248
837881740
263511232
213519623
822732075
198993912
56254135
111162807
269386593
558195704
266127396
721096817
788615139
595260726
517632948
207489558
856348533
833931385
743010049
644132404
350244723
962827579
231600478
655033018
926714318
15125235
210333771
400611228
541300669
547512738
84729047
495064734
206382272
185588060
136646184
507750455
661937285
487144677
42922570
774106253
683776716
645519949
331187503
385681978
195371878
819273454
197203776
157001744
968245550
136735759
136284537
65565709
904946976
339259826
733434238
863233521
909170313
814187239
674725038
12668182
686176290
589168975
216565552
13485018
934049689
266394495
476831411
958325990
521034003
959416737
41583384
252189900
495480409
662035368
891641929
603471426
110438
988168198
993613243
915057429
717742885
266771535
91684357
793653185
966021628
943006809
809551917
305818441
302875928
636931975
452812965
324905209
676137550
355999920
606840859
753709747
724801516
273227090
742364158
241905016
150823079
696526235
990986560
895050244
488093563
932344642
414612156
853250836
393881281
409021456
788829189
321706061
713737591
150200870
220814566
154173967
159129902
795113407
715425526
727203990
464948280
475842498
202341714
709612570
727821182
737473669
844663034
76777005
594201333
381844635
796009452
651728856
699569979
896957413
767346496
50618609
345083926
937918392
53729480
541460709
194258327
891261634
478568357
344278426
467462193
577700682
694702936
763285767
358213132
336839619
506482733
850305957
208422532
302190401
992544099
649035248
450546162
903569193
79322756
337549614
613752789
399715888
297649002
554618329
733833338
53349172
12943822
175637632
841272540
148067509
93038469
993788042
128189617
329014494
64570191
141956702
379558004
7082454
396347967
831039917
212089522
980112268
826135206
478182173
917174506
436361261
568828558
505482003
765405682
84789488
116767358
817627973
207883067
714193962
776375361
715880688
479431927
824111779
100096564
287321932
586480174
850918035
950131950
915371380
67081239
606275317
605264354
605725530
604337226
150707840
944043474
278118492
583973017
873904948
477636925
482569352
59101140
709646632
743375112
56974193
645422318
786995579
473248243
566426617
510011818
464507514
523911927
578403195
466461611
999759133
846793288
938475930
483035797
979539907
327804670
31908868
163191690
104717909
487945011
129503299
277509907
547532485
550505351
500964799
997519379
63493026
424555775
443668819
567705752
355826889
842809699
981673626
213978259
39491356
547156641
630659879
615894658
225911554
259448167
601351100
379044921
989281489
485485962
41895267
541041687
282503213
525359985
142630920
146000352
720608169
81857524
583219795
377950739
777987497
376466579
315323894
159820007
240628400
420122850
431693868
178464786
384512408
815002144
255656766
299123279
449963323
592398432
337099895
870498467
450559039
145300350
721475651
428894185
994830654
416768856
496714352
965302437
49833955
367066735
648116777
360904477
497220539
261697488
186952134
644561068
481015025
775849249
821704945
200786046
20953722
788831019
85844238
227209513
196913651
115282898
158492582
421202426
511457196
496130203
690230850
579103762
827879969
627916009
416434500
952204478
783544405
258537599
154851814
175199478
69385062
985975978
795941726
315123057
679201164
967718896
356303549
589760433
412714231
376365575
197734711
682986887
450544629
411791461
592224042
100580295
607235358
988349089
44697450
812582854
788734955
159886191
576838834
809435869
283890591
820613367
268349547
211245164
588424938
753116866
819889818
301553219
794290460
583873
136394154
506305160
167972378
496068955
733944389
592910165
552782131
488003101
511162636
804136564
752277843
530436560
268427298
98208762
986790760
563535223
896667583
151605646
939012310
124442931
617317067
227537025
355956936
728615182
600054175
585916844
910636058
71066245
338780679
667821175
484621951
76854553
902140735
996057853
802944769
595787051
704226365
201118213
162516316
612408087
889379711
88311048
669796014
317236921
592070718
268283029
694202251
386033944
424815395
935901413
436474965
249662749
529274677
438184245
503355139
381088378
465108266
461564651
65949296
947996778
908991708
828127627
291245911
657746937
170079298
781288515
260658710
63909652
401866248
515010564
94759905
667368249
437233790
415244542
407197384
734249546
184047872
453320594
267587786
156011363
799664947
662200842
283625855
396495918
574857001
157574011
303769402
1912804
827685899
113019586
743594476
97238068
362458731
125841294
63761837
192530868
829995561
906454305
442962435
468530299
885924740
323364047
871512984
442317402
294958096
589769669
577510449
208658889
590818985
191538107
162537095
381569977
325833303
812245739
720065589
151038498
525646134
464258580
394409625
576947210
782595491
374756929
612893317
913179044
197338278
292509350
310948520
274252822
796043136
132269695
262715757
519193364
90628136
244858183
664473844
148531746
758167672
340997018
305902745
827487034
3675416
286298269
80039250
167864065
648529708
903793936
707639908
711432253
507625699
997828235
149887682
604923664
339777007
102947571
718126883
11947700
384223517
859638307
827209817
458939623
772591710
127820229
890653743
403064351
980680403
494254132
57339245
875296368
142447459
944672705
27787774
180150072
653755391
248996763
152740788
845649466
250955860
926158787
777131482
959978420
176723380
236930368
90733027
212393390
81261466
376241847
187121953
610928677
74198172
851983159
317077034
671899856
784250278
227503020
975307322
307937447
953453166
564288812
499876133
308830758
313614433
708800724
275512724
737325342
709199361
677594403
951032386
232742460
359218252
4876970
373008779
57103142
146972123
61682735
182323398
128391058
40504312
669524970
238093649
988458276
880035335
169210108
400238460
261371593
843362349
70537814
462863655
292543994
24186661
683969571
505253278
967799096
3378518
592245053
770137638
99404707
781945352
738212316
3594349
183272104
147253885
579879973
42103436
14703851
713170980
419422262
205196469
379823225
707431325
79477695
59454285
236172839
620623943
510526415
844553076
249014133
425863188
782535327
824483505
449420389
21252917
138542953
877833436
737777000
889304001
318734627
743057485
793113283
268021308
697071435
799277114
56992281
694596271
325149096
420132413
260848504
556086288
702416078
232677759
292198147
509187034
430050360
782789276
751962025
814710169
98879283
852819595
705047388
854051137
391158486
596391835
873109005
625890588
821904329
61029487
711247521
351891151
612937418
351081810
411638340
776606686
53685986
984633388
421124092
831663127
278984357
399164855
860588938
105787082
490683224
559961095
532112124
854303124
663176240
191804828
290271321
652019203
525646142
76388120
257589747
830650057
895959277
725252592
873655061
436865932
799552922
339113715
591361055
430699689
219128578
531458663
729249663
214766451
565617098
250014737
23791522
895164328
791984916
293090655
435897899
931333734
773333700
750692323
981063365
96518639
131320914
165045748
966791872
444679331
938619074
138835165
974913507
173276226
957750315
749779066
476498049
496488115
205619724
604416102
346325888
822830855
495839142
524559777
297732060
409368150
42674543
356981699
752422410
650967866
698228079
452907279
649041839
225147631
244112720
655021929
712207919
426033757
505273976
64014287
914282649
723513268
134630621
634725251
79161260
392575116
907360615
622758576
806596937
762294216
975905310
53544263
793063329
715644000
500390689
219779383
994618641
94582697
804661108
360571585
387953090
886922681
102356209
787075573
486042866
306632059
516363015
832104557
767226535
178334429
636988456
709482851
504520044
739127279
587779493
383944964
956203017
726474193
671043814
709296022
678208287
794065297
408632097
846340206
457033956
748726718
144108968
459427998
215674749
190248686
207281204
256473771
893030143
239218737
529890545
907398641
534585757
433071094
790862906
251751216
156570553
436507362
479629886
230512780
444976254
128911487
775573680
449382115
84513994
699674958
715123866
979245029
861057323
417887000
839490003
948350024
934766610
310007565
287294380
79897898
602829807
578252586
478246909
911211030
121499657
836085254
962954679
432809962
199284890
535694923
46607948
30720995
849815339
166131706
82573349
370076128
749877686
667505622
892799457
126654776
842840343
529440987
778303516
533107898
258768535
181876992
548124966
35827903
106655168
79376420
968131976
405271553
255869219
336432206
22928967
36088396
196742022
847362325
158619760
958798108
752261216
340672532
121892605
500909460
99400803
691568240
215149160
27958177
282974416
21200407
716071538
458928659
409016193
688006144
51497176
111850406
889539544
621344069
971824900
966455209
57983100
996717400
536740746
387051751
954948050
200123085
616288900
542169425
353138199
24506086
66389945
41657716
704561586
915728274
41535166
478130489
278781428
788090637
383749006
796096107
645055027
895183180
415552536
775555259
412145349
698851029
541859255
755115236
846600504
322132347
128302566
498371255
29309918
709355393
498541192
14860548
935901895
384548206
573358498
45688035
839167973
592846179
954106429
480501519
435424974
59955447
110073500
452942000
581885079
273413760
46864725
914930593
403667568
117879172
196724899
45135496
296125920
956732030
218062696
533471295
277802749
414623752
497859819
596796651
758596403
135487753
175165321
816093768
220884495
526284518
262264505
10202327
591866063
97327865
218244995
37775400
685032911
298972222
738436242
332113895
247724851
330720975
901170427
975478244
970892884
678483256
93071932
661776985
348330013
419876243
587778532
521223358
111446334
13124735
365123271
732469790
801274145
759379620
840679630
39243751
565731622
972648675
785490205
2440681
162056217
178712470
522394481
442892329
411510560
674360668
358018027
648515708
339269803
718341251
689728643
725677808
160339838
510631201
985826313
142118345
749287757
843876366
686212509
938605913
539273585
987667588
281980587
129913655
980734627
536838639
916677401
405959068
429346975
805481026
364798198
459023061
136985027
828998209
185334038
965517556
310439165
678844720
168603944
346824660
642194605
162793329
974180235
644008703
375754029
363729073
263708426
274665474
565685784
877807138
613140978
124483368
132299986
715146097
858648955
382933506
406492330
211203039
995961823
322487786
323778747
764893295
939712833
391106822
3483642
993655768
180309154
549263848
320233150
870846914
636955422
998779384
662307984
142653047
430200899
920988377
673646208
409368121
257438834
341930237
975675690
210479565
996652203
450737803
169504492
85558375
526220476
672892766
388688442
681561115
471487343
605372861
574842363
255326857
340294799
979871205
743608073
653591752
360365529
705390688
158893520
396351674
460833558
150484061
753326708
132604653
226949056
27315227
360839610
515438763
729153653
707304515
480374957
925338333
723352623
916637831
506168865
768565497
780241779
750504333
493760419
935963490
390049800
333998958
986202265
663725211
634962664
437066730
625486560
499592374
254290620
276957839
497708953
186998258
533057588
8319995
739233411
549493347
129267992
708080016
57726583
375473229
766750186
999009791
873253784
393520170
450112657
590653950
485657863
670529438
560613100
282577431
933411799
178935303
789031219
742145903
610183993
371947746
215735158
52648649
304529994
232783156
573914567
946014794
49113341
698648818
207252950
140115658
48735104
322743822
210073583
64521827
570405706
323379591
516640680
168797137
651877414
369817875
80359404
181140212
756362146
389335476
693442858
874684599
829883990
883963971
170203174
286250165
689604310
375865494
117908893
355577172
490473958
882223680
289019399
672730890
860883453
639768954
383180723
828958683
714062504
393724428
162444150
128712717
920766247
38297042
836736889
155412236
892116676
912234281
252946247
403950014
662671006
537377153
732564972
711999085
542382520
338615980
382550335
968825380
102871026
670974531
211618056
869367674
16585864
541292889
400660052
868369410
54694630
18193842
913001789
595811038
739856047
390151743
760839827
456175132
320894694
404115473
483423085
501224885
256842718
719809007
245811711
806518307
646247738
849163949
194746244
822224251
937611556
48484670
347357082
356221877
450372196
610419076
76175426
317567814
42759492
504561074
441583473
687648882
699545834
991884411
883011069
17547304
591301818
793300845
540300610
940504355
357826634
595652186
260620356
207199610
309385132
829808254
576714360
838612324
96596204
427770396
25929741
854812896
415566024
626974009
167023424
918518265
900310760
895278248
857200884
70898112
266176997
883546130
816120804
560653804
63154740
963052383
584984649
574176543
766591663
599004452
113204640
203356414
33134552
324047045
151086025
481901467
419357199
998730638
139492898
475421039
726829925
84864284
703975740
308017289
923692126
631500762
348250755
922985390
106099073
360734523
504681352
525039616
729293422
383894178
838432799
521451753
442113532
54969230
124306649
516121872
264005193
70746261
437169579
904879391
126333128
167992915
897230204
840736493
756342564
370217895
886320414
812342301
290091847
860424252
888305197
360515223
298392890
239023374
401218178
967462127
582372894
383554085
815523012
471549414
229830718
28355494
82181429
691105770
271020062
221839975
605971856
950788050
974014091
136015029
421990107
334290942
127199138
544882720
234291287
827344439
128367404
379126239
359039771
926816627
726350480
588376095
849353794
670595372
816545120
9390440
627375482
56738196
734987619
414742802
551341102
228081934
737701661
44612193
55795721
775650264
3361249
926435979
927407517
405269012
18771722
936268740
902316069
73968532
863697434
969633570
518138847
253121152
940361439
454338885
218770742
13583011
39893259
262373127
817939050
689038643
525712618
19275173
381792929
649367966
405251320
612836182
234910043
836921298
561300285
593939474
189214004
261100702
677611083
815341045
847020943
627669512
150989400
798403640
315621106
792370639
585509047
172153458
35206821
968702248
849048432
760194428
435642701
930052574
328877120
180600814
720973738
356623149
593741864
690047993
245456086
725774955
444828959
518881581
440042770
949858684
137820048
669360716
603410043
326071823
487255115
903945355
455562832
211910245
447058909
584978611
142200491
402566005
157743910
81924412
3110574
78775243
650944040
832443991
95953974
755765873
948121308
374182068
60239707
201836141
267014100
899637616
978795089
588665246
136813562
402735356
908330042
570129656
796296558
79809431
649641040
348187342
965657805
15573848
805657922
638927950
762790482
21859165
110789349
131662745
29129338
147359283
986590251
413034966
425414822
679820259
972202915
71934452
113310704
187916568
244395678
113186340
360164226
670168102
238343107
102345968
607271818
887855106
456709869
135324133
78574527
187897649
944552566
825184900
269380923
730818200
815946252
980021012
457331287
976159624
540137853
422295777
292061771
456995405
769234522
83797979
383367561
781246481
567073134
980960250
54861440
349202541
994934981
837105000
943552917
85019989
839706553
534009704
962023902
236675133
208528872
249481161
615527646
622233880
87714441
577659089
207508923
157925115
287588686
404788700
817280794
432673298
270882059
312088688
541777267
718792871
522854497
78839461
142797323
98991888
221908192
37932159
913314347
27323166
215359259
646484358
87412265
389329512
195916929
133805632
700600131
345186520
438662955
25326820
854916946
749076310
247145400
412523778
353336993
716967392
18889637
928694811
997133082
207196386
280385992
323165435
242253485
485769007
19302929
745047207
937255875
711690196
695684753
868794548
880804237
694438844
107017149
75862434
718049825
114033525
298830398
808488232
3191407
327905999
820869673
164580451
234969817
623804968
184309438
812484562
699850863
317920264
433451229
306269082
583462446
635832246
843343899
61287661
461694249
193953514
254506265
232304136
515693321
386635780
402531852
371359745
351081676
451639287
991307119
622888172
585188165
248842281
454051129
640909404
168703771
623824351
795776755
689723115
898421432
105627202
309086974
950313519
379290885
972512254
162540772
73486650
186044617
520356273
306407755
102669752
986215957
226025678
117404426
408575922
400878615
868935492
908394072
854961612
565771406
17816589
540932389
851838217
860474749
861854309
799821549
586775764
36112085
73835866
931354084
894207505
44824097
176798552
920080461
688045970
788809386
891553106
962800017
357137053
333285790
42366893
629035887
453025566
331928506
441234878
636436440
985850657
871978325
295686773
2673813
444810172
492076901
551759263
194118816
374375903
317217403
504422359
988315873
486601289
878105037
315915519
564274402
579449009
736010657
764001788
540544951
820368628
593972136
460829626
497507657
498109190
958255757
659327356
861591318
691214951
208174020
528043921
559970136
980255291
794081008
84002057
157018040
390079832
445893922
124151869
612657596
688570499
118534090
990013669
711279148
79475254
595570869
83525212
212800218
243132460
101737390
252953396
635700131
952651857
977977698
562690896
575640514
834299417
627902349
921310169
324906642
532723810
769535741
844806819
724097780
60721854
109359666
481177715
913421151
816245595
493930266
820490799
11143558
262090710
469503002
741468694
25875123
493836312
552985013
109811030
239277669
104617691
623336761
602038452
137704204
828562602
23175957
558507287
457434074
934906205
611458472
235390895
763062393
217860454
607410951
756168461
435846431
400494951
261508202
43626502
526519739
391054747
967598013
132143369
178812454
495893581
666413181
387916604
267217815
558840612
960652958
616846379
606013888
96836968
130635158
564360752
526281446
42691512
329052937
551695852
262628621
272365174
705266111
10858134
694809191
170775479
250834098
326815971
192553285
18641028
15355293
162153825
667067103
467690463
746450914
389389708
57573850
665012027
552469108
884642783
796285557
996211106
801686468
454291375
808696582
178461579
16637635
263971238
19078187
962641160
213044329
518170833
244427327
786260778
893774046
236301159
355994079
567098311
402454370
603071347
81833133
806617189
775609878
87117952
321414659
679302160
50128229
447567019
372442433
54833450
389093197
514964689
576677336
84535922
91362423
550115665
232753589
415935318
728053033
255937969
697983690
484969361
859986743
802838156
375628021
34324761
346736266
644411473
64682970
390553920
868819536
628977665
265882205
137236866
231798895
564038305
370296949
577452924
106662432
69040742
628566683
56505314
391189969
600530623
860791490
926803357
937083170
695922311
760797861
160944928
415990996
198891679
572951519
337344698
745004541
595470982
339098218
485622153
504203814
507809849
610077424
350070563
600907243
496346912
185985686
682758375
558065190
650629547
831834675
19862630
760361162
980297489
597006591
846082552
679228941
139925984
682710693
60648006
779469108
165538433
192459280
200439922
201276235
38867216
624914024
662953228
526291235
803182146
169347197
854471990
140344171
661397658
544769519
55398804
588384283
463726721
912896475
217161888
966476749
241094791
767665272
370732000
693859691
282604834
484901077
671554951
583904665
720797857
187521997
562982868
857864121
834731286
719739665
616247685
670948310
543100864
313983567
715340410
861356723
309251414
934014321
681159792
569329643
283232277
819313991
764542762
405904565
859503506
647262179
119485952
510680754
10161056
259315163
91087182
73421313
878240957
907495740
563087850
683861895
270137034
512376027
193504591
526499085
883091349
511053610
977838635
751637095
372264063
480203559
506237936
190302973
986950561
769783946
482131576
655163417
24047846
305107633
631724695
173712001
749910313
450006038
53411136
490327086
275349417
920643597
137722265
242019755
259899178
185802021
306289865
731156918
43529730
770212809
943463741
601121201
331253587
116706683
498416555
322037613
824239838
151661478
132414023
831123487
513112340
643685293
400251840
328649426
961265682
958315597
891867972
150438705
741726091
581280937
797579791
619281171
913017001
220386915
709036113
459833720
588291300
737711271
837077259
254629794
241880894
959168239
999162663
795200476
789575846
153038733
769727956
271634816
716658409
636201179
55824342
849417858
204011958
48911108
11798050
482758772
475987422
916026441
465878839
151184608
545666465
929731871
120252869
40253118
234079751
344829400
333298913
773851625
228639114
195356398
960575576
475606744
451494074
593900010
319939661
598999045
322840582
283482975
436864118
90100393
211748784
733112674
697929671
865178311
288454813
255277195
303717169
847907464
493690897
450631762
395090319
368600763
597100553
27122838
793306813
587747356
536771998
58545629
503785086
288506108
191119409
873422030
867121809
491604450
746486112
800178844
760137017
543350044
298225417
39719766
554896638
248082630
465630237
100905366
239401001
62149412
947793493
827645738
117473598
70063827
15665183
309174622
703654995
355586692
972932807
749339149
137781984
626865006
131453859
309921222
726023688
720383462
982757482
77875670
733965017
796647264
431172128
60946400
737703521
951011489
310286628
754809186
423021074
970034057
370149366
212124956
430711084
899504289
688869795
599749752
277374870
122225713
687570613
891213083
753794666
587405730
150377445
980622151
501639374
122074559
310821797
373248321
602996182
715118078
929808915
218427594
826336435
818363970
338377588
876009973
776156025
435838219
194323853
954645947
110417100
451265098
181370505
285449073
693450985
88259236
953347871
40186518
473079460
347534234
874356444
76425863
762989461
538821321
552602954
686638841
97147369
455353776
171724421
27416435
569205094
356646701
484914348
592988038
516527920
5630937
106880640
610883721
945354639
57944421
369511776
337144300
937103251
46229617
344275305
493033854
665848948
645710169
25536804
480668090
218149344
964405940
291944392
133759571
632433616
601302309
823088667
912106466
946577712
194794767
939491942
828588639
359208687
766801808
933059763
491368268
344313602
919872610
119316089
880710223
89247612
680494648
621685570
925753172
523654612
357830131
176434875
420127980
386015369
290097429
56003604
401344869
428988466
794983588
358709304
905737676
194218753
748607447
341886837
888841775
729618679
250122676
426586688
704287216
80758693
887522354
763628983
173442951
729324973
158867933
938859427
747421810
259273419
252030224
585214336
765579015
392104759
206252382
541102362
182293048
398752520
789881863
306114842
296395841
248138321
91426175
900425131
490453168
220414877
554468940
375091685
191029199
272090127
834561507
106097787
568219501
402031991
446545251
940282934
174529098
327522967
149721814
33831606
818754466
275126926
750827486
489137207
843780586
163072452
262570952
806294509
973001576
354445425
90462565
108637958
647939737
39559281
350060189
831949689
351595720
536868652
818803654
369651578
531102432
686983424
126345795
587974818
108501618
860567273
166278119
439775765
108433768
10236111
995554340
419725185
432030590
351220925
992037900
673130418
24937353
261386842
611094670
6330839
545105064
974490555
725794944
55214500
759168781
603792713
136952335
131033377
202118362
276629984
159997114
917268873
333676700
286191113
260501327
696308219
254275436
545122345
133425738
600505543
962130574
902259894
671518923
915657705
782007076
160987975
649071902
516855775
369689143
868949893
163049791
755596401
638427876
881368385
160286065
728364093
148025092
786926938
301497267
716480362
849255218
953616052
104416931
788836374
814204558
447919980
870976873
167110278
838307241
248810858
211840573
860456510
433967803
72832352
332401937
12638614
988951248
147401133
202474288
328780742
594478969
905238032
189523463
820262881
119298333
220677283
511991918
52146982
412203622
112116736
13867762
858829724
512566789
481836346
899832441
821197814
474519092
295341171
662937841
393954839
446109266
713459895
872230883
289799906
99986263
96488985
526468855
113924688
965767008
89714422
638921964
264886672
581065477
114769117
875876248
747119699
946271966
8505085
746357403
517304901
444449087
802912121
595293311
812156610
761208561
180437004
741434347
763534250
329341262
588724675
826580038
48783326
205752319
679954297
209035441
847302784
874557647
379434251
396799575
60760653
27059444
294679104
50121696
762179956
880756563
998159846
479361949
288092858
946463329
430920065
293141054
410115494
869447249
831137851
582683923
269120351
137881184
924287383
439612428
339995871
669184277
903302793
798089100
921793388
320328298
73908799
28356701
82500940
394629909
219679559
83693270
705384056
29392638
163006913
661531349
831038386
864232492
770003494
327809196
501385858
232348959
341460408
424227940
604433850
843330592
31653291
730446543
240737741
310267172
664401643
39281251
113557413
272415645
154750561
814498567
629761618
153163680
857203059
104170391
539889388
486478813
497617729
186540972
625563726
384682146
898029468
217669581
492813472
696420210
236436111
197109171
872714162
332939183
680491906
392900612
93095893
355272858
962381082
257593400
765076539
636406718
403299726
905414636
780985275
997554582
968970813
256803003
910918701
616617769
367264423
826228467
529787182
19011226
420817352
657569027
199113515
632805890
944478711
167043509
334378558
802242380
471140052
256600490
142225415
742219201
82868963
338792509
280135782
277563984
261302422
27147696
802116371
302334706
302893981
17502665
996208787
748368593
918059163
218354123
730174534
710765409
839485000
280000515
211775336
592137079
614907269
337254867
993410105
635152053
725363902
734481144
727314221
100673290
935450041
682006691
418405449
999062860
211618043
671129459
934193795
951261993
704107875
154840145
873116108
879542855
633770157
529624332
556433313
931498739
1775878
58900006
129776908
800165994
928660267
336289721
564365901
792039264
525442719
274551704
914019348
405654911
270699389
961363786
67656774
676024569
309131245
127918892
844761610
195202275
244547592
26059694
938982050
490593486
357987075
893661925
98813651
30123675
949445928
349770106
774659167
793967835
568126084
290690128
655045656
898576346
684964826
247698594
788422134
624735016
822677907
514767939
923904704
364627661
496896106
667527796
249978854
554056206
831513222
737422759
182151903
391194194
922001527
9505658
607653330
844752698
415569390
599106215
608412045
195837472
157805753
944178167
250172456
754014051
539664908
698717546
734596356
711915873
926323598
681829526
365023325
622009519
531633950
288321744
271601501
62588055
334905281
690078633
365047123
913122513
575104146
943556128
994503714
745509004
235356773
262757557
98634514
567173344
125942925
125746780
125885966
586093371
117219947
214571192
992848621
719825283
664711974
836344232
248418064
80370231
100557717
490624965
549905395
519929362
858627164
773554357
328376930
472026871
815308131
662191898
850290225
598766744
490964715
7130413
416854001
867223888
988283198
720914894
264655434
911333445
385791314
157144604
362463416
287262710
185061005
437631027
113911980
901003128
28411795
266673833
624261923
757357296
699893745
14611849
569868460
943218090
659705062
578894940
202739237
851664522
836131566
496606238
288469283
204395888
362139679
234279822
310016865
683688991
417897016
990063955
309799098
121166858
803991123
138820125
507365518
467771023
8483595
526858015
196608922
480525553
161977592
296274009
974107597
303231482
161724698
154550435
853864705
352794363
105807361
45320618
783842515
204476744
333205647
172121064
235267826
521333309
649189171
194614010
378633581
865083722
431311369
633713518
571303742
178525926
466180906
386153074
310040149
575094107
666077853
390268703
909512806
500621654
732889458
903098494
421602958
190429531
62470324
300860741
814736769
88391317
941126441
749607289
794062869
962536696
904100195
256877861
245148064
934413571
996943297
618614213
987969478
933132904
818468291
994188920
591509413
817099263
658714643
871519830
740203669
888961141
201827017
952506002
167562706
72604604
354449446
863120763
479416748
601468034
997696103
711851939
264129942
761408161
102684811
313669962
9996674
591968007
635681021
441292860
247551899
893768506
144188992
77598087
761479678
995571905
971851970
137402784
505172253
906609569
993287069
836557543
84822148
140067791
827002459
671898144
698533854
236721221
699006825
109025442
687490170
303296646
877352439
887899633
565228683
318091056
204656289
518230963
377328302
722286610
20693209
241480478
85631532
274005164
372372449
412302811
717516639
498685962
329573324
606324943
946454902
204086959
882838666
389193582
696420626
969890190
278856192
329456845
49338217
39854114
484969197
844513543
826982316
667109747
221095384
22887663
890482772
595899984
601100053
538761895
116237766
811633951
137633041
423010097
467204444
906318861
184257763
823537985
340684716
883678061
523122354
461827637
170396771
169428798
894278138
532015646
481108225
589230882
425347994
16962547
413349817
223278732
796525499
296551391
812667448
278459477
145702864
823026852
41331919
624620481
829209313
451999580
613475167
355429536
637185844
502790692
188384461
313886667
209758046
146676251
174490098
978866672
937899519
841526059
614048757
162409617
872308904
373195836
498744262
902215066
468270680
737506521
685686598
546632740
864894714
653934969
128106505
335743292
988422565
694750696
89904090
718878888
677255548
980731535
647295629
284958598
881039501
213100271
190173932
272246857
973343306
391268977
619190172
730970012
849552761
802214552
167900758
5141201
430310622
917297373
627339360
827717536
796375292
38939133
987917294
801899833
488137829
850250697
731915090
155131897
867080759
452975736
772495732
631074089
158133916
118217693
237759220
606052880
301254844
448489336
683176705
798873377
664615878
225692269
560128882
818653067
586647747
948684332
416917858
990739992
276380936
117431941
70952070
978098069
292202880
388584534
71011357
39320403
668168289
961985061
77098868
600657919
988957652
84550253
350196270
544145634
840841275
954612540
984512606
785967610
423324860
100308025
549317944
499740232
250897235
57019577
874336587
782029680
261216406
362218925
803451961
751985749
55131024
524988858
208778518
736834059
248261423
920922426
45108118
445395974
471625782
600905382
468246829
460699386
55229222
160695632
77178383
425208017
293030804
560039041
962346603
606281182
368912086
23625131
979985318
599059818
437278673
924372873
313343144
951544739
68067311
704033111
151028762
987158394
379726480
706833218
854561485
948814267
707351901
990100763
786237229
56909564
388655180
544036430
481895129
878892880
772752981
111209100
301121612
281096452
593408087
985667372
143257674
813174880
365522063
769115968
334487972
75236880
344244083
650201234
143009367
238370402
577031815
171504853
866812133
776970199
615824272
117911104
554385484
926183119
356100612
866037161
631526331
957197400
554690054
758433453
60911842
377342888
879515273
879974666
599342997
613203929
727261499
790534151
518695075
853516329
477123601
868962400
914400405
172993585
415949502
325226938
976785622
114071851
554226445
183326759
738069698
926475036
643046692
742385333
396750032
707377350
399050774
588176802
877011487
107102945
396982640
151523039
266909448
551988029
97349537
390642684
22049315
691084835
691859667
378702583
945701026
898878856
337264146
739724774
271850951
358732041
231606875
218358935
57259759
73336648
451892266
631056635
929079688
283435942
435733822
786288513
736539757
807006545
262737188
631639391
308534112
45475899
982479132
302414285
136780795
598542902
142465552
707420072
5035932
77741018
464686756
856630657
253033811
443870608
416930379
561872610
688719060
14351311
865041868
41374923
19555315
886326987
162539159
885741275
855583413
379723183
975532779
471632669
593100081
109542512
401414886
444071899
424064736
838829004
957950471
52505571
385501908
26860936
23581762
193015303
563782695
469160772
952337023
615737728
553525090
720324949
907532116
772788170
578950433
739328724
266591896
52028328
369542890
678502291
818134400
732023466
307228255
786842212
132156795
688308325
882101820
829238841
647016246
113652727
936858928
740275105
760310910
891288768
569745721
870630487
851184755
805586897
550827651
792365530
778833867
440582918
996124148
315751202
35136200
547517782
704777572
929179630
946213190
731327451
465909361
303860092
435520252
628536920
774178243
142582802
156076348
368598273
207384124
266083734
2593030
675820157
895377545
64377265
668685205
536691712
600766128
815920754
309565610
448114458
14776699
36846804
534870545
681193083
599353046
692119840
58056192
517802979
321623878
408983604
593117202
176478445
590330059
808337912
323405721
982585566
288226808
689966345
193091955
906511794
270726127
800443192
39842987
792542393
920712298
425174018
121070694
396167768
369702994
607077920
160332332
783175810
73042640
466771320
408392934
554444018
851843003
933317901
873084479
784002222
57961710
586208809
840545835
574342938
289632237
217788379
80180586
933442401
120529357
721297961
811046450
607015535
928616018
162227862
853052108
566261298
216087759
445143455
858865865
690961176
613916538
93804694
871677425
738344769
573884524
160847166
969788210
740552345
922676800
935356872
335701523
828301365
732238281
483291283
564899667
875768792
89206992
943504474
518776909
958900618
811567510
43437460
154328751
936101388
970061227
235194294
834852947
285932784
803744725
479162731
205970133
259237474
33117684
851266633
591013091
60914803
262803637
372444141
485507625
343175636
897281721
531054042
98382238
40407383
869764593
98265385
889903854
724293826
288297586
841688382
175789098
494159399
675870627
571006906
483801800
809419304
854363451
648068908
66550508
882089016
487255448
557661503
681557016
352674315
104245096
59991013
196908572
429206300
121279384
616602794
853200293
71307410
969661841
804426731
623845101
189669941
907948664
848389112
966033334
97856882
372818039
813939516
738166413
615848094
557785870
849169312
90212306
830639347
556337618
77997281
139315139
714609820
470346988
225309231
792992373
833822489
725912870
976295993
310817497
293274289
846402909
221126117
682625300
360219936
810353307
88154490
328293974
283505250
52334704
760129692
829215592
946169307
787954952
469502417
171050202
156682936
767836256
812321301
707047580
303941352
605125044
185430024
371674429
516148239
734805244
991972632
440334065
784207845
281049130
283309550
937969277
396447640
813638051
337090742
633308789
957193286
596432842
931950065
977198915
437374985
805670612
859932729
129531638
193463178
308999241
27197244
450590620
90240397
663467230
777830966
17143549
70439375
628735188
553991080
644646469
755206585
84632313
273562825
456325520
365069898
283255318
600657972
481868155
750597325
523331780
410382208
822938521
599038641
169572520
37967565
207464538
932242267
310021544
436195480
956090798
911688257
292002302
382421849
821368601
878558160
988155138
164003992
924165694
964916082
108122630
117315955
940884081
798033627
44339939
795845277
215330852
808061091
507854398
154569572
751037150
854931269
392081855
164121659
951381576
137842536
215951600
912555260
540661442
250216610
354899504
467614225
816224980
139887809
447664361
860329407
25512406
875947905
351058241
326705859
286681069
866281089
792588813
163071974
603790801
338385364
179499782
230391211
131776279
423657992
121749795
952366591
92175368
671771
395353342
384373767
728647116
883926226
371972679
383752234
449671072
129284081
957998451
86879843
113550223
798790419
240905669
205384900
912474421
887792966
995909710
119654801
645775321
80849355
159851849
726915167
880700435
592274124
489284989
727207830
355769598
11114710
632239205
665465935
866613453
605088299
556692096
544540159
359793655
750083594
67811038
710798564
814353007
261829561
512474754
999687156
402233045
46798022
832244488
650414173
698301173
866308221
134740848
767656166
805334889
379525929
396296288
315477767
269520919
226148779
536023959
943755596
245907534
630554451
78117010
688777935
27181890
134863221
474357850
58012456
41596677
487497258
140834890
616182768
743253832
441837543
399716489
585144888
374129797
103086470
878565003
653388247
501200154
590156091
1702394
342996913
419796154
520977541
242523671
988047329
360110226
414344426
593856075
421664353
646118744
91722870
275012749
373313871
931971875
328015290
391413367
360380891
509000754
964526735
962828112
624831723
674473007
336097422
414668272
968043225
774970806
691912871
415356085
266258337
760511060
640094305
618778377
394955940
181278729
120740829
91788423
924601950
961889633
358772086
970562156
154049775
672672905
850159440
172875558
875202493
191884859
549736204
44467703
815688769
603972855
398844086
356612561
444967062
827115796
352907615
931847187
258644635
743646469
365287550
35465070
945729454
717221677
411162436
578693560
904547285
164941681
288547871
583993226
359295027
195571224
585943297
11848651
91629720
770428295
884322997
877595730
695476520
718109328
37281345
174608460
30741413
223735746
250129667
879133098
171466545
162370533
456142460
213361191
33817106
103985617
12927582
380734540
586683647
634541944
979309161
320061912
507249553
402590972
446467049
464921821
563562462
561443905
717726797
315044382
207405738
745466828
396371389
602115539
858491778
824387506
30301974
429276420
353242925
138900720
438289183
338141880
552655347
60745238
313525421
204246226
585202422
978986409
541083995
6780793
635880033
846839306
672964420
377758698
650844104
145467124
187955074
536381796
614113675
877087715
901472155
526908792
130073187
924688768
853447690
980397921
198780831
828647470
571458758
612438669
213171354
756223210
950764383
110365265
612471170
153501506
354456000
693985547
8468951
670316852
482264546
434272955
997162926
29134115
9340500
187271129
709733031
215307338
304288314
665359058
707339426
189608661
446814878
79842821
235302034
830274647
865724797
220985594
820991754
747075853
72210545
371302221
707352923
261931896
71170418
581426564
783745115
397778332
443787474
885351448
820170281
914615269
639333997
362539390
308341480
66663634
867583166
923089363
642114834
226918482
36044404
497418378
872609329
1527171
721932269
511014449
97320006
833505170
784254970
529713104
511136484
498284913
469536229
562003122
98296865
954956066
531792793
250587921
199617829
966295493
340759651
99881725
722310747
861694440
374960260
746239563
262636421
691957084
503782877
120712533
970159505
333652579
31254090
576900767
810060347
613455097
478063059
595313152
838396210
50270993
675194992
595113635
197023572
391421048
385531664
308563169
706435212
799278164
682896516
686138429
422802084
371424609
686014006
416947261
160565153
919620954
859743204
530296505
522044378
861426080
540599547
364741647
787529190
544922985
251589404
144004744
960983188
444853549
632829882
843223641
488032672
151138219
280747208
340050026
541348492
379625590
593110365
115920158
811302027
659159288
330728962
733265222
727553040
412481052
795566635
208529792
935202512
859221490
13328905
256111296
984623085
263091449
784145258
509091174
497042383
317013098
933902085
701899942
335299587
666493963
211787386
363606281
584429040
476050021
143775480
601684058
177425824
714107245
503355766
44076358
680372281
539108849
441518033
360297114
761407183
141902572
720625316
373639670
281255218
777513373
760729094
84179338
97588527
648630700
516529598
802965771
759649351
102347137
667250179
945306944
173740574
400413318
937732034
919664308
156901270
288970363
220498650
178631214
788271208
584092430
701838418
81421806
547138068
423275564
994049584
798933276
879179575
364101384
597977119
64112575
919086049
211525146
901940904
102421548
964922992
246084612
509107359
214038351
53686894
156836023
91642401
598661577
249569851
268257747
502898444
817942763
989218382
4072649
31894278
848937983
809518100
654131742
966028871
786480910
538558497
848069521
799066367
359233272
302898669
635628712
765535892
191708852
17338238
834323907
688649990
595553399
577085696
680352039
840848114
182081432
581461878
858161004
50793941
463557062
456299237
193188888
205308717
968762669
220773029
119706218
538743869
282222371
131899281
651146199
828187713
96875668
181603064
854552890
50061193
512364951
810790840
399322934
113247086
380168107
846026942
409231993
64222071
596693303
318745701
450013775
224154168
399017585
289887898
487354826
894245953
64440222
472403917
73937442
355840268
333691303
464782802
935901624
741614968
974987089
781475000
711351165
600057956
740298545
649079881
255312845
159962296
394007648
572766155
194274053
478745911
964923950
945882927
817649857
224305367
481482739
68655689
641196704
913741953
892989252
282663188
685870110
13809545
86549000
869466905
723485455
99031830
287572658
770265013
315602842
242007649
496899456
188203399
815297710
690967759
308068579
568805502
461602661
822308350
212331535
395148010
461276961
580903024
719737445
688346644
643511989
19265686
758237967
470428357
901783909
372134360
440437319
705039310
47334796
222229374
395873655
428030132
804562772
412910510
36533339
873400693
501418112
643482447
10679290
556896125
605197441
952864242
836924387
953924553
714829495
604295694
379057830
852666411
713507014
493106270
918147853
578750724
159056236
175609609
416585489
89368386
422095010
640487125
935623580
311143929
524040569
262554813
464089838
125363707
202427954
16005386
351859970
614656749
852278645
776721540
162788001
535228438
493144665
277634011
23675286
723063813
443709363
468703686
681474287
573560472
625565151
957085122
745354116
658281541
983822568
26870542
671576912
732338853
385808348
702393756
374594259
670932732
790208742
322796787
770823692
666500385
278673391
998908931
992798213
974085675
836492108
388608541
218090915
594123427
590444572
460490682
759254408
433406142
540284741
244133718
884048474
901801451
697465870
736501172
47554610
113493957
728496267
216466196
714258204
592218869
727246083
163024021
280742786
382848602
990501200
147112232
679905825
344784
53952398
171614903
971050459
94408151
285821254
90028213
132639792
368868166
677203838
587564862
906841664
519363419
858255961
608228832
339013849
91686923
336669091
656760792
579541305
588466334
92758345
317845703
221779873
899411232
341908384
872307860
38621232
484626250
157158814
734147451
341648091
853323397
840728501
577299808
671671947
960612304
833802756
999689031
280200024
502272079
129010368
735911880
806141092
988122450
743058444
718717711
530568358
336539402
516949242
794272504
541044080
59232126
885856971
333672816
487061160
794821672
586075045
745369717
684733490
659607454
545184568
913253525
648467544
707774006
289840602
639111785
883353067
228435557
813121769
753920999
962525326
455346726
720928104
127789575
670389820
158718682
274350002
977396667
920397697
979316776
271094441
722282656
954064193
192105007
124957220
359297599
57579996
395468221
512972095
35340004
898130129
938657099
882368051
274689050
628337783
254979694
188881036
965329244
572430639
142440523
393951596
654159238
826600793
951485940
392470189
924626257
842303111
713252684
32484780
262412810
892702377
477587685
443338043
550796615
215640603
568714173
655385183
446744137
779723415
52910309
89220878
959430750
628424393
79679918
124137484
107725949
548974191
668536318
479789485
250099432
968098052
469478956
739908098
579982286
400675603
927214954
92284736
832310291
962865099
664631676
816218010
639601397
29059540
261708330
601725701
611709342
843981776
938650469
489520832
564139450
216445806
302306454
347940577
133539577
52416561
575878965
578786845
374178550
969704924
820417600
737344457
786331069
87445893
735156439
784519362
867549431
34585488
133530703
576738351
821043876
772791834
414143417
576345865
604511071
316084433
64896672
373561819
272472592
754708710
690939587
156179004
894935948
478431053
473795726
653013917
300036329
912174136
295583833
420360015
444097374
794763165
594549687
660601534
482377124
315293994
590154154
463829455
894480524
783434242
123697863
69703364
41694984
620969584
146958726
643086486
444427302
971688719
577486450
324085422
827512992
566878927
153787649
196470025
471236289
722388559
40775320
479825607
159054317
664594496
364970910
666696163
27792801
681249341
188102939
885944188
651277491
860211375
140981123
401659986
104571526
141960037
960026856
367847
10349017
58012716
385434338
309828692
128797919
844524381
101004278
496281996
591219567
152336268
389563253
375340361
971206862
190664971
288923457
963866521
220190294
693172627
863998883
447825359
292678833
880848064
224851787
340962475
657950938
303321225
952419657
317236568
674989104
391238463
447739565
2684730
344840938
918793407
573997527
715294786
250609592
398718236
613249268
827602901
706819017
539656853
799105676
380763922
123105854
759872811
78317059
982914414
438094094
870288657
744053723
263013242
742627345
9123913
818295991
730863786
367437026
113153233
634996482
80548443
104593675
560337318
944773410
86763955
990002616
463051624
491914687
688510803
47654074
815857077
380676614
677033053
977556692
532770231
433380797
944309734
718927878
791695695
566043855
430863200
281175121
68856574
827778182
137660118
325598194
704460090
963976718
379728251
763677087
274022041
816981855
453975874
510838811
772155747
152012667
909640598
125069112
101713165
768795007
581595773
927215604
689378141
431724583
850981320
82365637
812887231
725000347
275907859
503219278
23225662
460839366
744592776
303095512
218590141
776885745
475349318
486281757
666452213
977585202
663418170
989255255
528810469
510699710
746965062
765068083
8305325
681277134
189765093
606341497
653305992
98571915
661174892
434479264
286504037
610740407
806903238
452678961
930501491
943004355
916221985
574647400
797358287
714958135
815788051
829862258
442231034
183053935
2984443
358385226
132110054
475008337
356002727
634969437
990749743
680384560
165691977
222284950
257944437
555469682
56627282
307909270
633367645
107452022
294398704
467630104
889909964
393542341
709251967
658507834
990160001
990319527
720778210
387464339
482282338
29024250
700976507
264371471
852535576
751307592
679235887
814479603
151878826
760480660
760406479
335881779
204805451
290614559
504225519
448116304
709889090
669307635
720860624
730268179
357823567
275543677
260968157
175155108
363748314
73235794
933493331
548883572
775991244
835632196
466471195
484200722
26658859
385280212
965030218
981286808
922584517
406961174
737758396
509918642
114094146
189224775
516615937
961542543
32085587
672301407
426190827
124382899
465366005
885454758
796271965
476951678
329158999
883330523
576465069
62963441
753331229
839197524
227831819
39624195
788247806
309868503
428301614
745761654
37874517
273504830
918142876
673129043
309147899
361249265
894652750
22562059
635724772
80276985
101152307
549883010
538625246
724585116
961529612
107631378
148026562
655673934
159885202
243214980
646646952
503117743
188777267
120193657
205214758
680476697
227399684
260020083
374476649
165297239
487344374
410848769
59029545
138401688
995509785
942479402
583778471
955374584
801731083
814679980
678767280
292153932
892201288
764956719
887909836
147146344
944866469
442828499
937822961
412774235
664248545
290900696
559304439
3802896
593657567
826066827
143965938
860470716
402865620
858941804
295880702
290932238
6804176
355455733
738750794
544103915
841529579
303594721
609862487
616595320
771339967
201557150
404960327
247555307
894783653
437112486
22240509
601763232
853879113
22374358
678147417
348736796
806437572
799737937
237620867
509176413
134807354
318862192
827318567
880704197
885046165
160609260
272911290
294206505
156405550
979450054
350036843
579959821
496156712
585375665
892613441
813721798
989925489
189654589
187450715
528464898
528179724
32331220
746103010
181984644
710629758
607022284
865671379
964163696
460158603
422847890
75805437
780489330
531993465
462441965
102997901
193357457
470443905
892788678
958236817
590033902
944334570
28223549
242850374
720795616
708410071
637686688
861079537
152927381
110983430
483362383
74015934
745192309
649220933
434972279
175842512
640565714
979769648
478227493
102329541
941761234
315909546
650406674
669328650
990643884
648666783
985559382
350869785
439411855
904165837
881075553
275034212
587437499
489601102
923856308
502928337
962032575
981594641
332490393
694362384
762696651
379425451
285699574
495461685
31225313
542153533
147899567
604337075
804547717
901483059
457135708
688348689
535714376
891844915
39907763
713406934
246290248
576187453
154177566
562096388
801413347
100572435
399028682
621110626
796889015
323159714
109186024
433824325
184272574
227629587
984373215
139366529
158326779
798716613
760426406
840812449
566468322
428896296
850829890
68679073
670545226
787773873
853151037
500082690
790902845
944799442
596699492
360657836
263422941
843750770
35871554
354755349
349460099
613403799
979742263
802331383
452672607
347242471
209297788
953087107
262513840
395452640
355444265
666887663
457134156
618150710
370889622
47966891
515913635
424741507
218772013
23697264
50996114
785580157
583033300
547643231
924055096
174071305
277345887
838656978
345333140
838927128
44129709
422046678
832949897
660849051
261721679
465899086
412728480
409581727
191228410
190517005
801246498
18965881
728777423
779808310
197354638
242158928
978194406
964951521
564117256
27788247
635256824
772782372
416466282
286582820
673807716
561854664
369922177
286850524
416022948
27318361
410737912
209792748
673076858
812689674
46280821
113518348
205030147
12602600
484152226
977642962
932253988
815094316
532587336
925591567
28488608
673535586
524425002
337828851
503623360
830101158
248857417
352937661
774367140
271941568
772050276
546735983
195944072
24560741
869807396
748087787
675431814
898467722
15985017
507678757
315812616
925131637
408907534
43705725
129498227
830962409
195697986
816927639
197690064
522220504
687684576
870124423
942916050
286178676
595780894
983853830
19829827
751459505
742923708
225470939
321358010
684314376
621060749
967819567
318262990
859663145
706892499
837071791
737009532
207951008
549177810
461582741
968081739
625865547
529924979
345671759
365751710
485267565
504134460
638038490
260095367
38612000
609259338
377232820
709636340
175019714
561778302
497198254
644182481
25240922
969569430
74610238
308752552
789459499
74725728
865559697
998707689
283950535
146040203
544796102
392048026
865937986
142196415
807791423
93163979
19907812
664059855
156559503
739905205
782840963
268694908
16545071
811936773
351549221
962724510
231185668
904387748
432762553
605061332
150061125
773233177
330460246
457964435
996720224
567586125
863047849
800896944
593052036
758628813
183280480
791312243
617283345
950886319
873953897
2092269
422674944
214254954
741250694
969140018
534530324
22703807
574409829
651446545
476230642
391838594
637776583
237495607
529211927
239664609
11327488
156369000
43847681
906117840
292463682
254666878
630065887
374340617
941558195
540149447
442850190
778507334
304926079
77338890
588502635
120406127
701620473
442391075
76586569
220421561
465059499
709360890
478114835
614991527
890244162
192114327
968114415
52735768
973021317
147143132
112536564
29385651
138274891
754725285
497757518
906415000
29203255
786339499
59761807
846660112
574341245
141033523
445527193
397356129
563867051
152268179
80442594
95461439
306941502
51024372
735975254
296375651
270304880
674431524
955754082
113119665
373741643
561946236
184255280
308700714
834920937
22584450
897798383
846736740
472301152
689221944
796628329
246322925
600576192
45979304
384895716
880605650
87154297
487469823
570295127
167556655
594731441
784285535
442364438
954510160
669284105
327120634
96588854
227747796
502623496
219354409
164234377
323218349
69138640
902968988
758932691
899142627
306863405
239798166
222515789
684321931
10078000
807408160
917185131
441899959
88301985
5371904
441250706
276349612
46089134
836204102
492750841
830018033
303333730
677229832
251528775
757966276
709607788
489257475
598069226
754708364
716164320
475811825
146759836
869025377
560308862
68979517
122278810
772818696
43053369
26131164
766966786
560139275
246448118
126227608
413484783
512096522
71214735
433201541
413757064
711141199
257425226
732043968
312288351
896966484
914546480
293324666
7736140
855092548
396385489
482743231
23019653
770597102
715353299
678265353
829619814
478295431
622254536
406691155
630175271
671330300
539146765
215642933
512791864
637326259
310356414
882408051
509217494
565381462
627250342
634090770
884865951
719928081
855113909
712277620
6600149
52009863
487182574
990164516
294302638
288268805
735324922
825241371
274690699
720446482
845833898
574753825
844495861
556049171
782226144
582019305
348990932
832731610
929586143
299613000
138027773
308877071
123955451
748096794
579815892
795994388
71405365
991819331
799716290
328959233
747328247
32433236
900370741
621826519
802975787
639585385
618902954
768895258
810835362
205036241
721036970
339273293
67638816
484874489
756481188
128167335
87253655
169171745
65255368
881674881
669940169
667293500
874376393
144349996
144205642
328728103
77848899
691579497
862793900
300966091
996961302
69713904
389521716
404834291
502881210
943056567
43317528
157378869
224941505
745079436
750887379
322999074
414672722
469865225
987377275
508405389
21589102
474679764
499945790
952704217
32918431
442024808
796752720
657310391
165995039
855020762
153802192
622224561
897494270
103991199
237215309
364752581
390854594
427156966
924713099
972897179
676457890
162450851
950356913
385394569
976542691
184166886
184884181
467454352
508437813
273991408
875507944
466542032
212134935
376915768
924835326
471887392
352337070
24103274
542168801
993060328
456713837
274254853
816326549
603192630
702267648
480891697
843135883
142794616
520551409
692955215
921133552
734391149
719108217
432374523
238043702
553872622
135227825
720024446
740814559
125431213
656706633
558828967
118924963
658004261
139118902
606998338
9985537
310779779
945437059
620480597
524076254
116865533
455759294
674404456
625610237
654260271
309438097
776569930
737169267
822535937
702447788
129251444
973609870
924486898
569429511
390359688
889826833
313175494
416112196
569502429
700644887
121304475
19452085
237130750
703699150
641994221
243013908
99819242
680480250
111491370
935849217
289496902
484360091
308005857
36713182
646900630
532533921
61737797
216132540
958358307
762000371
630468914
721344629
413874791
211631911
93393947
449301370
433381267
429780962
533016479
580347067
26583707
314065182
315708094
390762820
565211507
635188559
802942765
348230172
729139075
424156233
358246202
934501166
658279716
824383169
310825805
691207893
9830428
866751147
46890052
972085690
442446649
140180380
823705365
901290998
404782598
665404411
9682790
233892000
150196549
354041965
409811841
653903418
713180011
284487717
903037450
130741002
855446007
412439348
583185752
756571234
575816050
929412368
77245652
452842274
601702052
481025239
948278163
470815898
661113081
352190383
996811149
347470914
870569776
543133207
38044939
242803156
7020743
377082023
210687065
830578720
54138398
627363717
713721370
397047956
469502351
165253275
113071776
671316301
167865651
933671138
392507574
496609782
361978139
99242373
6548108
245720412
777549120
259990820
480478850
82059440
487262359
514838235
963321806
771677714
549751732
39300534
455620987
971570103
283733323
849989118
267665786
145163092
980441152
125149736
114236627
569490533
525847107
869955957
568364856
536282217
302986932
610006173
125317044
988437776
329034339
542396721
924619062
615927261
236855688
363520847
174604366
1450527
212446200
103645275
708780853
228508743
378345187
347193598
323221545
895393643
116179407
734728945
267410801
171988310
90491390
27438042
128325747
975832297
478687394
710581912
900857376
385591701
91395843
991193255
755080621
866405276
602970997
643797991
657150707
657731140
110287728
336336359
838889753
700979636
2745793
738291191
76741353
354875934
28725505
666494985
729444928
66060259
700798087
958083677
773047568
829350901
997887308
122124693
123186502
952335833
633888362
800087675
616625524
616265039
782523316
304300325
297229100
452179097
420160050
115729870
828781582
70323206
623659021
45833074
102647107
865761857
953672667
535470089
69970852
261953065
439226645
683996414
390006407
316484886
919404206
509483069
674228970
833703998
687051816
540589809
718810211
338452381
328513413
390897010
545643935
115137656
348218427
3247675
562135024
281608300
819700840
320215488
163931603
346986592
167499720
544365308
218205255
800219082
264375202
647596567
683106422
274285343
763873758
208863164
282523283
30563876
905322943
173909968
529287954
735474026
240430387
66398568
440751730
662260208
611365527
488427317
130670671
812311581
365750235
720698525
998343902
382848866
375370712
915015536
958525922
143210887
826214303
398934568
314257656
580286483
491813859
692699649
992131152
917220641
935972111
479227447
838557589
620365615
614380863
790429893
10139625
532957055
79299566
632493280
515557575
534251393
181505837
188085836
560559997
969746421
651503424
572952702
886065145
828364871
283468699
253563665
124641729
482073228
501198045
870238085
861377398
191812198
929476693
890645345
548563960
887146846
425174108
369981900
937893443
836644978
631058461
664860027
659398346
886994257
111714625
48008272
745433677
395536246
136059795
625140345
239284491
432748121
873262783
678572737
302865864
842386053
62691602
874913568
415207975
873236277
499421874
373726157
419973616
867419561
629807188
830097126
548110518
614870094
819816206
917906625
246568769
252578591
699561995
865636746
945732083
6727500
882053672
194804592
693743823
381608267
62978540
417992986
806643655
559108678
684150377
214929412
492702639
449023651
451369778
669522091
655951781
632586781
452428293
6937979
718707410
850820702
548995523
859052325
922236509
428546646
527918758
253735122
28906858
343323410
678741215
459583479
221745779
912618851
284492632
110591146
432779784
854480510
279044250
988401848
781421052
527034876
931897390
771599276
135469749
427237097
209367729
752299022
494136181
414644408
487613891
742444002
895744460
391566107
966590789
458669026
774276381
927184392
647575472
810281656
294410317
138819125
407795747
930920062
198941976
147192728
538157106
614117862
344555613
97213220
631821855
328188235
180411731
90445296
644896069
503610251
151019825
263855024
445672473
498629894
672685325
708238670
11124116
888469048
796416983
373595985
353044286
824824819
620763710
920936894
861133381
598323711
339136248
160430899
265411381
986123714
142660067
51455205
510281030
665260103
785970718
78955294
434834300
280819798
839919004
679788454
184929871
932846023
848923678
431064164
22340869
553708568
301714683
459582226
413125449
951052655
870173608
851073307
151712049
730285383
804134726
647836
601733071
175291824
172636621
934857853
183570114
738430039
740632437
405772499
434778210
544276442
240278840
874172976
640990528
638072805
948752938
329012483
828655647
719632197
808979166
165449560
533459698
772130623
948541584
640147799
416490900
635218183
2001741
350327426
596127018
720498148
53957272
52159462
310883229
651646975
576551916
186113453
530934845
46759125
778986047
803703031
963721187
932109360
886838112
496526600
390741806
965554696
519041621
969837480
673654308
32697954
167650469
39242812
747992845
85681778
943615104
267947293
814929399
877065900
141894339
412358236
452541580
628938866
531710368
582538784
307714141
54996305
31852716
257043841
115753232
273315363
249906582
372961997
794105256
920460646
788958326
248499387
856434627
587246965
737463367
440454889
941587155
979172537
284525396
182087370
241133795
362250466
347796619
416638232
588243772
18106073
707592757
430623574
274748008
933888885
243973365
748618117
510291184
821916051
993834676
226524140
798252547
737430645
407943310
480474877
924475903
188610327
852379571
334689155
139267981
212301744
794029656
173239321
216043882
548020852
828565254
642527597
558332607
437678753
265743508
893756265
598390484
574756455
848315510
362282517
15256770
915829110
746785653
884389946
987990320
754949034
228133952
452935407
494326249
577957376
925183866
647871509
394011849
156401032
601812449
524738125
373359178
114681030
319247785
177172642
553645910
821056748
849392353
892911370
863972249
704493226
891364330
167594832
388159906
118273600
743318592
593053134
824535488
620945469
317133200
695676449
260624952
622529036
986858717
97326835
954809446
922552409
212857125
990210202
341063097
86533407
297017010
140152294
150895259
681390317
119420731
684053283
513386772
548487975
3263861
69849681
716902724
594793749
905796482
721083840
411130700
787804326
171411759
120180580
44529909
817577604
365434368
393075269
771552125
597947496
324970528
142907509
727719286
942719855
894271385
665803532
990811094
929593319
562092453
441545419
595354593
80989115
810852400
625992149
483655240
93819575
743633578
577055646
494632237
237557500
303306969
938660719
123792584
233827633
269085667
570634440
973014187
7946050
581172899
200350546
956368503
34711094
328539977
662509534
911181538
454346565
208565830
316304213
922411873
62402208
111987771
979639604
977967279
42269275
310630622
517325167
70983692
243626409
132256822
17755430
811507617
804751756
527493424
922788417
229280171
160545465
668303138
294217349
369646816
148058715
548867677
78424479
267842518
260519379
810392818
900156708
679176044
64209418
486226324
541445399
242287162
685468979
882242266
198699375
763234273
85693311
569035597
197696699
910815046
948084517
332392128
344405966
601418042
567817303
143235090
110813429
448447338
611995153
56640905
277687148
402835403
534086318
746710664
721203199
683731223
754519317
52079921
77907321
29722654
6618667
534839651
199214881
986093243
534375093
220326285
55543184
622222506
796286427
852861986
387112202
686594293
580368969
32223900
598575077
384042415
539091934
614959075
540476462
706587917
681494594
428109268
801096346
376140734
160728731
721976655
436455649
390416378
866359469
516823726
29927207
219246867
650538096
599022918
394491929
873825157
31412431
600389237
514510843
567907659
927273139
823929393
31280413
958908514
826027734
486853005
561465731
614477530
846919615
338446159
389229176
329044332
499843626
120547405
683418927
747376958
617111411
522730458
354208724
213093458
616885001
934880646
729240148
146424535
36764025
711079172
937059938
489339451
369123216
586679284
279698109
502129754
177068798
459696549
833224396
179909720
330606358
779202808
107933822
466172460
89197521
687289868
378639350
493659622
838223663
713562739
206389332
822298818
880284030
897792366
838212172
913339188
512928220
605160110
611763186
77733498
804869575
563122798
544882535
680501141
887552049
592803618
893932371
571200367
69918048
625030831
836872852
211843824
4752257
824039570
271727052
653068692
309634179
419854722
898678593
5656418
137994144
383510289
505122388
74638948
909560471
90221512
289809583
521693442
230714589
419936912
53983987
694982326
750873202
730387855
54833260
837195855
578656152
892885484
406329330
801181200
249602555
724386787
645073017
403274142
272248323
659833768
873562410
596600440
355156361
537858832
199861794
51102132
42255478
366900475
968859357
869915720
251723229
196763315
321998972
710901450
435213649
188765206
361281779
805130708
686501067
357354889
43601234
322649198
482307841
567755109
529619610
677112009
831219627
225895163
636655471
733153226
77682400
408859147
937288499
720868896
490781147
264773421
540613903
753211970
609097037
231410868
106140670
160542985
62845890
808224551
414383899
292050203
814106196
570571439
15644488
80971874
722479648
71951848
979303216
698387178
332354346
654418061
80375736
941587255
161010464
539234181
482498162
191920349
722998729
659403005
678936414
316773382
132318002
109120117
788860094
828286351
263682016
645679290
593016239
869027597
191397295
208614857
663524346
340267568
304078016
104305458
622196058
878837056
806595211
193464303
591365505
913421280
602612590
134171214
955492863
657622466
893380963
696919086
542903941
720544349
218434586
510258480
734565215
488306982
79902748
661626628
565259016
953009874
684994004
459631929
911331293
708560265
385537238
299629879
365722440
961563624
61861658
3954469
743265542
737189043
763611651
496466596
831921558
559068212
897433132
668531996
261220522
220604589
265323724
831277968
25976319
893457624
268471965
762292661
678318507
879888897
109624224
234157654
590420320
98780937
414351068
769492311
155953118
832029306
899772989
942429737
826055465
265957667
895506932
840954519
906873958
749713738
672486925
827818927
272053538
678445406
517541188
748831919
197104060
721344840
118709191
868129763
807919882
375180045
346111978
610411424
219036169
26888841
942563522
53105178
300644341
502025505
892243601
86510619
664514447
572470098
339636442
649155113
935275010
720050478
575709711
362529167
943023400
771041337
580059269
297670845
462425869
478546757
390892727
431243589
462527206
889367940
812772725
249666811
270928298
989087741
47569893
319345760
481173665
49027420
342365714
148459173
740227571
487780571
399743398
573602686
481947511
176130415
623521890
66994503
374653511
88489551
345507908
382969126
628241250
383913999
76554605
833002858
304434456
287586150
869732048
197418593
561072035
853650679
793354119
342245000
854262506
427906403
877030633
609618613
386936673
985580647
698921844
76214428
579025912
470627199
586351211
427680740
875440701
413174330
861682952
619963244
230085339
221606104
623177064
12017952
632698178
897421978
57629287
855216013
584785064
341694492
773861325
166090593
730430732
88788313
122390341
825144330
606670009
456915738
837538219
296111498
175626024
621835053
673532537
687757784
363520584
149301885
176833503
51752057
440768185
171291435
575832953
952825246
32449233
951004300
223119918
612027337
163577761
534232494
234704666
710528672
88494769
354370122
459741545
58695091
826976004
202576564
660512726
209217975
214769302
440576984
926807831
587282870
387034864
985887753
395241061
842872200
150177595
449060767
704524619
832185180
207808642
224913865
556497509
428031253
205101725
421115590
68384127
717066836
91632528
785665669
486091159
728545033
401504912
717208199
29275403
617746116
283767683
184403755
605528336
737101850
62360736
458110915
77105340
318325670
15906912
358908329
221745374
812104423
166124636
90407249
471870455
493921556
701308412
19010566
969716093
69497249
701364411
595272967
849274223
104561313
793232863
534248846
444761962
26904193
113773104
93850773
775277848
628689745
657776840
777307872
721081886
664615872
835096396
634236728
57669317
405037886
568487106
310443652
986640996
946510953
851381790
164581793
277314673
500354572
597355389
583245690
401079157
788710225
228743463
258622355
113982743
205549855
836327397
1835929
639647504
339181998
790792742
613869478
260184573
763637410
519146588
265511554
768172938
893978677
955409213
470575528
151638055
845080510
192032333
769104305
771360189
350645075
865504300
897527124
554635522
674461632
41148361
146230888
462872149
753351095
471503117
708793066
140084708
994654324
493096474
128016600
586935864
486944246
667061167
600922510
507846137
23815444
669767597
319148855
982018313
733642664
688980568
599351104
984272161
528487213
30504262
243861486
220669053
76658803
961574107
580870316
128426573
222773889
950971048
382706853
317258840
98435419
81113058
867395911
924737963
260345800
647823296
735016858
930118671
475724896
306630486
76073273
730418160
524036474
715520697
932302831
542755322
17475789
151003345
152799771
460567105
612891034
26446176
625195407
222354710
61452948
248461251
332147346
504540912
683307281
501976604
909661628
661553754
709879522
321836155
409007650
188011439
982613591
386029711
144957751
931632637
695858286
264149426
137865024
567170785
392337525
728409338
343102763
320326520
326579845
149458447
796726861
658652457
33271733
385396797
893784391
93570947
624250849
460578509
878534260
797055350
882002168
670292470
840405259
60380102
105398697
949318058
991518819
129909481
474214166
700739799
717983511
229998857
743176817
339647966
486467874
587879450
593887141
517678536
439671965
182887733
539227817
220718362
7507815
422298543
882036776
481670460
833212566
864798193
852590244
995852021
304347657
170915797
24253563
856549175
721908453
724977321
69899751
246683168
500031996
605479117
820397370
673747599
321277034
472787289
560781240
869691371
781467118
392724559
979311977
807828851
539369582
97400752
663855329
789489786
473617808
792171503
449712989
765277665
614994230
261621146
913163289
665442736
119202075
286650283
49741322
771526817
407945327
412483494
909960208
641967027
351609460
532962418
874102711
552903902
977557522
645780233
650639195
738635959
936493346
62354835
502683785
937934539
800753450
798268632
656873563
57292132
854918437
347253791
953871980
473211266
977203581
790480500
622806708
948024801
498409795
749025414
34662547
267215017
743073657
707988292
436660481
940515204
948110875
87973202
241483612
49971281
121599669
467339131
472917229
598267245
780626579
818069236
472702109
520276660
546720194
470717001
811606675
846276282
670827513
170461623
248864407
596271637
826473759
610216649
966992139
82880083
175321409
640105043
102498634
807882512
36292402
105855460
357131586
534813430
979372102
683186238
836144037
504529280
930309365
930475748
158536454
856918825
901402784
570396959
503167133
475179043
572154384
498603058
85707230
427896119
894948832
799413858
27717323
734871132
794887391
943460607
305409356
565821118
921119066
722438230
957598807
771686732
533503801
362980925
15092892
413642188
870348030
276295875
34343565
404216295
738403503
505101463
231180523
204835728
638110752
670462089
873339514
105081009
438393833
725144926
825083564
990185172
564897970
459839461
179536703
849937927
18754324
209962579
802445807
410995885
6627160
208773688
24618144
861508710
990896701
338929446
738976786
213186209
198820708
540803625
876409898
303926344
167059737
835833193
492409580
391573973
555576230
278819618
851802379
5599820
74791927
29722473
616431199
115523048
536561602
561551309
963801542
126327519
420611760
628014860
589334337
141062446
1373523
480040582
303232900
943901690
235528708
511737633
51172109
578375818
94682013
66654977
387306131
269910989
711551967
479206159
997986448
331432822
250565121
281579778
551804506
113443382
178618800
242821452
22785277
702859085
410575222
804845516
100322372
157688535
889723974
928811058
11496308
872725262
150859653
54987220
264854320
408117485
798789538
939255465
793451096
47586619
439992534
921232333
538921813
921263163
510254260
665541793
395995055
353985979
255817371
244167842
702092053
680436692
926625959
205594759
89355908
539810951
965685023
268802883
265466060
908386400
586684296
615371987
832425228
495620204
241342010
853442540
544532396
312172720
266473655
95291379
743217973
95341555
198892105
251594687
793869754
592384154
717560694
52135790
812501332
617235658
279027242
911662839
810977784
497512924
373877255
988582220
516752073
641418255
94673724
361953559
788728762
793756055
829594373
695922181
695449129
576320972
375879847
564885540
39667853
844873339
419744550
118012248
342270750
948550772
735361346
185875693
993227596
787319076
579899012
173764345
94812328
986906798
728574741
134729015
387957668
134791247
906635080
286079923
981287561
732439164
586867246
113834250
320130144
498201399
106872558
747175733
659685526
466318636
376784238
129286272
393710397
204697065
754341061
284967657
548719894
772593985
557736242
962164788
224997396
764746363
53509407
925624430
572234531
29749351
544878766
276748390
93017156
53772882
820552242
466288824
663165459
565786371
740380353
968690023
344980036
675711646
880493280
869419780
583716246
567849467
580238592
626396423
206171045
630148392
923249435
774012204
57857479
213554743
439917769
865618772
837285944
547401023
473938857
699797803
385838838
277386409
636336064
900291262
793496286
846425405
688006113
700600613
359919645
539821621
671615380
587006936
666727055
396880315
492281616
117833868
634554194
920694797
884233731
613369339
797559424
757225714
110990332
510811484
81492256
666627673
941437142
317841687
273447022
702048118
682935598
485443375
312688046
131645663
79312203
468558678
114408097
112874318
877068472
187505506
614925329
673238254
897543864
217101159
128749515
449233011
207094331
617653002
191550445
230827766
500622586
936594541
408808348
528034571
242333577
224328409
97534747
40159151
97229158
504562708
7985569
174666414
31395392
482713844
187511318
467292991
432704868
779645583
365210154
35220948
137265588
393418460
973791390
708972553
371886217
603093801
455094795
779394882
879955737
513439263
576879813
151035408
496816189
990673078
572206788
344873956
867901218
602565997
336984205
364935482
993357911
568379842
564140147
795238363
246250599
714138215
181779538
569078919
757434255
726102584
16827380
43858517
889315254
780297545
585705179
859732321
221168488
60747855
590163937
95449488
144063688
293324964
322309282
261622260
407793426
264603262
331800295
918210244
263140352
841484354
171757633
807630237
900636177
849235413
813016446
380541473
602611398
151909666
300442870
18573069
590929328
374507208
541913736
284196363
479786893
282427140
763147447
653565108
422279992
234143738
973998009
901274310
413031125
24830877
221427161
218067003
512594502
451333039
741140312
352228116
696097963
441398500
782677851
422356929
290914542
604348218
638517290
508998377
493549017
88250084
226591237
100793841
336973513
778374805
461229474
769726810
969966766
585501018
775030095
279952331
166625645
825494896
185839263
756301070
40104779
954815667
963197289
501696078
118828867
81228403
574533817
923386179
551557025
341425432
593056967
511191066
717116588
915043275
479604777
182945248
811589784
319841850
420311826
726145029
582794395
737405227
332143671
203548659
117347683
629852688
179581370
489491552
977435393
619900557
121127215
744630786
162667680
828899055
299443543
531196060
485934489
610021184
556941765
493350910
255234278
325125667
998718329
885129233
589332428
848179171
486354633
676780117
64490900
473714586
912733859
782679247
388276962
559410211
909624479
108293060
355330494
903109316
809522947
171091001
683502756
770822154
538848576
386590713
17679221
619754501
744761904
229104985
827744262
814192990
362013751
22419933
127999908
408095351
552674228
824567217
178121471
956951907
302375172
733502414
149257963
361617391
416937772
683809813
272226079
174772442
522779609
766830916
770523999
824223275
485107007
203695702
61475949
770990040
741385943
931378125
114428185
675664066
659879615
605456003
689736912
628738936
482691233
665288829
77285146
590421010
575525216
626255298
559560572
527533691
182130753
556428962
850506562
335917638
376493274
609747136
813279035
878069133
752519351
105088589
268403102
14934188
273455516
683320862
919675839
854563490
235215949
172942414
216445113
56841937
674831209
725848803
724862531
143697572
116088620
310853989
147919875
964958092
205069582
510680135
79788054
57235907
561754187
486180059
727380132
54219795
60227534
303434824
206993841
743303967
398615345
76575712
337385085
561968109
286928664
712316790
656661869
688861248
780001444
761042581
753652743
184644702
410260082
95273593
126346491
58066750
336401175
688775941
267866763
412334670
278895768
903927684
294682353
780744064
201571062
864768703
158830300
555713478
769162116
195636832
618906156
129119713
439004331
786972571
343946696
768099377
433619362
734535135
241550207
247982133
694961505
341393353
401992698
218838626
904882296
787644509
511113407
170416283
864676600
226489212
245872095
462912173
393324168
7493981
462040859
293749358
256660204
571752295
853621673
587117598
882790116
434161659
236614486
136332020
225444853
395887847
240732992
987885041
811460515
405360981
931317677
509797335
920365599
611794016
554680564
278078486
573824599
488510816
625495223
771616115
395033718
833004204
281511703
988327613
483706759
232071714
830613534
593824439
162692750
322114498
291631571
81790246
141853013
934675984
27230429
236184609
873424061
396210968
735218441
685587226
201659994
307627408
148947541
89383552
857794398
572473004
345623178
565983696
115794077
280648202
63095667
250381900
475766816
554693055
936837277
989285478
621233417
332840331
424622635
668395805
254094382
715974145
866746520
160784660
751560950
938435425
787253005
841785912
774669940
731172620
526154822
751233104
750749000
792776570
335166272
727911190
63265834
890867804
234880142
2581217
200408344
52506336
333186590
944206847
276726391
607787317
523309858
385318843
806068762
997373559
270542292
945346916
736860478
33870578
344439046
42009087
860729547
252701936
966224550
484716757
612711738
132562513
110557582
693722442
663031449
311636675
133701830
434828043
943670823
36395720
620076016
179470713
40908827
440746023
842779446
408416224
176731404
593867711
399393880
469334538
57928453
475279296
701622682
349258830
30147245
6987469
874730873
231701653
209938067
447182449
353367598
895918251
362585241
777982585
567302239
157262977
628838985
353709731
525074107
592710185
433542140
927252121
85202677
928075485
789919905
751387994
403202524
763748675
481335902
756839975
815310167
800659192
845940387
733123158
143013689
611907172
376953032
402749301
330603547
516196048
644929420
915531814
232958591
434330838
277712883
551178311
663313948
528194741
892859305
420002896
796553690
253853188
104387554
572139116
192808877
753255642
193135489
245925333
830799446
696740839
231797574
140905219
852243611
400488888
431459464
482992944
579817916
993698264
560358948
899799313
331477277
416668210
399914867
659297569
565717903
564955325
818966708
16080153
972720322
966859737
862505028
180570186
330872072
911579256
653934517
452523439
934243338
972172828
832220117
996441750
287529050
106150711
711076380
129822116
627418950
133689722
20128676
354772314
794185524
882245933
289410337
740278315
904847908
693380693
548877831
652395712
269593616
285543580
695118550
316882808
903601750
242789999
104050223
932972554
34027796
830319305
942365137
367970297
796668015
239061509
591414790
510226870
58770939
433946233
153056297
62621767
583339174
508829606
30569295
198271045
678764530
773094536
302050965
823515386
432234435
715222814
860441111
106400253
334562823
924552843
303836996
130233012
113256919
627228754
722947210
987138565
577800127
673739454
824484783
439678249
740991777
320836445
734881029
359609030
289747783
432845885
134257561
752103359
164643891
884663759
87648188
943607997
362532984
46433915
671056207
174676433
33254254
661962540
630014502
348851136
428244422
734592780
902431126
573488791
848027787
574914912
716476276
588890594
414908764
215257802
460844631
423458672
894472969
986753386
355632939
712489354
508524411
6545192
71377259
49594571
560549474
965080469
597347886
352104565
630771318
48103187
525867626
176794316
389547620
598855596
94618528
126564370
196793253
772361635
797230095
990093278
406124028
772920179
835896214
665736346
794153694
953135953
851305051
109905300
617841885
208483025
386001873
111679598
918447845
155201681
66597579
719261789
307882597
946946575
838355948
186620402
405193766
66162304
139540624
996908491
557170915
149749356
255333271
61004059
506875235
377500336
263876569
703115759
222974562
383040144
948039265
958384293
911506125
405097967
147363783
349018056
717297558
167278406
277849724
656404779
549941749
731077167
511942504
800985643
495386147
659818160
357042687
733604349
900088899
811352269
619376335
762405354
410394153
912105780
587095579
395178537
623345750
19631426
698870037
568631101
141665510
557654108
969383798
631595733
21479863
29771068
559342884
192950232
568217995
274294013
135757080
408232355
740645052
834181928
987224670
523860025
168045669
511487369
84702825
555316935
208793518
105731009
400935892
670178980
460786511
196621110
153518869
80129958
492326457
999505519
826536404
119974364
505015931
48554762
26554364
611304426
920072948
247586163
413492512
534607214
292529147
627700478
645375573
153436048
416336080
309780963
41736957
563425620
642316886
969146616
995500172
679470510
296262098
813895862
669680298
362817419
618891611
423046234
146893542
760942258
800442173
163865646
432868025
254464195
602260986
676287419
18371711
717139540
506441457
478508518
47450091
322379531
440287095
638487293
145614877
314988147
956202660
757892262
805626231
739508879
330765731
216059866
739164116
13390415
45155684
222368947
81203507
690375096
651313464
974335112
147450948
153835607
432569442
913316162
594402011
859794743
345929622
382501714
4725315
956942482
519436129
714842829
316117993
137889105
654124518
948230756
204421409
641402429
641755273
500485467
331650586
928596922
835706688
607540055
702638088
230119902
250627573
331150325
461377877
439644402
603678270
713950206
450529712
710317130
531630750
887512646
599955013
673460169
196962479
232596460
69983533
570467199
926218385
629777574
300404990
126369680
623411202
687294743
456001401
455036525
391916788
567759129
204994176
437896923
782983284
273580660
892451041
20872539
153237587
353885284
474080035
193268896
889956000
525778403
29176060
230311534
225714194
631693278
549660315
20797334
325969382
117166063
507118857
310416803
950775550
161140852
88505549
272505896
870140857
507762882
466096046
938992947
335241861
355665504
361299468
363862722
916971103
102622794
617557508
60718278
887939340
96453080
535062967
46576090
593603005
342758244
347465607
200307616
597859412
106173315
198138052
920134179
54402470
161467833
322862572
156206872
176253380
20023184
705956992
737180733
992072934
477614148
532044232
670110398
269863335
647033736
707046822
601890684
286895201
358942814
612132175
524919670
975476791
23481509
344696374
968584481
594240861
308383882
962686645
585342372
864219689
623112913
791331165
348904001
308670216
650244192
355842343
41487416
840805827
209787057
453436319
726147592
534189985
624392529
691033763
514636424
983095167
482037574
537124032
25404859
573031
901482657
626120638
1447032
274401199
631042400
731136732
582325739
988407295
363728194
914499335
857510253
732868670
731940734
844039333
695868749
583874590
652629894
757713974
447294740
603477653
700620988
696033639
964459900
181621890
145756717
965828001
612473721
868148677
963747121
330343210
880971407
129679532
386426671
421279945
842158313
233470775
847827998
131379700
683360007
672094986
285170038
696094029
584390555
922401191
160810794
193402708
25249640
605437275
649692398
574794888
946326750
395144544
329512492
411890862
761872966
855929455
970350238
155597989
230457704
475054286
181947898
581377186
841400476
310378575
244937193
773395939
321813433
514079804
105240860
661110727
816792755
948893602
46075785
311110338
565960767
636927688
633729945
227901316
178049854
199893779
136766177
865289473
373487224
732986026
913132517
462537730
45716240
239204993
843123720
666586178
912696593
846179658
167192164
74774843
718097034
95241433
769402207
170495169
908322907
921602113
727888343
893622735
994023600
74516252
651203182
538369694
470993965
793304455
85053333
578267120
870855546
991171010
987787414
297933552
102652949
985814457
802781624
361598785
172168668
733062330
746478130
521461699
38781522
767038712
77327839
621311860
515961
929615858
225094207
952676409
929528703
425595732
478332306
786578759
675292350
860484162
63529251
992143400
960281697
239137202
173176682
850236441
90422761
35406655
224227722
170452652
242098418
275496189
25866008
741014000
437149746
882481244
620804723
90196796
622345841
431905022
50250775
167085234
172192570
87295866
146743974
190870511
955750942
839228581
183097968
139647796
383779790
591320883
389353224
487181928
657319839
183770754
773549519
974012450
55000439
588000477
974608309
52037614
215076407
336543788
449025506
466552238
721812738
573384162
819369068
184675088
701644508
517574310
157283310
403148165
643867428
935931843
521364424
328195306
53569096
986869429
198330825
353410249
252678545
268658137
287629583
302411420
379379193
482666203
805639693
659770563
99302877
34612146
798189871
921620714
959996304
595428497
425749419
779110870
916196863
901160694
724412299
723325690
966605967
324228986
705225945
306251493
895888300
421921780
306383014
31897615
663832622
910301537
772773098
873922244
900865128
959039698
284412176
275749943
460854518
204878160
352477211
309682381
296019929
255009965
561031044
611393422
989870525
650844474
747094957
567369672
434697036
435609229
789087213
538111689
301491881
580577210
941745107
629386048
755702785
802437532
508367428
787752150
986528767
826177851
346391096
798125557
786437861
142638032
336230116
76245324
383602846
249024410
146798542
923863150
856923787
727645060
245448922
922944145
869199193
564892598
566161230
200260259
189530674
750188931
966754384
865500598
577574875
373190667
556150968
12610212
202538159
725145886
662835269
193433994
141944869
276961549
735971876
653453651
296717045
975457289
295325335
579820176
128105093
55351937
785823626
12870844
431804535
959995957
971777169
733436255
838476125
693018821
144640941
484391274
466654741
795336674
757268879
521365903
851761731
137074528
951962003
186304915
340867661
218052537
589853785
313042672
258574319
479562534
785266225
246292109
963230127
91008726
366049061
880847000
864572046
493813908
780215904
257166506
426902192
841691032
721282986
912067267
694083542
874634477
644396038
590369649
646889926
72002730
37411549
267500794
514558459
425917762
264092572
746150693
784144866
86749331
493457117
798642735
773348227
480574237
977387287
549806436
430524389
738112305
83472928
760135459
311071896
720650817
310911481
377622056
869578758
52200495
96989390
171582071
439386693
639627930
623123953
886882880
659513327
247777510
622644260
818057356
373221623
487744673
752507377
331866446
294055498
348186040
751312159
985006564
406175114
40853476
370788648
822859628
15999591
768120423
860511197
336863578
374698328
717894272
926449295
8522409
61372328
902572723
746418796
86061877
744323299
116987385
661804121
518084633
717339626
504575571
656848053
233149998
263658218
135873141
624531102
695022135
251843344
34210536
831902074
942856124
310193650
479407316
942590162
982811125
831274807
359394574
671734723
422472642
840406331
554934495
146374992
738887737
210812323
807007120
334428412
332347286
372828188
605836978
604131079
114631314
917489094
636334473
725229801
573693090
568424105
431156938
691785900
760449265
244933872
466788323
681424574
632722220
496722369
718417428
552967225
733692323
211938941
619878428
591508435
617521348
785806204
922021580
168055999
271766344
894047880
661986385
969965822
613974172
521016751
158851400
731142526
602285656
416119811
889109960
780046192
239457308
595354936
806050832
278785549
464425877
581411943
811649497
7339608
135043713
659370825
747599016
382733807
242753020
747737131
134031963
729606365
137994640
646974561
736431564
332554294
535137128
269851151
263440100
493672801
120062331
229383269
23857100
269318894
406398704
603613428
110945863
423575783
68776564
516418334
922549439
160890751
113699731
558958754
513357863
320863221
368169596
263842219
98755238
510804183
888871284
717221711
440710292
853356697
222125488
641434227
51418446
678954846
881510448
860289911
355988811
973522210
604883095
796191486
577056791
205945364
955840939
95333136
434568378
462559880
133150328
66549127
42712460
463673972
222799259
837354953
612591214
945189170
406354435
293004991
643515075
748208133
536499733
955013515
777969632
222198580
444500104
320058387
576347153
472936400
192411374
642189134
222389213
465689295
153919606
813617094
863558124
3364371
946360487
288142357
764752631
396652697
822078032
353182967
949418272
757150767
719022956
478621041
417780129
994222081
5818536
61187472
744145739
967620189
498232545
784466858
387989640
621104033
432739968
711154874
697905449
375357228
676899784
810674178
827674288
777442335
369217888
86910233
208294636
413843299
10219102
84473705
820481523
815753703
27053811
427305998
15128415
390640332
195893338
903142789
930634297
321093600
680465544
85641167
857414576
735814048
498736387
330532004
957947311
57041948
156469324
522380714
660431756
158709919
974625566
105713031
111419995
389782747
646119733
309421708
49445782
625449598
257855885
191709635
498487163
926359626
87569433
86077683
761060434
624220671
120623128
525760285
99691751
636440872
582868156
599196868
746011762
46485624
129105617
487435986
918147915
121551202
114271773
235692846
700088354
47345925
583714916
13647665
221673702
278647733
852678138
843857649
656348909
56580965
336343455
400211297
185041214
770819559
877030586
194110511
115680047
3083907
372542098
700887323
740554234
664651732
524548110
991790447
44330537
979539871
167504671
231136045
273470258
625208858
825761308
518215211
338529897
563788179
769585294
898493957
469377326
918634102
640488023
343942239
789684440
807896727
484864379
899041734
43465786
658002399
51705643
699953328
877827479
719421304
94314779
358255817
704147789
478398631
460006208
964817493
974298952
126375478
712036168
387554576
642791300
286777756
786179571
481964595
707557384
801704201
776615723
202711527
952895917
16782448
676430438
617225644
255298011
228167024
282018795
282676728
63580381
366327582
988342028
927948125
872134434
508287446
923669696
716618052
989313046
131718364
219699994
815238267
859584197
286843394
267106999
342449644
306938469
109578733
298288239
173101698
875275996
343051393
209064810
838502414
895557355
713206592
199130566
12429962
519430491
949863140
599189476
576735343
752232998
71722475
671517426
850470794
454450227
828554981
340474252
604506043
124854522
136579908
233210833
807150644
957917789
7676245
3632985
783742759
82020612
616808872
109699568
579782828
934361417
522107751
944156188
601859078
773518310
678432358
277144938
410798616
356091587
544743359
479035717
296850730
778228901
290365440
310730592
755392708
90729286
168747060
445392613
183835719
334148056
426657822
179079642
421960528
410627368
570166440
417964600
909699571
70289750
449888709
687329037
666483973
877529994
404838912
476110893
674638747
96832730
533985347
509924383
856380852
1771571
247805433
344353110
732987040
573250420
627826302
150615158
750621491
896550510
681433359
411194269
176716181
726550309
427362680
232910524
111759995
125169799
686415359
425542231
369496247
937643718
508976571
5788424
305244991
200602146
400079616
78008752
28073803
982518427
549888097
5014955
269194614
986917520
542127701
17109763
913856707
454182985
631354524
217351002
932428239
968138487
543800699
85836934
425205358
745061602
644058088
215989423
866920285
49109139
104709650
269654359
827467684
572272841
896813073
833875449
902463914
993554339
896546684
900188317
607687072
96446243
945787178
283314036
74195154
317551103
416024583
852763322
366973406
290553480
175450836
959825212
619059187
639703798
33851070
511883450
584323028
585791100
516526530
8847542
567364351
77266007
2036694
88109151
172770701
923025415
561424328
27212928
527883448
476192523
275075522
556856848
16733328
822652554
636160422
609414724
485769396
432219108
920882078
787702171
585709070
764796029
126061249
876026045
612989699
180106638
412551022
85847726
583773473
595122474
877875505
549073488
931759242
62036161
409348174
737159686
11926280
430681213
831984228
727964672
783374949
198649836
530444563
456265456
734390511
918205136
347974855
638349768
182196858
29847291
907586764
207291000
159858118
691072716
656347060
228762423
615051855
984581119
388378339
656778934
373864398
747190693
97913142
776965453
97247711
465370885
664662297
824437475
854265850
137603735
578871927
393397243
720953058
424589111
265036770
863527643
439702775
291943604
802162255
756447370
69973129
673358563
895204420
375357170
260564422
474472109
276201785
913532763
493987864
787455858
364166814
839995636
635281328
519428238
83318981
256048342
916225320
481305974
179329937
585063881
898559913
175134844
736794777
72542121
387832748
839179067
28413081
458020456
776727985
421412237
986929704
247304497
948243141
774821415
802839955
369032827
670221180
689954328
45104957
671811253
280018873
690494737
419993129
403128183
303437975
901579654
242613401
266606215
67695289
59613925
864933739
801861060
23944153
409553368
420606492
906233561
924690905
586285904
316257916
178908112
250521809
849386845
415548986
975597686
307992390
591827142
962468999
290991876
528815698
701587340
188966555
272386026
158484561
580787921
470820707
705857914
775872046
745317095
578626454
475691205
310508259
106048450
425653814
917985487
196904882
298729976
324499044
862029875
120948308
816739779
230186545
422444619
430980549
381219108
839497188
231893226
144059597
450276180
565422388
373361133
745703788
163074323
837580730
846997714
938041254
869079571
280736101
740142523
826574051
174958369
966870742
754262631
301926843
266935680
564195560
72023849
494430432
477942708
923317558
575458106
738747954
532403032
684217535
573608158
405661935
851111228
566181879
105318348
329847140
449630437
837619201
736643964
360563139
808389644
993727126
828190116
113008045
558970188
115468790
670752469
666036948
272244392
683867216
281498178
65319226
865728637
322262213
170459425
256235708
293923296
101544914
481169543
872849923
124348514
933580478
194857750
872854218
293284800
630441916
733151935
222746360
963050641
841837794
51052537
432296204
222759439
556012445
83541871
665829438
857090513
514087539
504512121
675280680
502074288
865983477
134142674
80190137
965380982
988636273
300002687
450852929
533532130
683397312
36370714
121058967
656859960
727896255
841387170
546418994
202582741
477643605
105709636
370780928
296000786
593615352
572011656
191770870
737050079
194927922
433899762
749839125
630608577
455492548
975775739
15311977
139339642
648992522
359412412
947142482
567337212
242323294
339618193
174931687
373610638
571432019
278626572
569297407
527299791
693889537
361349338
682685079
515474800
392294713
113035506
810450560
855402573
592139979
421119117
272693551
455168529
995770463
838263742
824262705
597546162
738257774
426384908
147911258
40929757
478392344
552713496
694452503
367629922
124907552
216931562
44778117
689765101
800952367
754301540
658145277
577714169
39937056
834887149
868032245
47812385
192746367
985630158
997141191
862194421
542111999
952182316
154759013
287029734
849378365
87676889
337393454
297122100
318577162
312061028
629525556
214121000
886711261
453424032
102188633
621237414
297727415
107484400
80960776
947604020
555046722
491717816
793730861
160644584
284820817
854926250
458542759
59960516
161792687
461066752
813053431
816408302
704140737
582244962
385707115
456943282
621972624
532258104
770877107
254049936
620911079
119723841
200692284
349741526
679318124
440144577
849624648
948190366
526681031
932246590
897558681
622048122
212945941
81692932
879490565
910132198
267013532
778107176
158111126
594495599
116983811
832587979
313360983
467685178
128122810
272519262
90756600
978593955
116254091
676938496
841129591
659041287
772869374
91205974
408100850
168390064
965245768
182744334
511701968
468409249
317754012
654783861
159083900
574666707
139998406
753717336
111729104
856338326
388710882
946115310
471400117
20509673
125648897
746160839
22668758
975250804
801069527
41552626
785516529
146193547
248510547
938450028
844522718
628398244
576601636
302445235
904013889
935983847
996949798
59026998
540764317
744974423
973899186
114059710
992751614
647343716
67686246
475985324
113898008
242296712
208318161
752108481
483848240
886778172
601488228
913670216
779734569
858025955
706886415
216317250
305385409
842565125
993846061
142681375
665438370
117710012
728942505
620432934
775410661
208528354
740983199
589969660
529902211
734483906
893542442
543855879
801114368
365519841
43370707
146561256
321536857
40311926
213034854
273444355
959432656
253861696
475919841
486057429
871320317
940707178
852994924
115575954
582682897
938268848
174862562
565998151
403212953
332936990
279745194
514498272
381056804
216678641
427127408
372516348
937554206
377022318
49235666
630224110
986454287
770150151
625524238
6535528
551123608
936444709
144584634
682321819
13129971
903785518
533638774
826264193
161409598
761067501
750284160
867779871
558408370
98444463
216233600
212381109
689502716
649147343
184868899
203172722
980011238
628867546
274918179
481905268
718744788
92309765
360998480
85115480
352925681
202462006
930494718
783662457
288052300
505317438
543083611
455878728
323287297
206225049
379934263
841916597
60647996
807963064
11384613
573748673
266653950
356929644
924018760
31149185
441554471
999732051
70134223
856488599
59320863
695851062
737013048
247860175
22840670
468652295
531803785
17692645
635966631
401815829
295110369
805797106
777597056
43157358
385612533
595996755
617991156
870041865
857601851
255972853
500116997
286452756
115441760
803698162
84153077
895773940
784457760
33842540
287687534
345781724
60137405
717575458
265817204
685964190
528753451
661472469
881583393
496372493
992887952
525699066
885823985
336297133
922850914
600189757
76248314
349649808
348664278
462783454
352645172
308708762
25963748
480857251
765739808
27318198
339946779
81662544
240921749
962086609
631042966
741204163
764752980
199986782
761142273
4908480
950006662
357655071
327560743
312435988
445805743
540769545
462808306
5191977
259791971
19418506
731519322
757257256
207841114
218668849
87895486
529753274
833524712
834006099
553119710
34483566
519425186
597711227
327713827
968191379
430806755
525075427
2715173
805908767
993483872
61760933
541253304
43116255
377519398
855097770
187299868
395965004
648056048
589404970
640707527
644737293
750666042
430132321
917626874
490261686
138130713
727272943
889792016
794951567
400831976
951829499
353989880
709821432
514731882
179280363
321636927
239591557
125295129
356415336
396535137
884732291
588867240
365100538
854656310
102131309
64145993
372819638
12155369
618405461
482249345
169657821
17990398
457570579
292170277
197268103
442160802
463151070
317229423
304986405
307307384
711661895
673801438
870067823
876270247
375569544
761283679
6737692
228949895
454002353
952614742
290379548
430586579
70405750
886119250
314092048
281743362
632317909
309925897
114024445
805979052
109866851
803067065
311440556
923765636
93413688
367362553
182812156
92175044
216019839
435233040
683138106
179280255
404705917
784567418
53570391
260489104
970308553
502232247
287225979
778647715
395071241
408568413
83810892
896773832
297784179
485110495
926832693
75261602
395815056
834244114
259191411
87968582
310627084
251419594
370508941
650040653
857350080
364598585
862325902
499774221
265432382
720621522
646817035
668160483
930151251
35026750
693723586
248677463
834559525
559006376
303987809
46081162
74103215
893359506
603240551
374519832
292898102
748120841
465223534
188478557
716582931
483081987
437138518
91855266
143657946
276805244
165982545
19144173
849398402
644759663
625618891
613469529
723300636
672834386
628073885
675251420
88608636
1741568
751925117
343879676
440694701
43769786
932085393
707139593
478788583
781221697
161762260
480801683
58394488
814786338
39024051
136633107
249634809
35854919
797892827
986819867
177632199
837799970
154027681
929599958
204365727
765413985
305818646
710102567
28862125
203822144
271505478
128121559
206811762
218666932
114173447
399212017
612245089
442940595
260866763
731449216
431650331
668162908
292418038
4924464
386784631
101303647
815925639
551541772
605767540
470625164
619464773
479381305
569990499
621523293
242443180
949885022
561236418
434689345
121584761
840576842
838245790
608337358
664068820
263759306
876482864
636147184
175709823
595878411
530730160
502127291
90450862
910010879
37963538
379799662
966969609
522503209
469888229
352541076
870927995
851270020
14280608
608417109
297680719
74170974
883940856
351932278
774060147
530166834
361443822
421627858
367745511
377560822
473488870
945716178
929416290
735694770
647749121
359379015
117968345
330174048
26695960
883814839
753918374
760604818
724937682
574481200
634869023
426268757
469834910
690357142
996577960
402035758
870356375
644968143
824772720
971084903
552211374
542806740
967106161
510029635
371414588
444444458
753280351
294558233
75519471
386137198
125605640
586621950
142695868
896239439
788622938
489740693
677261660
382755006
194127412
550936907
72320152
222060961
846282282
624760491
456984832
247870706
454467248
492407439
720810046
994698220
926271334
224205735
603868400
739973795
166395841
547983535
758125168
613506478
708247890
151398957
642283276
164528829
473808619
605017895
395383420
713917833
954428732
634556734
241871887
998856121
399951954
716005351
37382662
844831898
654544874
181077261
13345185
620874289
213055576
382943566
619651859
524358751
305599516
50916631
931146090
24834143
319770224
286337975
958850831
860528975
234756341
360252215
939203851
540193839
959707652
516758195
376994398
897157496
96139006
211100126
671159544
538616894
114870381
6051902
733701772
425454599
683871660
132149050
306568294
589895397
113067175
367197463
488176579
408004735
901591196
995282662
445859480
326941788
542967445
939702071
6489907
471532612
135788237
971602355
616729947
764322727
263602306
798262095
386139533
211952611
71287613
70056076
158771013
90805433
528758157
660975602
727087346
12165365
140433482
10443833
482220664
389589624
424504394
345145722
52452179
575635233
876427499
493666358
831669066
830937816
356910955
785486062
747404400
209017512
620165542
430254894
738042217
312521516
930089369
475654946
159672667
758896900
195276826
557688729
437694011
476139719
726418938
740794983
694856574
31714280
485192130
608263946
718432055
108065923
702207272
489766770
817867433
725289683
595797369
188906085
771495062
334908341
661729454
341169901
832244538
903574526
129967266
460181397
919937434
861384535
299497985
469103924
787560071
608009364
105278040
249568802
602445295
39779859
967747479
186235737
468924092
292724092
988908346
446773175
893445770
793964186
462287685
824704804
742215775
969189327
589846724
919451357
206588436
312123077
145772622
446188971
756362360
892222946
624888168
621470610
103664831
535033898
94669367
303237822
564912625
375167496
451211420
366552936
196424295
95976135
588418560
862181423
686698300
814226263
281094793
890798205
452046396
60443862
55184798
960200380
671064170
731869083
838442367
949685894
832685183
326674913
93276340
820135091
799370555
401034220
581070531
650451615
689766092
40574374
71442172
174285441
368390699
373672621
74917664
536729521
471782375
566768663
299018725
609391163
92391754
893650394
989272759
304250492
250716612
107034112
170937094
593023163
508513761
500520269
345743553
782600062
448995503
715841479
608231918
815578587
470067628
464444631
261206973
399798483
630934983
381834911
830016137
806752647
111157302
486937174
544717
603494929
192544896
499816112
93112241
511069673
1270255
670051390
317662698
887929515
829564149
487708247
224575842
932171694
607931696
400970540
967240702
809073401
96141339
39222187
509403186
722153022
75215475
121270318
742361587
958503488
671033881
83214536
937774627
515454791
200882926
782914648
582392118
677879672
797164977
945770326
897306479
174953151
151496099
855577713
44562238
708825485
488199482
823906418
761982549
834478302
53941696
400950214
351675861
855788784
518055844
127572901
599864380
954862890
290129635
517376773
204951716
783633184
433175436
741930033
177963108
583349425
117227834
666850837
950561866
162758931
798031770
440598591
711741002
141096280
349042987
21186841
868850653
9366654
654588810
771422791
427103278
656485136
471540915
753790345
406991854
40208608
263463758
600654343
555377176
98724555
663488077
82020931
219362879
558151125
942339314
938988206
194563346
224189896
732561341
645850245
236930837
301418506
100033773
280953770
422033645
532126141
803950340
720421803
954350782
529703378
108641479
128793906
343717103
499172802
603034549
123233650
334827642
719965681
295314365
955513275
243592598
391837096
309177792
114768078
258035826
624490922
483709750
509340368
572323835
386737540
777325203
837163105
829881262
243086755
733594258
963093039
519651387
43412039
464667690
991409379
343171673
843372304
362022853
494464218
959108590
633552576
435249723
313683613
805250266
56392057
756474981
712745760
221719204
463891586
649384303
301699834
250944495
706955960
13013076
577324253
225981171
445508017
924622484
611185803
632320523
892062831
259331612
680969667
143605269
47530731
176755741
911289970
499117448
320058979
802510831
139729808
121345492
469891427
902535719
137926880
277725153
535407954
242479185
969640934
366517854
637051829
243551891
438073476
111066528
221471795
67884385
66052533
55390484
853677094
599985820
327039543
652590931
901484907
592661231
757788533
819426375
27058929
287201053
110845684
608539626
195608071
632437223
583160793
665621833
596175454
777985602
818589888
289331719
741867712
612024689
826631033
966660755
537773263
657658427
270113287
293060127
168837303
194616103
517995019
357357814
499109954
53011495
270474823
236607150
742241993
255032627
493794952
165577200
638645334
720464352
633904287
910671147
676777655
560458695
253316255
745547971
925258047
296478736
552066893
575020636
180535365
411150462
920368515
736628729
217726406
823206440
124426192
300316147
956924158
484646810
536420399
867835220
601628415
239250590
317486952
455668517
582347358
149553877
907711744
582427729
946279468
282675783
15163399
966499460
17118070
497662364
497408410
789408756
220363527
104594621
810919128
824560344
47172799
583232204
433274995
409009833
763387189
556503594
389156942
486817964
407951614
28358543
38333634
876563040
505068358
920430314
547967123
885748019
811535712
7368238
73339346
236355479
344162712
393212147
866879512
540818067
657073100
454763527
4036529
857041836
338577866
171450045
52006159
942149634
552690025
361108867
799439262
695588406
870278203
486714531
550543056
419658945
668018724
964848280
873709971
928228271
446764486
827443683
356501339
582398697
434301435
712874537
76326503
64686904
736586972
42901244
181491443
310569405
494105758
987581335
194482411
481004672
867115341
446799623
929662920
166341920
256372972
486770614
82144718
804620013
914164611
981041681
366916727
912349427
679749509
951212655
171580700
206242717
508748231
345352020
201859770
546851801
738701295
272058418
373805064
92044405
756402298
869117750
171578742
227237983
170863606
226868302
519901488
23161863
430696475
154848376
277179978
660756168
767726860
82134556
412737877
356430972
7289772
164548190
947121649
445553758
35080150
314239215
833227493
649539154
655228556
576015643
781930876
839049250
415834987
597880953
540614366
703727733
71416299
288544054
319474234
538027631
56583042
122081669
458682893
757726767
755743181
179604267
199124179
572008309
217243782
39181201
278192855
913579381
493540010
225264089
294608450
528811200
997545131
994387632
902584329
603701385
448476258
573929133
473242157
278919749
877117991
530176395
689892155
448681003
87685696
231708278
968946683
410068784
862878692
812665000
677655475
873179680
571345825
2803542
212502831
876733647
890396213
26374911
32335178
115413203
996945823
658735710
634358837
732899810
256171888
270627127
33760871
180444365
475394128
17228780
15645541
215202662
384190278
427194773
284072295
969561590
496495254
303730900
877714828
708683867
991719226
504890875
588406121
486701908
148492344
346864536
185396443
44105153
49209330
763114558
982933342
403073255
434963119
401278354
365594167
93214845
942463550
545176369
544809139
604954047
200034824
976687272
222594704
314166030
995496787
869753967
494943876
511683362
667264980
287918742
127397207
420407799
972696410
348097849
92758552
245978235
618540531
799224706
283918729
990429533
634155909
564290772
915302830
331139337
117474484
262021623
478419140
694850755
491537049
755075193
65451263
374539624
34533456
358880997
913487583
172692203
778384398
85799350
115578800
28289409
900565265
807564180
617528959
98991315
590726855
882084211
922021069
855578450
490623221
560867178
917263662
860796928
623093333
836950707
101467389
400506537
378945251
564581022
434373040
268638780
590395157
991360760
577493595
679424940
929499747
136765971
92262304
381836149
84312915
464017936
797495971
787188063
754582899
236311815
556235718
421638964
159573721
891863299
380403943
232688530
653933483
222210209
768789682
449851510
477920659
668332620
713228392
36429706
538193704
998950742
183789088
587988202
686367116
778423341
292284054
993675983
684428116
43705419
479842004
753091473
481010126
642686851
93174983
394265793
492691443
198461614
984959001
516836270
468408558
999517749
106669872
589412013
600787759
312122580
620297013
924187474
215649389
930231621
264331521
395461142
173820047
85321810
842102164
32453603
535523971
15290149
509300367
351211139
596523187
943195614
522891703
23161207
929328564
240714005
549611674
695099234
879607233
161794441
695753710
869934558
228405227
497943285
841672823
759478306
786391195
851882684
903615598
867600214
42110880
411663940
869380576
992289980
316115730
573044582
718945343
316972264
377877044
337048468
949692422
530071457
987615124
852903657
167977634
954923916
26887127
576296610
47349296
490392527
139400768
461026640
71801163
944757888
21241966
45308417
309552495
282858488
841116542
84996768
671822849
94672620
896777868
217658921
832652912
999594192
267613666
87560999
870214150
320381844
179569414
582977253
661335471
971446170
569684251
655473260
259264835
698837118
476401317
31952429
943793466
348219458
703554369
536492697
109112667
590421749
872532227
876856927
532176514
850300226
893318595
739914286
125858949
527924580
438364676
839165453
939277495
63006294
567342954
277754299
300597480
62079128
313245686
652491730
951746880
541251998
608587135
440843401
92625157
370295873
451946887
140950018
718704477
752973133
793587818
517347244
773166196
539661492
315851164
712956153
883988451
732894361
630301190
947243349
603327906
576052701
83833150
399026007
937969948
726823150
506224309
722653301
928485979
539190883
955054333
160121901
842043380
662898025
271174193
43871467
947159722
707679945
915983944
14393341
872930320
941100758
42290877
755869231
912227366
794120873
2186450
568718328
836551696
219975151
283418908
841430316
702236942
356825237
51621067
209290254
890025739
35055491
56509876
657045462
708149972
343024227
922198453
143778499
744105084
912291315
78848622
152362501
381019123
354306188
862718710
711330191
990662221
750686040
725858407
179890934
325789561
395894553
319191914
359707020
878577989
291075164
369259710
779575802
270310807
351581157
775491763
868258038
569261230
893281277
752188962
73422911
20757989
164170874
452611359
217500452
503181955
302701304
83384627
87538353
758793551
252237319
294049255
749201590
544379091
843580322
38286319
504813704
787998819
291372280
929858849
308946724
863187211
994839782
610486609
515172625
867272376
147172446
850461099
600722233
997552208
661308974
916552987
347771422
854733238
913692201
614361176
963165995
443483801
707502895
629663353
591509514
96807496
984690585
2154630
846853036
493659162
444723580
189327173
834501811
969859236
725522072
734887655
426758227
495994539
191297305
456665189
821526746
837941463
769618940
133066419
131339957
54644272
349340441
829702180
183390797
537844141
633358375
23460809
567061094
507021989
584357962
226191350
283632530
790471157
916702564
103633399
24507832
508492607
462407248
652867856
119624457
4831614
547884884
117700839
683843444
657337024
169201053
687199676
759670025
416144998
834004033
927238176
245502767
419186110
148009887
474095840
727480832
692306748
946378055
23886613
248509189
392661325
395959245
650509643
641967606
514279680
301450395
24619527
283798123
850684785
331962887
948276007
281665353
413495194
431742756
476706872
704314693
550847183
839564751
391494817
946757189
153374228
546710200
692957060
546237196
784680353
264604281
804641128
962275323
885096801
635029237
125550682
685327448
464113859
603274700
891821664
935901933
268820911
213247975
380385232
360859913
684624242
858808094
129212169
517977747
808450772
81614720
914350
463419767
454792326
264285767
409233535
818760778
830045452
384354492
530621513
305087862
643999335
701776717
169192111
858936074
3290373
868687782
85620487
25794130
405106390
665695367
989297049
820590063
914939288
638791890
886340499
29185716
457508175
389863412
107716310
680792137
394410204
537119251
786918415
230185654
120613765
160849541
421861443
564399479
670431587
645010952
550568842
284755978
570202522
74219261
117755768
165452836
944914791
175672907
575925476
190310703
780114522
568005275
529396424
687998225
991726364
253041660
848805414
352889116
988745885
110038728
320292120
85009509
579182667
75741646
626158397
524031
416313935
221512162
3936510
777247829
657637623
85924146
838978592
636604464
348595851
906880713
804267534
676337289
804596580
196852389
79247033
67933204
949856629
297974471
342182856
725846765
909679713
33656149
473025035
361967553
985582348
457721439
15661702
149174664
508928612
149314005
506273351
787718234
94989295
241314981
852098844
717652305
945434040
917623944
906470328
288629705
515005255
449387212
967370862
766895607
988799357
949767407
73057359
882271908
478748839
101255929
132638451
243832836
653661845
975569909
961530239
336397809
235374761
740758201
281505616
127289293
888257069
303273236
885583926
484775796
57068169
446967024
542193485
272406463
221804677
148838745
844352121
524378263
940432179
36695368
53486082
100037752
212387459
365565952
685197855
205998807
978321650
10637930
746318588
690843131
79426145
246004530
610212574
687350117
920289016
689576067
409298924
175944432
844721364
678712474
490267381
615635962
701202048
393663806
197802132
950933196
976914093
232975377
343622926
830891212
627722650
462929749
65998593
248882183
313116381
797641988
922974327
241524447
955660878
508360663
946924867
850027409
515496038
756625937
966584977
729131380
7420447
888950757
296925930
32738855
711314279
874189618
24001417
313682210
88679153
664921522
660466654
521065142
856219111
633900566
474746862
216257246
549083858
56223221
338753933
880307864
711892317
5885244
128437109
716669822
138513667
356064186
681362438
189082202
509799583
419424611
515393145
568449642
847367368
583353725
756881588
602678988
387112378
952630662
641230991
584261099
744317914
654822649
838962854
263457781
175683707
925108274
780904437
765740428
590676189
30928213
25310683
505022938
372336324
346664751
259965802
855900623
144061618
611212251
910117871
126529396
567136872
604881163
864738724
870302872
802495013
604203896
741422715
755215130
936994701
37226676
459293378
260975570
992328053
848892279
46521624
393855385
627215703
527492613
277689834
108775572
732578856
880427434
424011897
805318010
15858449
715215387
610798234
630388100
578991730
190107687
971901487
205243673
635224386
48432078
938766695
294923702
425453939
703116442
43739263
297187676
975032803
540364206
525962980
594352821
980166376
341187310
769055111
180648237
181449204
39205979
32947555
876896062
486274782
824167880
554538172
990614038
967847281
220353106
19674947
482877839
648245736
543669696
443999386
888116628
577068584
353094097
462417681
248589028
518571732
871787394
132275492
783931131
790743598
871162093
749335151
315648475
174627467
570484207
852427712
617296962
106827154
209007145
858596818
519123323
698229100
211003262
147373400
893452586
704726225
206682977
811579865
118550022
946025941
61687456
334478818
384776932
411128066
5302900
241870502
985395256
471917535
690323155
78107400
654001148
741924014
856755548
96107686
79023560
877141569
96423273
457849172
553630339
354636922
466284915
604757885
165005519
95611371
152092596
129866727
13901431
854745611
673892844
308152478
533290913
440782587
825884185
541230264
92390306
97402373
757441993
927955793
171809897
855511599
203785280
61683837
489413434
2772598
409123528
467108508
825633921
116293555
278423956
923267801
358197970
524480152
287379111
756838254
439852262
624664741
433375682
731321839
639079616
383924803
495899699
697470042
787834496
4951666
265010169
829887632
791729488
218868375
123401951
800323881
881647852
146439601
6404123
558644583
595444857
457756892
824886204
590150253
371947349
157262847
181377152
134929057
871731887
634121980
593022806
114505994
788163094
19430036
359712821
699181275
646116962
834874246
502620801
14110452
459506331
537268524
531536579
760025409
861583096
751878113
116304172
622265850
220827137
844351362
16109127
524573093
492979424
26185862
681040370
184922392
266070370
256609659
590821527
112031940
604351303
19881884
833729054
212373067
836704040
469233768
81792230
460648104
835193625
452536295
170691692
454855914
868092007
721743418
400991683
654792342
301207980
282943697
116328381
515235819
733800204
83744957
805628504
948796983
620879138
47618140
736237154
850394991
217515516
985082238
82142539
891533756
408963208
418589960
896083399
926743381
568236925
958892458
118689617
604546886
829949262
614675779
372835231
168431306
863670211
118249216
637855897
41034563
320860451
795951710
393925043
434006246
171279813
579795011
630393443
632187473
46013788
267242688
678932965
584419665
511085523
568600817
490788366
547959818
380206834
399185344
428344467
345950144
522402238
851062364
868038325
93486050
914768673
693659392
363466616
337836880
856871139
286944216
181569627
486559681
939412114
877301808
181583130
794725094
727622365
547561287
592402203
279967017
98735892
259790358
53083880
794730799
546083816
733263993
537303183
69254787
769881133
696836284
661216953
150024964
747474626
225607831
201999944
205701961
89861211
677300460
65229006
407516072
761515638
366295786
580035277
331650888
174647928
783469456
262349685
533522889
509530776
380253317
400529048
239568593
663351251
573654970
669318089
778539146
44479372
220073371
365403905
174201222
67912484
24198434
199031410
264903882
126227165
422718430
876557721
223733589
298524600
604695823
961130511
910238282
626171476
877825489
551193825
495833603
627588306
468312998
726446422
244196516
128209281
295960002
713036734
753253492
66372477
171202314
889968716
561361231
16615996
146960878
10324714
224422212
918782657
756458647
927222929
221339619
442620612
461758578
41615386
27570085
764353646
745070657
815320344
62170107
320402176
27551951
576427997
735867146
443978081
796233678
575805867
42065559
132812801
407871835
414972473
439452657
533194720
312428301
838126483
936152672
227639616
909626254
200293118
946244563
831541463
183506214
881794468
748704280
321796573
426711317
856359561
65420379
884076795
353093488
981570312
700177738
120096613
840697273
982999680
667007034
709067282
543883525
469354239
238078333
558784035
669029345
584655925
66681218
450746401
700367574
421308146
227417306
915030017
136674532
745484088
439342477
820833639
520176182
582289393
215739865
280895327
911510888
350690694
757912462
605353699
6101345
148404077
222030170
983266657
628271338
971209965
310590264
656525300
147709114
973041311
911694060
201876513
167690213
960074290
381949083
503746328
725136636
890342162
178454628
165684126
772677251
162920172
846476573
320418467
61504874
872877405
335905814
673675864
595230365
613173099
294245257
414816484
480408752
233733683
160673448
526409483
941378837
825843783
62194535
967535210
470070315
225897988
791591539
2884477
316446106
878319003
421344656
561749914
521775050
136139484
644540691
844932242
834462540
431626482
659264182
768982755
495661401
819905218
686926831
562291021
396411246
372819679
939675227
737434545
397435635
745050532
606028059
992749576
645657025
796924341
14654604
715899571
967116086
396226288
187660432
52817669
99352440
484592532
835459481
29675182
868394426
12014032
509829886
26442146
785442432
955953212
451511543
227763223
772264846
797589010
654688490
621725735
700468947
346649255
561078956
482458186
566114868
294985005
529297457
189586077
298815815
150654947
7235307
236846855
302035968
615813170
633935293
711393186
878264817
122049374
381463998
205740493
831387915
257461659
338118242
103677264
863010485
626346907
907477683
192566593
998295096
429906883
476655228
551312334
504861247
466316005
866237059
657450768
820656780
410524135
248519392
727472715
251874000
832356556
876826503
536728341
191196199
521697403
805777288
997847809
16796707
299149059
599695570
321718335
581162022
563443986
692027696
516791717
383098435
331302291
548144761
298318901
942596857
855267010
549417880
596680077
384503151
367611769
914941227
464458064
322696770
604287386
920314087
922286147
334458158
534925779
262254001
692079136
990277384
852598916
167703306
1897602
469156836
813923345
426936311
493244584
190077874
679542429
963016903
591070016
688296832
816843535
871071671
394707816
894046819
140555388
773739788
967208696
544295735
431030891
157705742
86815750
357946399
450411438
483205073
470681927
184081638
555140250
224720241
528318668
361944608
573729086
933678994
397180839
730359160
985804974
360459676
756534032
215771495
223103438
786253001
135228433
709614729
498483416
648923465
384077546
518067996
787839901
173770526
314300103
370138528
548122202
307778049
54271704
267345560
37104662
890801154
146206653
101229819
535058211
555457430
32430580
59782843
507265301
517785329
196149038
150531370
679985149
450084759
459109613
529916959
319294531
352288513
624372807
329618669
799971126
617945429
799413092
334177820
104453251
156826965
408682436
530779510
890506856
293000442
674525475
421898485
811804892
921360624
156757707
393341286
303480290
339673844
465663001
775407983
167844700
213557510
617849243
334790072
742231652
311815470
721662685
606972475
480647056
654753541
75118340
392569613
112406988
122355396
753583208
792410813
127409024
766545628
668900288
267724779
756273980
101223721
969653414
414931839
499269223
405319995
519566462
602519402
819009498
406501268
804482086
710399138
940151974
706940960
610258114
53312601
781261820
283747143
553219476
896483110
316931477
310300225
174678102
413843856
678389370
24052724
297710518
858548465
72832699
733912214
598737792
94837297
365680730
482545990
26369774
55176901
934220914
828096009
971926768
626950330
42261944
691360599
558521449
668433690
947368891
797546684
61330341
287045763
333020876
857586103
868831658
989575117
389611228
129045341
431462462
96165119
645502027
168626259
768730951
84073977
424912402
980712042
150566681
704835287
661833198
559950625
921569642
929131313
911820943
495322604
331698402
248226529
178180453
733570188
246300483
752687564
400883580
251260657
341101567
852101995
128298381
142039879
282175953
587747417
180358983
704205159
225639504
168431061
834567827
239459251
839273191
74126009
239733881
97709357
767169520
138651799
387379978
883636864
102433448
92850194
614585044
678144309
954487715
657111548
924802904
565277892
958669814
952883527
333343474
522518434
983942747
657563525
814282182
750096549
660165153
701386198
335094652
351980439
736720618
870572713
304628825
80485861
477489379
424499714
162115852
279740341
10780684
77643632
86759633
727107819
584725025
178736927
907347890
140955196
495966125
498812636
696012618
668728205
240317610
587480239
726392903
447765175
480157948
330873456
49537869
687984036
483028521
486254731
809335174
655437992
260884468
437411193
462470529
624365374
285959235
282984302
333867264
652158394
250597882
545255751
124689679
345294581
195065487
890585610
658533348
817931607
468758126
561334277
819925158
638796774
916997192
73703631
234242861
498846150
480386342
297490778
836932614
265650830
275101304
907493009
179629449
967056835
362922310
655809255
808329462
737011694
938948254
215221423
138936589
347613002
713953107
785281478
988158962
280020791
433404980
251787147
472601567
126749954
102836347
984237951
698278906
324175914
27033144
284070324
71772884
737238546
181712066
473932595
843464587
846668291
902722983
917179206
113825951
424354941
567798854
432743577
682890777
897579300
699965975
408566285
594764754
773964556
138152928
831460547
944786922
220287197
247425229
142096926
839149262
887173536
395982418
862866311
932795406
461727474
675279983
954599333
202785668
779519131
31732439
190182892
603697502
192562714
832853412
475021635
725408609
585793008
86991694
706235779
327028193
492410706
264416457
629077428
881441756
197983586
203292297
612786393
342039549
860455187
496893533
818381333
65622021
714443490
787020369
539394476
241939313
164054495
129701147
769208229
382540777
663938480
449708137
104602310
783365561
691691560
441558268
782337412
917004707
411982277
109231968
178138076
441702800
278558681
251811129
149191767
917964720
605846174
22781349
953182949
797281313
869682969
910356451
307223221
737176465
819234000
858716658
76178911
244451718
473834405
192239805
511090140
545395237
361546242
325360170
431009237
641605168
527276399
923517037
258450005
822095232
615361662
323645794
916495508
36416918
493351729
487735350
904780950
947812004
675328790
866684506
544765004
629106544
20542642
224319363
359102963
838405041
903776196
284318399
317081573
728690591
490315008
821068082
160919926
853707904
929028601
248315019
743294294
116381657
775990743
16602376
632191249
956077247
520299217
634755828
407484010
582652522
537572120
359414307
564711612
671069130
565992648
950712696
479017377
945950340
167187729
26665500
844143586
31268310
521283192
888263839
198290026
571624640
972496622
885649427
912170560
873110149
852766537
585808687
9207790
816815098
793298103
145753642
828878727
183736037
605299696
305948221
222094487
718317945
27777897
45373535
461887472
587280614
482254072
271860302
433069327
621653951
549640227
697999109
695563111
950462734
326249928
259221809
134922182
269170106
257180698
976333239
81596294
127678262
141876753
524312262
641952840
614753088
919112226
885440024
935026077
523658170
742762962
212969139
833216786
361714997
954680465
756561739
649982242
185412262
191716758
869280296
587054069
832276828
101189196
857483569
667279357
979894308
667644029
195171467
482658491
266529197
222792734
189743679
4870846
399088338
298546922
787893934
617024231
44715799
818953307
957003594
498106107
187527478
76928284
969395427
476407314
382459923
392001580
104479370
123837506
566741456
702767997
314062015
962122303
44502586
408780158
328522583
494098908
871880435
991281443
119949277
952528349
448156765
786532186
852249287
916283230
588700796
368393005
636749670
2918194
371214607
137284395
491083342
564536906
733709840
422734655
815801500
654680211
693292586
135214057
412289070
115365948
203632551
86460015
374731509
169316570
45198705
536501568
757351447
143186215
77584700
5401904
596233519
550010754
363193706
132705283
598054432
583055514
335509513
288511126
343670735
924999147
840998790
420819730
468053997
174784590
588971481
506621699
886073949
239684223
84375185
66219715
503127833
667601920
333460138
549588296
953580853
911150195
331459357
501444273
114458384
270030434
487264373
890585747
951326396
418495433
918349845
340014576
799286393
510845905
848091506
958314010
813111227
698084285
769654188
595097903
905629350
142837541
780071676
501429180
89570649
143876308
446305884
557696754
777119755
738845304
932646306
772737126
886123864
16479113
625724253
587189488
263187547
83044413
671372292
56987260
211641179
848490314
82628031
581533556
822403130
348925161
137237251
720596699
966250026
727688723
659688175
912828600
562956906
537096712
915443944
385461063
97285776
927566735
84534637
522163226
138005045
266549615
248729367
677759124
888592138
984448281
949201574
39208548
406743536
363406373
372398143
725769222
337220900
56358655
102762398
471246522
340539535
54124528
506693195
298918740
833776357
154359566
813610585
524487530
611449007
413978870
359284039
572548403
645137754
852308609
4504074
662018221
153434986
875304405
165358599
305707294
802945680
649514369
522208828
5356714
357999827
281834157
637187496
40996060
671386025
936301711
720653959
143483211
215025717
104971629
785838331
358309786
863156106
114265779
694119487
460593292
86082831
399039763
438344747
90253981
587559203
207569546
640637318
907686346
96313268
955817841
336310580
704780346
305903162
539815949
898519717
52741347
307680471
436759851
1267615
270266337
423571835
882254081
269176120
540584833
618738744
98455329
99685622
498209947
921632339
793420313
81882050
951457986
766797772
866907328
484873637
925762190
311750381
865649233
90755655
170120948
81207121
654064307
20267523
510731036
802956070
933735838
463106660
87579490
719850085
615398409
874264504
293138486
869501472
20589664
377201828
917235141
402159534
921474143
323867162
227972981
699110353
585695099
433024304
235313224
398540828
971226563
490630401
269223542
481786334
198976724
53617060
343919769
492763170
139127913
294811711
742569707
930596758
531318963
97471393
723498430
344032241
866797227
619271588
284914868
915701659
682631052
159715148
924891352
592176688
500201396
139193778
197398570
574260508
970845017
92513613
238121881
586226964
631023776
73765528
472705388
901000675
844761720
62099445
441561993
129000741
142663289
852569697
600208865
758775842
491814989
799669796
324937412
56392264
581483003
21347620
761913258
267292947
142146717
512220122
765978094
869252851
9316598
98216451
791622912
329003014
465303666
929084433
164219142
574500828
495009101
733300839
429744597
565073614
484491117
733905383
710011892
514310466
869137219
268277758
274395905
125504476
696080738
475316988
799833446
806691049
436782638
652275890
129739270
451313844
56454720
327460794
437602711
677761847
467746541
659382771
565696286
824944486
257084766
367847450
606497880
371351643
125904265
951157843
941365817
355417404
277942269
378608566
771135146
633991983
472764213
292305082
459664538
912791573
946375753
528546732
683832976
890198905
778979276
520243204
296685800
807993049
340378578
307907149
162608790
567140622
393546381
948223958
108442647
185181026
771472051
461801096
637441678
258247351
482392606
172118492
23655822
567049175
43895029
135621326
496899582
15395425
531932580
337509443
368247370
161929004
43373905
54642736
289312971
959615475
747433879
823014912
434183201
398475097
967831420
403646110
729572229
259350765
603320017
861185628
449346847
744785324
97676473
212233771
361790777
79886151
507327982
714326167
791828638
361211450
848284469
59082349
676053420
521425464
496746067
912154281
266815252
252297705
903892603
319608845
712830939
692497618
713678358
423323434
75054656
981257431
273921120
33912396
889649765
857102658
280945955
423560778
88460955
172364593
40623759
452551331
326575463
141405843
940933830
66577553
558311887
325371385
547572033
760229076
344983600
245837219
522926826
860735900
190223682
789052609
591230121
440969323
844819334
350683479
686026892
423704019
51426024
881571870
706850524
220389823
217976245
871057829
278730337
997335621
289459261
545069665
705469309
140870380
202008076
684811014
296596122
173836690
458132570
857737733
859911286
474879765
319551263
12845798
658132097
287655985
782603661
914999520
540118300
7259518
248078973
834437781
954723861
345693336
131227827
430517878
948356761
917514379
575287632
217863697
474120058
378607657
619059436
472200421
894224481
902837758
55884064
799074279
658890773
20084660
394055901
749910707
531549620
534126094
608216923
47507569
644932376
632300302
675470829
682536053
672853194
613082094
388895418
314149419
496940329
988336640
955002311
803771581
597724638
860401676
27276923
243911619
255283957
626281364
911989859
147339378
609075289
701375312
187030352
814830558
635371580
629019782
899224067
968738090
969373414
775060797
38307465
384015107
127438213
447282604
506212342
35816489
813839390
43252436
884000587
811356272
71781020
798609972
485972009
553753366
847403093
602102547
986010902
215869044
820656188
22686266
966536309
934386116
8086933
559096271
132364047
964988716
946144451
811895195
782138772
952065033
864746273
96802974
976962139
83359255
380720639
620299109
321687981
475191027
543895872
388908381
125911765
823728180
438008807
630115682
95189146
330726609
962407161
165559963
996297030
153215257
708635457
771486094
584764318
721374675
992006216
656135456
616110814
375717765
261995976
990763055
919730695
919534666
83306634
186935121
144116551
295713108
467592670
788248643
3752643
366867005
985155335
927849175
357319554
265599617
817551845
411482596
856099304
315364925
216867824
238064259
681047180
316109313
297687576
748172367
529635482
810081376
185448308
95987145
73381374
242113600
584764958
611067078
151568318
41306588
689616786
840741943
854323322
746004973
139689421
91461358
42221609
250693919
164538881
733915970
703317009
706035599
792843255
808684872
552678729
971878833
946065499
711405096
273895133
973881420
864793012
207218508
587973655
560190591
959834359
290039821
771154433
901923853
317245725
503888582
781877468
978923010
185521491
148209770
68177252
545893622
791051226
937188490
629472912
382968153
241024943
777520297
498578834
120648214
323914138
266933357
417082253
359550183
843400051
217000584
272342565
327688609
489223389
469379
460679316
515802317
456019104
546859642
663199644
852533591
702120068
878090533
832659504
957385247
925367148
374434467
893059258
791824686
971200225
582786656
986111539
127236060
432810799
346117005
743466290
635188534
2201731
788144531
204527858
91048301
723220778
420653745
289389705
340348090
85677806
383836390
715091189
107065971
429277396
890593286
706338053
259226327
132297761
299129501
403989359
911936843
486188773
703842278
50796841
179622002
244307484
750806152
889974859
468691957
533194902
822514740
273300661
87037388
544074242
672849197
672277674
541057517
219542442
770376328
471067038
296674389
483093126
551934086
954549240
66546502
491421281
359024598
264154374
400282235
723929400
435648298
511186378
497587952
197942732
519065052
64272173
930779865
555509600
222594159
331268952
649662255
101248805
658136690
30294297
864030155
631024802
300334943
41807213
380205222
540088883
579362234
894321066
550424751
426947519
765449641
331611490
945499945
76865958
41398096
99424040
993636329
807619210
923720853
283092647
702326794
576918820
485997762
9265161
165584893
327299799
379212789
867898686
598095856
754267167
535969952
974020325
731592231
97561640
948332180
158760211
268060179
697569828
444767394
480741024
705519193
29994968
528236291
454866588
330570022
123820441
195989761
103546322
778978557
590849909
477695669
175554131
204107655
176898017
34016809
780197444
906132449
451153444
781030148
3489756
759720715
819805351
967238947
35566533
778603844
65878164
322171356
523784766
180402401
793857323
48938955
624716665
150191540
347415736
223330591
833968956
569788304
33219185
802458565
621014420
381326122
661703265
18076193
147397517
134483812
253650678
807497277
997823777
358366537
354097204
132429798
744817145
122085322
378177808
608052735
299440365
851421282
541716832
283165678
845014698
512166357
158535536
439402348
755778155
687280113
231126775
729820859
977447571
153116899
137678317
762059794
704082942
9210296
560376980
681273241
333644666
302270503
184641106
382847950
315980478
816462494
957017381
685027181
933964642
372592412
853937046
570548828
307415747
686001499
907397346
893669835
788885303
846701325
970565818
964362737
498713847
845310886
834248325
219571570
930973411
804367017
968422355
957940598
759104290
219933181
688258172
953549749
839607425
692136383
680032204
27494913
13252129
825574496
700354496
371147730
573893425
802077428
155887415
887580920
2961040
436973500
65424547
605341398
765099582
970711750
879573023
494433979
739358275
522989897
296634750
277497904
156589902
901608403
251523245
883232503
483454428
965297130
400955753
533704715
812500016
675849933
715867845
79911288
189421102
677537567
357310083
11089555
393043533
467528868
7838330
449643793
610835699
82620647
178293357
135088710
134888433
302436396
651856971
348847723
527707438
17467170
402575726
311599302
772889648
341144445
312505578
192426533
804960891
327568524
412130150
392208565
532155928
164610364
261172384
152152502
784519702
915764295
123690625
604413084
973656150
913930977
347128251
826881955
195952465
3277705
569376191
430876684
573994540
739239630
443234548
865586027
661882783
462454256
713285450
744027304
125859755
41776021
68147361
689229100
173626583
252437170
165613825
483696518
386929610
158244868
733986784
342870257
855271060
976856928
834549370
19160863
342383656
126181519
649973943
508699993
727610360
783843276
784590395
343092825
727005348
63016756
493071023
304187018
830416959
631345420
438308958
917131822
919656698
440200409
976535303
958118935
433078926
367119634
998286067
26441637
32197111
314221745
945038849
183231337
502193110
990377679
774408578
924992245
628579354
523382104
275630350
410735624
869128712
34123393
914625780
773022959
509529131
481863987
870004556
839285976
987268773
201805297
307203596
791576126
739807168
427940737
964972085
221015393
508124211
70168137
432551142
57103304
9206542
701173911
811514406
138753642
8656773
141337187
370003639
9355659
471592443
531395403
308724208
567520671
607916704
454931749
178003366
300093944
281534925
95747409
96059544
732395028
698205431
523763796
896271289
47688399
355127737
163166488
137134682
696056472
989021703
334453725
454939624
613723826
142538810
110219601
181334355
532380609
621537970
205152205
431803012
973004948
553382081
234112098
827273639
686477862
130954550
824853046
138379380
358902100
416142459
159859595
210436097
896022857
829239856
307475751
769736295
188799004
999244525
169665021
507956949
202325511
471410384
993307436
180964631
170584216
522935630
735980626
422396077
458253574
329658935
748618053
489163806
499172883
124255816
707254542
255329242
282106323
157002909
726832699
659395237
78186465
26127222
312837349
429841552
698308861
147611205
670664086
420439920
617944427
113177559
132070784
891988854
250136982
575783302
546463404
284945615
16127712
664214895
604389688
927035835
74185248
678682458
580454829
158952332
832335193
548486749
592069359
122213232
10748942
569190521
744600887
399273529
165390318
246293750
909949976
17370819
683541889
771146482
726465613
621745448
925838320
336218262
281365214
485765289
90185434
551923507
98960766
177952618
535068637
663265361
897018063
22126232
890620441
920582532
772393375
743705387
326245476
289732979
859754020
790311559
805059103
575122747
472154378
515475857
119852075
591068916
970871020
246532719
632293678
304244322
888202909
730952901
838100004
770638624
93862776
60872190
534539694
610636044
433802472
567796419
267303863
898926309
213173889
733634259
82936418
878317709
405108664
537816188
999751286
653909736
133036436
658937306
505263188
882825913
481202770
481374871
422716782
678964170
824165339
656408115
304389679
107218029
767629922
589641244
929391876
470128995
256396435
359051892
25656714
297550539
156073717
222498285
395991314
212461834
877688962
223169343
269268271
227353305
212477408
27895823
538105083
825528452
425182904
690270811
329209833
39548208
539393926
926192369
437829071
917084450
666957509
934310699
959348520
887586902
33496203
676957956
754690369
71455098
524789316
615547872
532506625
949492186
812241580
932233612
440845742
805153387
16928455
456306916
804086118
246122885
324089459
312506421
56777695
627272922
74268966
46793302
542572322
497730184
755129558
710635648
464975844
462300893
218812310
365131036
787919211
353779987
184176694
634187350
390090907
263343279
410010859
473031981
502015482
561920653
638631188
592632432
772367963
697626670
508260709
770366995
934959556
497303717
848032663
690148642
29016253
190996595
111297658
163858306
553126112
362846127
879829398
985739478
394864411
165003863
696459195
562567447
823049783
251925246
770353230
31340078
718802683
993552757
465565633
849860666
341666081
488752667
578736308
938556586
96281780
970857604
473734113
966512225
660059220
150483101
418607051
426873511
883106112
332384070
683188734
568050993
16943109
407164891
14648866
129204144
811222294
6743924
987570838
133466637
753582199
667365460
332972393
930115899
187557509
688002503
446942422
630808041
717525418
162576437
390750960
17324027
612967340
998753678
20427333
556799809
985494200
471283421
244035887
513987561
221707949
835356030
515347209
777355067
21681044
413182953
929813169
297764281
134862323
238756862
126092301
80800946
562333094
137067974
162593835
48793967
504441685
944976016
878151140
564607009
106549651
781398227
709746554
305445084
204911545
543460210
147716940
851157801
387607086
508071377
1365821
238722724
358480984
524830540
30583123
311274315
360770687
704084411
730628839
388920304
666528153
599918682
646618667
893354296
450831057
823167538
966666755
508439955
92112913
728799051
338259517
561314769
978456606
147626519
592767233
881353193
580480233
502298629
847560246
301632042
838157968
969789514
2142992
795811268
176809404
218191519
678608679
266904586
254982203
893244657
550933434
90436938
722391553
229724403
184897074
143028581
582559983
440817010
197081374
547962232
253581031
535093185
696533479
32742671
583298677
316667853
671636420
709669521
939194095
77048196
370811354
289858456
863945164
658165399
299466702
621155788
816034476
505681318
560267839
270202838
87853845
487736152
323473117
562977823
587429815
188362130
73861654
696208410
158281442
826887295
411314578
30560665
830218028
807422566
679248393
63224730
237577971
926068632
796683
939549821
173942498
895142349
305880948
125368741
253040908
118089414
951723628
132875386
244617452
796261506
966777601
27963233
911726889
475302317
964745068
866037356
319847837
497580547
675146498
516339160
634741607
41969443
419747918
495510657
706466951
811791928
449279137
25496273
133495455
574935415
426909416
30080539
405318587
391965983
207918292
326166055
780411472
241205428
658542990
719006201
107548934
301092458
584629319
210822755
6266215
5062052
114811131
882075297
457541926
818249107
349014275
6761686
381351005
772054839
945661764
543444452
482048506
503409620
31519706
106856896
593462053
186206118
936123772
169767851
109885485
256187942
754547580
667273068
699597649
587166972
612492414
9085362
904480626
947402715
188758735
449095775
115324446
802439695
241798592
618558146
178538817
994909653
834367432
521663960
689720538
76166631
13948557
203189404
225224233
272706967
52116689
18882019
523131360
454347797
87262358
384699913
363898696
634472077
646979673
423976982
731473030
416559239
637686600
675176809
814664230
629610312
525218909
27939921
372464511
564030241
613637243
839669517
923489845
381519686
365153656
916936579
935161742
362374326
908843996
129903207
192564860
922638970
349102001
889329964
22098222
564348818
756478452
474064176
830847584
668301166
882221847
974674832
936431818
371656983
438504974
208672128
607317691
334698594
423312695
403345732
394619176
171938202
667898333
629917859
982073477
85454896
785660840
750595382
294219193
523493435
464099263
970319459
366043463
717793763
951521885
587124025
576133407
252951689
386105791
541207244
918017072
110292165
535379147
829029570
386621556
577614686
656791763
543984079
374700251
248662252
486304442
434565184
398328321
488076802
966605634
59177566
746461227
872113565
868991965
699472366
28792497
30844628
254495562
987155539
298854502
677361595
968970912
510225788
672958231
139997817
702290465
339782975
110489378
269777695
978029068
166291408
96314141
979325838
793888649
781625577
104009779
321636761
129307281
628374783
489733187
522876141
481861397
154270551
660352904
946091550
399525704
93120140
124992240
913537629
726883811
26440637
873106233
434339947
867639703
829131378
6283858
710523379
49508228
247204700
36610491
958823272
378704859
785039641
918619920
519959146
610256015
549572487
65901876
97135483
432635489
683797233
737608861
973102555
197031188
199823820
748507763
716302991
942569831
924946881
949699783
574324367
730440031
283559180
453970324
341120554
510434630
581271664
185363242
665737192
835669030
585384312
103110459
102378861
496102672
897474258
202461271
148974244
806599954
121238574
86675541
211459860
757492911
398026635
817972295
927473838
65644120
26444256
278162045
332155539
123883334
494739834
228224149
921404749
770801258
469036110
60389637
621435597
944160036
405639924
149949428
497798513
125708945
781805817
582064428
35821668
523336936
614595887
461098136
292155082
105762414
555524318
189681864
271285285
655199896
101109747
730187310
202963777
660178202
839154752
11357930
404280406
528376163
621045635
965427940
883459772
571245813
384554058
745935194
236615554
681365057
429452669
156910275
563634446
504508141
140744218
588495647
323652049
2779301
640267009
100812219
910950463
996525199
255682352
140783972
286767178
573984247
354069066
601936696
26363003
304134636
576889104
965198739
461084372
707695730
947901109
153611310
344311489
626296244
187488926
519201619
964656316
676514896
444545339
688655469
966793513
170789896
460983745
757551855
865175008
78626391
851125504
274864973
429536878
862577903
539345713
901725516
766274738
292979030
983059277
812599114
693324945
99905351
521579830
743067786
342444284
266398058
380435325
370262013
772482875
222808504
165628478
685797744
554540686
831449073
745108699
597894552
105153433
46207139
512412211
364391928
151228305
319136257
751836688
215976463
15754550
199021068
382883983
907480690
921397289
397417280
672177446
471840215
640278244
486075265
51588353
993696484
568176632
105214927
97783298
60857672
913825254
846389339
198921415
734773400
723803438
252086316
212465377
343447135
695579169
797060261
248472963
340816958
421734562
120897277
314140692
609263611
508834615
123251581
412987567
263731388
458391422
232926475
767615437
652724634
433621874
884134554
566719418
509104460
57000636
849799184
722493997
784162277
644584377
186044481
113479693
745584412
229659033
421949525
693744121
905389714
654834527
662635068
996527210
548987029
897673911
459017891
829498606
939959166
978223
609546046
889477812
875667679
524179159
100122144
100991621
129064483
696571520
855306702
216332105
689054609
205950751
498933544
326135262
383748940
87703938
617876398
612783745
860297644
582439444
889704325
937786870
674587602
556570442
426367560
787028822
314468912
450412870
143723703
652265998
316612655
586695434
555044651
810241049
789854629
238582703
955905511
805447333
769564890
212991823
253118277
131896723
794280911
801642997
43311258
763035243
684401898
225007684
932944726
262310523
783866279
646479099
810718409
321169118
26192054
682644608
735407506
943418223
45165745
586152646
416459132
330712379
578869822
552113882
231714095
45965091
481243478
549966076
822652779
409545208
60839285
66095026
66836422
846503845
124856222
639156253
466675592
115868593
172197468
897537318
945709154
396762408
682719677
259858281
916862056
517972944
968167670
717718928
111318809
9350895
444737397
298400542
619196742
150082815
281701328
366657478
159752607
643349378
926311334
711464210
660954402
925697885
594236489
849000340
227468064
545836739
846363606
836643093
631794378
126200282
167919038
950648274
165646045
980109092
454827176
938527183
650697585
936427300
263014881
505427479
987619684
224821016
453717093
715775314
251821338
453437937
176608000
923116294
329787883
978141269
365182345
23524935
4367993
638062426
891836139
334285418
808559105
352927063
559785458
61935376
147459986
50878771
661570201
535822275
396489958
410710358
5138105
579394979
601440795
725074623
9108661
409667100
158429293
248026855
713606980
116197394
447183270
294208282
92179017
625974338
459109177
621964911
368664308
988653192
594526234
236428143
309835536
776860481
70396810
509655573
800602955
151013260
146699805
283361003
328472403
25947817
721115845
747918279
922062842
663332319
476092635
559961523
245420578
365589157
610476428
91953781
543543409
348239796
648016551
709756148
262752658
905838113
503340700
762789332
427353846
235881951
782757764
250396136
448383760
728860951
719343608
833874597
988529032
526585180
396857578
795355201
707803
765640521
450779656
322372628
39328772
319963182
111660381
189321770
968773927
867153137
92124184
202292216
668435161
142760686
916749696
39887991
455483720
144091544
743045804
367282359
985544476
768322026
882750869
662285750
615331286
649309405
857373076
397741992
273308252
116342149
294284710
414987086
651130237
93360560
953736301
872403407
889672607
550741652
994513295
868311013
502122274
571606162
74580084
244876111
890760644
522456665
332000007
574330518
489638554
548112914
413263997
698386943
272043810
492633923
945166091
702200675
300979193
487246284
131983281
124208858
334161889
155929415
807497281
924636958
453045191
222568041
471204258
834930404
612532668
407038825
832956434
933076812
969885220
973225323
365971437
279818681
390930580
366631465
440398382
724383634
891747207
884869818
12059848
545277028
814092264
90368018
381615400
560629106
124283830
673289125
283928093
643332530
19296663
614852505
93350293
746736895
82954319
932674203
532370260
386753093
340148338
330412492
482973398
431028774
969462525
365830047
607278783
582759164
85332484
488869824
836486922
797742685
150260165
186486508
521738979
51942475
236289995
457202824
22863997
1112899
773308772
860438049
833788770
226211239
967046647
811735830
192544323
170397677
204471394
353513004
742251752
110410562
685706149
607877256
482075549
917832180
872888875
469505369
776236221
32027709
496401040
943346504
476916560
204935648
521051677
416760378
670365735
867990445
193886050
36940290
363478439
314815391
775654072
613406923
880083397
802055557
154627050
669810698
404191394
296454836
675978149
926854379
581950497
914815240
515503885
878189150
760740635
486183161
853470559
749255213
977818294
650029006
154357119
842591806
38229344
309336492
336339535
377650967
472262973
993332136
778657891
569621649
323084459
613242050
692212377
755029100
990425924
677709839
31391166
459379362
133903565
130442915
616687868
337159067
658853117
658669629
723111451
986642015
867679254
136115080
338339663
151119266
264353752
912334504
193354918
477602034
471971496
195973930
386452156
871984377
405635394
307694773
569525383
544903489
699681219
53937346
833504941
625897239
484817865
700739569
462259210
700939470
30438104
530043300
767909069
441142607
701446536
7552306
900072534
37099680
204812141
797584464
692414466
936250340
840933889
783258129
256592389
342167572
911552945
238524660
68112824
272378128
557848920
670508636
535274116
883745778
483926851
937515803
715693142
716456100
589729820
92392309
50966581
638107394
599946113
224159955
773234413
776324425
343834425
905261458
124571533
39726729
580377888
243249905
622768474
976009854
411061737
383403342
786998134
917884607
345632958
785983951
905604519
627534521
262441682
674749019
271364148
639698212
244545950
845551820
166356661
743487328
248466250
205907069
287167119
948704603
606558898
154954237
475317565
957845819
566918356
235793505
423114302
616710773
281046312
393752869
383853023
609353760
198870692
95892004
612529435
904920141
22468969
621235156
478511125
881158249
217516515
492447812
974308407
883180571
697157701
617190181
595150555
133240471
343429146
568539159
669760896
470843050
159563113
221240598
669425976
382770127
219553148
258343151
726261524
217600836
662464882
932068892
846142285
458933195
47488075
469895434
46221651
168388938
523078957
906889210
889712458
916440096
824699035
609810640
415509976
978898276
467568966
993481009
843147266
761572091
233331269
557621213
519559816
603563796
708797631
502037624
444121963
666465861
43261604
244429985
323347654
817617040
221104325
368249093
447112321
938656789
601556994
949831112
380850140
418923879
317382494
3822958
936111376
581544374
63855905
14456924
100717670
52443098
72367973
216900568
614570007
419262781
38833537
283212125
919901818
773751444
726012051
810218701
504729351
349877162
205426151
762683659
46829655
874159288
636094868
447545513
719769084
776102721
219675383
181551653
302581288
329160048
45946583
516608512
143679748
547366506
895156278
43898701
643580450
432987551
893007710
928969634
267195268
433474248
563338081
883946371
856288880
514526064
402343328
701065729
430974097
703287862
295469354
963253606
634151865
780779838
721009731
342300837
29219930
62053632
455924993
530749161
886890365
925044220
273174003
959230875
508884947
781403116
617410378
997856329
280429601
252079014
992949164
232219761
530867810
201153613
600309613
588362694
110803872
97503615
462306826
788616313
75219990
341815888
154508725
57905196
777325309
73323334
477083433
426744048
850327409
238950485
317870016
735252016
163361985
719543360
608140223
858812671
174484621
843458083
406243797
163139729
192795944
984630144
211184884
323279048
913677320
382133287
2927315
591606658
530364616
613562582
266647042
684337159
83473684
192494116
495068126
3449436
437037979
961762032
600190224
245608186
525659507
537949347
858991000
20307483
253887681
121764025
553801279
258134890
25523519
668834833
456833330
653183338
680441919
712818702
196458126
149383924
718401357
949476806
310464641
235009658
483520898
15871526
929464232
346262299
12689631
29917265
250914610
258427270
685392761
351184750
659650117
832064282
578146077
370883066
923097428
559478355
765444812
236142953
811227306
501568937
888712146
120142753
801651912
972483870
217990108
70381205
80812096
385386026
770444189
847398617
992653425
931899527
267724282
585443695
165412134
675705012
244223425
879171766
493753881
628795960
367304086
772191675
554477624
592691978
670286193
473994546
750347247
987963711
899564120
811519195
401270645
39088796
966639863
667452967
740168011
827859592
109011658
431762641
39769356
196724544
615119398
400915100
678979751
294868004
816705353
112502974
222378842
175783391
604886735
780394304
664535179
123521018
1638787
781249998
679597297
95444376
9845498
631876849
673224328
652205771
510585283
260906763
405737411
141798118
134915006
444610571
133558199
418603921
265094830
254044943
725415772
620972306
936413750
915985409
690055657
275583152
837443328
349436061
549068934
563823014
128539355
19856899
897536137
856073535
810578571
976889720
947573435
761394903
765163071
166200704
8212720
330620904
533405946
748272165
354609305
467034123
442347398
761875902
141405810
721131232
523176479
379631463
699256245
287239324
654272946
270343014
608793743
765395235
689187524
5891766
214000854
121798372
387790877
884756370
828662225
690071084
519026534
836266072
747482179
777846841
138526161
815673040
663329308
215230538
466398268
339381771
210735931
38569258
630399134
356473016
767859406
803413784
892246394
333769704
320936285
278678600
3216010
100844984
275935305
133537723
595905121
500262114
152311136
958522113
650604665
290061291
91435956
882739396
987358106
780168159
109331851
63449569
96974738
407353153
660164219
257996005
968699037
661542764
473180455
630459004
662587595
878222479
847803834
868004737
50641539
707614698
112892419
962709254
207759209
571677209
101517474
170551998
741904327
855043935
189446685
246635420
856032472
172837743
311931298
381075896
872802731
169900977
327106732
444761502
925300385
658616935
346162011
648548876
240798058
708166483
349217081
882914079
51893771
96119690
703406852
396691138
764039110
736247611
622569190
15901812
29928685
587003392
297479736
39803748
407546018
150750576
87619847
104107311
110475568
386175521
183891625
428342334
605419881
975540900
14351758
840640309
417956061
390939289
396599286
842775965
21200888
247205664
935383608
96557795
388829227
943897137
28718665
374514143
155982078
160815443
752844251
189534973
926212393
326456517
139544204
252114542
144368950
479750948
978687696
631322430
741039117
538319806
106065955
655766960
242238663
270203031
500310884
203058104
516950502
513059460
274750879
706008913
797084001
624038746
354974653
458190437
482639797
723555624
815154575
130588954
451265847
136454595
550015581
392174963
709203131
526282302
782651962
873304586
620860270
492693390
575007531
787949901
196634386
806868497
412952151
170131160
404362435
551840850
465109953
801241520
815252851
503949528
855938761
434250374
994991714
846920916
829442822
394093330
541402891
898898829
651406259
524287976
948952503
65459361
271253041
263056706
532359545
723239118
65541846
484097764
386101657
746783520
575105809
305363139
373784668
256267560
575721430
895019562
917219329
797491786
338409190
883655708
479168486
177981304
269254897
70279420
698276231
877639040
270624281
275291301
567044242
886811279
242846425
859544330
482379024
30071101
221309649
22097005
958138473
636894134
186435180
938029372
612779742
277097225
521331204
341315595
975258059
689129858
843427544
515777214
468711528
848525462
788686128
577588827
808101710
453486568
942094211
711909666
532725127
985450861
51149981
103888105
301441704
282373829
580008785
137604095
137687888
147467612
278146701
504153349
747796338
965618338
586222046
38991440
542728712
106734333
330790870
583158161
549003516
93276425
748650416
340103601
554636455
86098519
904555289
327017278
561781232
86576675
217424018
440713205
496460794
933852387
940834234
563272594
70257924
6895545
577707167
475321846
110703349
37016330
666651502
488088996
774585968
759643335
609275095
427177992
301533543
735837333
149119817
136266866
279100924
291423110
639282210
155117732
850718143
441225025
772246066
129205709
638340865
58521087
674760999
751242607
446331374
414111527
204200777
531264891
949582696
362298954
728300450
819108027
481413762
908825363
177569587
351362854
110111720
557621649
101125200
871069110
409841388
808074140
357445999
478913585
400360695
962126141
574171812
658198201
295813456
974814287
761736520
613754539
155904936
953790680
536157334
464864418
280875468
983783683
829645631
530767518
398734930
178535134
533089162
292080333
408006463
401392991
578767676
419830201
834741378
968210698
650376431
78872309
870882440
842107892
815545604
242488027
78096874
841711148
950695375
236597883
351012531
557869305
347018520
626497060
328018010
771818070
990107873
581903598
799176441
274117317
227601730
510316593
511013985
648784557
365964301
752754535
959712720
454023114
562662691
316985076
730095514
397226691
295318401
388362018
970684827
546949310
504780986
147036668
772895024
292177578
173733187
710412797
402285436
239546569
511154249
579074728
133221284
796578881
269757082
549764420
328679880
879869258
11597112
368192151
432255561
472937575
583740983
847906259
836318801
688418556
529015862
531931753
308757087
365178444
332314892
272219353
903691957
661896951
136381291
231947176
697352846
436642950
165903988
325792168
922939406
816886778
855739121
149108007
592676249
217728156
796555830
600114118
277994147
445363151
696050351
677622639
415109213
239832106
850758723
56240863
255368569
779518124
619877552
866531299
621552059
753448280
127198952
882267613
591293761
251073683
626137336
587067959
576231323
322376009
994984823
407699414
690211669
977641442
559966719
175937498
209387956
78933590
979569430
333706612
137958555
320497705
820146958
856636054
64016050
565778280
456317155
182679222
108369480
973159096
90082573
733810572
616389500
751997787
253661691
319699035
235458619
200858621
59573074
6371258
802651891
216338190
888076023
576980278
728932769
172970627
83841655
695816644
586917108
535763672
741616236
601728866
760718124
253876932
966290098
854140383
802647488
861795578
195163560
72200213
238861462
221209254
47946338
176814907
618493274
994233202
521895498
685724304
278835953
144547416
724678084
122752718
122999610
826910583
392427476
576348021
279756376
8332003
22686434
647877264
530677570
535310897
386536966
856816446
621643672
744250587
121011671
63793313
13785150
545884949
46415999
933768793
584662738
99539038
628514754
517517292
818001533
473812674
160905689
56198775
490620451
898820403
735915144
297982859
921365323
975291247
819516631
752190566
859513168
711760461
442253105
218787459
565485262
635219589
490682664
75040696
598646989
375906679
818862374
134342843
862689528
537050379
321772973
653171716
515207005
629485874
500004061
56577049
992716019
873265371
5925038
637844132
761734257
439822346
229380943
881890030
501312112
360527513
670576707
411755698
846595754
263513959
890377228
196849492
972495611
345749273
221088016
250787026
849338904
586033044
475872239
994869969
482191896
165082878
391393201
797715220
517690154
29887327
219448629
98207149
312852077
331634091
672172450
746528832
789286805
372581037
768847363
42240484
498726701
523922835
50516706
46976121
947196694
183695391
88451673
610460909
576004438
506326957
796973004
302645734
293542926
997486358
63851405
752048936
183171389
950226018
72652538
869344331
172982122
729768271
906787555
596184869
678604794
19875353
220776051
627573678
353576878
264251255
483079392
676889430
464241904
663448859
39444885
667304802
621005213
256155432
194521574
906916564
406435433
862233123
266847657
241662667
269573954
599321654
997606471
795488601
518135771
476949768
917044736
627759515
566852428
956398349
417083902
675936354
376345535
69238446
929918885
682781700
349023412
958765395
217863912
25929989
703852145
698452919
89609287
57892972
268056545
363072091
680258976
534108696
349744734
439691681
93440038
261201008
336563333
235260880
746468825
95225451
641424222
625934490
989950609
131508330
554443702
643323194
164309247
588519119
232969535
366509813
498256278
681775169
821150561
106874510
88223115
223636920
873717150
716856505
436454769
382152579
177664473
365499923
151015471
381745182
843462673
274174075
926680601
407006721
525739894
36070679
453195842
980902196
712521278
888112589
343414528
43344844
98849066
610226877
937441221
777305600
100579360
925378982
44323512
491013133
520908546
835185810
184028497
794252951
798586052
458243931
410029060
527650027
703482771
815723651
872641808
863087207
861995255
501178578
692581922
612969229
250484500
349484864
90397926
981254575
94680989
88186673
126656512
532411518
417152756
403440583
35138378
616430987
867419008
377375974
827350011
593142107
211632187
535983613
174555352
564206858
240642230
428196643
852130552
59809844
318113470
839138310
469694156
256811162
834931624
385031237
576499120
893965613
446658246
640326702
512961083
993615329
627651935
800664224
633114420
570534847
801868751
693774276
130796445
156127446
413548328
500630087
266155938
928443430
334784857
695391081
568377491
244935595
856734673
541652109
301531930
949930570
575655802
922444392
791219117
382137922
342966719
490926857
846790217
198528312
819789805
436395426
977941736
671746055
464408700
197167976
640197424
498601170
159098938
334390620
271998156
389847894
216251640
878651159
349149552
290134058
69406936
429052968
829243769
614730684
911426731
82151899
496448581
802693120
263610040
939306869
90340639
354202358
868098827
711300073
846092895
311141701
367509619
849118895
589735336
810384587
657708670
571255324
881512489
681737178
998364349
955765170
695401543
282888637
282663190
721121773
781732652
597249760
674852127
933030588
10859257
24710529
777242627
851492495
196725233
679846168
825560018
109234932
538337305
142915287
446664743
406189328
190808706
825114911
738858908
898905910
857491587
384356767
84836190
395029960
850804871
28193998
259017086
18432885
565842622
229526800
892094273
811634855
238593597
778744506
621018981
314793595
687638536
654791785
612319828
220790246
609297616
513476668
928359653
95008235
804895366
489375989
972357111
815730689
22954238
907185605
959550515
2440140
696987551
503876208
516171260
385413799
759456942
10703369
78897016
250889404
840242564
214416752
731134088
691304674
328804568
99046687
678606348
638355517
992017095
525238337
954213495
648574903
237732059
990173158
482463922
990911643
317779999
483613538
206762685
712412852
331730910
946761952
42439255
850724704
169567558
136656752
313600902
630275394
349166953
939398189
576582337
582923368
170977408
152468226
748722595
457536236
548928311
766684453
42183973
257971800
360416193
731868490
205000141
272130994
537154564
170794669
235183559
8068456
880387712
602915572
798405823
629422085
774124062
61305459
462085373
196074496
198581235
713886111
491700533
760032077
808060590
986951061
322943500
1969208
872096888
233007423
806672607
588522611
972951331
285994981
270213182
420719123
335110302
402297858
500182708
545386565
776149846
738106024
665194686
326575244
167752880
397249396
23066500
970428859
977284356
115718198
107537699
97524648
731095398
590995877
147390965
491919303
333125991
558063662
741344110
832475160
787736684
720982607
102730977
337397699
80605307
733649338
216352784
828147606
405568143
828461965
667780644
779831596
695100400
933803450
30512130
126250493
895476343
271911023
106217214
6439435
697336937
957380567
232267887
636635626
524111616
434941186
260825068
219455092
598148548
806306599
365807281
942110003
284067741
360643954
328275923
401081678
910855473
187262706
144649736
444011891
492057714
481239779
554779599
971936637
416519844
78170358
409372252
932413926
74207313
671132003
742186057
596322843
454878856
892398173
991554384
802790276
417336751
803651462
682615740
966156041
398085208
963607398
955665521
736860180
768774994
700265920
27243355
10354040
728720576
143476895
361776677
911195255
939679615
665666242
743089183
122245217
67346712
887238765
676822156
435785449
180703195
716839243
221278268
974158861
7301076
442029923
767356825
503595297
812081148
653673873
104297682
348907116
720897053
831530740
262380764
985669252
906371258
87182875
754607129
997125546
444605122
279241823
30128625
784317971
833023930
245490927
370460294
949237168
9444559
716350264
66468588
660676764
900371102
486396567
378093286
741388221
221663076
459295220
525241404
595159353
142617893
344538326
883147715
462209748
128083859
712454482
411484492
6813059
24924599
314885028
914921027
817273354
253162976
705715286
578363913
330517903
320222736
687569608
741048480
692346831
334664197
602824798
394949522
313199610
855443941
667540433
517611791
48984041
752992024
644475381
152416548
669346353
7832229
109753727
891758656
270270954
21626031
685279846
722678073
525113130
288774052
994136275
276819624
760332789
972975529
210211217
326372819
207635005
58765236
97105304
633654219
605676413
892918809
781430325
783515441
139651546
257405746
316283641
235562988
328562889
631229064
78194335
531753291
221649050
100703579
956953555
19299319
825164421
47736355
593083804
521562648
34075009
668964783
718007139
466682163
876989143
465585873
793929199
402407980
432629446
559719097
523197576
392267276
977462901
21503842
99823387
7292038
109926550
719390934
525451472
213747077
145506917
888629661
312148189
125337858
698184755
246711666
259535915
827283183
732932328
916592927
767971338
768828872
801238554
13303594
38901166
440524820
67258280
526535328
763740303
545624585
233828968
115504123
673793902
834190493
657560637
571385349
48621677
870470734
479202907
518823762
359014468
623407625
184117573
344181654
792779035
935000969
154663017
362821046
69308921
830009207
627097568
831315598
340537406
357455448
69347086
745783275
817961624
142530933
478933238
352530138
645416589
709020541
102879728
778182332
861226844
490230732
59279033
981163856
475966294
177269885
172980582
537144919
368625546
551196845
821143409
422512411
186999611
81842747
201720364
939208811
686015263
859581032
71794111
925713638
888484761
382991753
109091256
407637368
331131025
26628666
777215208
656505004
24674686
914484426
783109477
43114143
62680351
625784570
609373226
186157096
870817941
433252336
157423601
438400713
242302685
940305949
849850970
910556481
40812588
766483944
11843091
347841609
809051097
740055182
924671792
972953770
987156373
100281297
72522103
125986419
331020870
997198231
726801951
749661421
238007622
311323719
495360021
974909851
759455315
169113637
311124612
180378425
230402728
900427899
729036433
40624567
202224106
97694448
187897901
328890051
365594227
898207783
562871343
992159765
270428754
898890737
484846750
606055002
654834565
899461637
750788388
6499376
566002931
532997736
333131807
837404259
427735809
740973226
883121531
321125417
127261154
533224759
9331800
551583684
148585844
239410054
731243377
523303844
794897646
587556591
195471846
491915459
184971817
44403363
930304993
762127956
538004285
249659581
414553690
450906419
5116192
91410845
70701802
853547933
890625234
558086656
650510115
772924798
167396685
229066222
728471704
739100827
768820487
882716441
139454957
236494585
784889159
115159551
565367907
512880083
106123198
350991472
618786203
861567234
724338045
380448079
947852850
969836754
3303718
605513840
596283126
249703988
14491357
141617683
819373167
145241491
323652135
361085678
295580392
700530593
627258705
636028803
738508684
860441737
732733040
135131351
620674633
480812530
258964862
216027250
645489509
719834239
324156192
869976132
176927640
31683882
829271004
317417488
462859884
6578311
92583344
497597552
524306653
496641149
930554331
400819314
464126850
44754441
384187743
90790289
257347075
950441537
787384371
237453042
693086683
756237558
54168844
972148386
819351167
862868838
265474731
145890733
686433030
223842205
258130161
685902225
292283242
185920606
103675348
453871805
838332469
729188022
785975537
77531347
612765599
694226217
416107297
784443252
292256649
665021312
552459301
572785753
716189148
507866420
216823844
901938844
461510726
885283205
221902820
866420780
288302472
741101865
845695637
289414911
397582006
400631154
687634382
539521835
838058264
935674288
235768011
806298667
352277476
589313112
887587224
124728806
732629497
695305544
882548412
199822595
744274876
251395120
527980249
616263493
336672683
618095406
495696493
229286009
110197708
456570475
365260457
748732334
837259395
764167456
757441856
816970589
942501347
79237823
263620518
627585590
713139580
32050431
583354429
266301243
5523879
896580757
484600676
648400288
856757154
486465254
502916695
650370856
428269752
687753028
462507163
236669974
302892692
817898704
415950282
380077646
872431970
381511779
267932147
202161138
890726762
963416564
781972883
989744965
552609223
456718654
234898074
296723572
883170701
784822997
523508613
286898041
492907584
978446316
855900505
389330496
553752190
99564025
96898574
356855103
275181275
154937249
16675879
21163313
482161087
41632394
860262847
693108593
56868350
858257332
126071814
611605001
590604575
721895526
848304081
887266686
58359160
205333441
965332150
291765418
646815579
338951484
218960248
15761423
347058846
827635904
438376933
340269696
194266124
944331257
745970050
69912448
180453797
265717963
99547641
390092338
998120000
963529185
592980850
120588032
139811983
590409076
331390300
453755001
683002992
88544315
367250063
461907753
510034312
126558342
978190105
757815239
712201773
429443576
549101727
468331455
319963530
600495004
954973702
902674293
732827557
15647910
668117367
939640225
710409194
888087898
418047752
97107626
457402989
722416417
165285748
182131495
844161619
425747335
469728394
395327312
709476086
229866966
907523308
709854367
27559638
291228564
104827983
909376610
858782843
910991571
892428303
96613121
711798069
531625592
279991650
687186539
549158061
210355886
406712258
342437420
279602337
687107305
404289291
520344992
898567170
808980463
300376571
883553311
469666256
375592637
918924822
744535202
648910608
824554049
845437145
656616238
705850254
689445956
374106225
939941841
555039588
763292899
5137789
123075402
960962192
827888189
252016993
734667940
132241883
805720798
288159516
605913703
447981201
168486289
872211641
294104484
158647397
898600072
719666398
385144465
134317672
688140431
40256005
849367598
767289670
528044366
485278861
263414348
69765542
992773821
576479633
61512686
641570459
100176349
425002456
523116292
14219180
761285774
379541017
141229423
990995762
366920289
120940008
770313757
37629049
926759259
485929117
417339399
304446234
319217886
720294079
23888372
820086003
702969234
391454777
311980451
978148591
791167609
52241228
337436852
97413262
913268548
683099161
597573696
435918100
645556089
633987176
376896414
860720973
923764276
241647129
743408967
506944419
27774713
888872148
689172549
301965863
579122099
130184984
630847849
41017585
915020785
234066448
486692061
584136716
405592285
710058183
793415697
712899147
598677394
449999544
659049134
937498092
760137825
794519570
615574407
921626886
379186078
10420846
237309491
286042835
323454272
443457016
366520409
11146373
658912729
536799341
840927006
985010969
413385354
699263760
947978011
262365567
301879003
538975890
121342616
553779686
22782552
613487708
569034391
302301247
90695798
268348783
856332148
469468681
857447033
560220387
688189247
227015588
257705796
343573703
556606022
518195449
493957967
376795693
352826031
781511276
231670670
637142319
32358660
112715003
954736385
32774914
129771091
391116360
821469084
907696113
517461335
41393736
308762401
9585940
165515319
576774792
613085983
415982239
402026012
582177577
936855536
332324945
281901105
269742351
365467421
571779317
768978370
889161616
794499838
666841221
157098731
395716947
165690996
662544069
566974621
339896187
533391176
585919397
910322488
986251001
544160506
85186145
978231677
749144199
695928557
189318336
802189080
679049482
171358978
662983718
656007073
303741247
203129798
327333900
968885596
692949790
389066680
790115354
922390393
877819180
798767805
764299566
150877136
874639067
21103260
770605476
120674151
297504111
329360360
549682461
607826272
936064775
846698185
51553763
407670889
193855243
880359369
795524161
310894514
464276906
662300799
937212072
384295658
945783
795262487
95930180
980910286
305144840
922077840
445717030
183333707
462796927
612013598
133095597
601514040
329678873
782901751
344715022
876607385
735826765
635651275
596539875
261772616
774756228
416322219
870733401
896632772
546119361
858611075
475176868
706832208
192855740
214195417
117997830
226586250
203490794
308594858
301033803
343579620
519384304
806548186
560591650
369168174
946457346
590328655
480840873
524520355
167752048
296361473
722899435
770240120
743019482
224468431
525663574
236787806
332926511
662722300
967500640
720306212
862430113
433126899
938600768
570564735
86511957
14638277
743721220
525071287
465253754
325079300
203706389
321102234
741275507
628592242
429597053
784795112
271741249
459251027
374434867
848829561
567182596
38121611
906511359
601388428
92535781
386547376
431792282
430191762
445029608
859548868
823589515
23188392
120805143
920747834
498155345
90330667
769268298
856347995
452320054
747336592
358601438
404040606
196666169
713404055
91880409
385282269
784098069
778971481
7397774
777716331
556497352
239184519
959979542
133014067
978134650
164952498
151178500
954255849
214391750
643304287
612204344
439190136
628413330
19302071
694286771
594259097
316133486
277225753
843912681
530853662
794921717
439878753
27834472
296733321
431969942
848727852
817493856
457316818
717802059
373477121
457968298
922907293
865831652
391185294
758879653
769226846
331376266
116097587
887483158
737411844
890616957
143446844
446722334
910105193
791455113
446946792
33010784
790898084
811502381
216993992
90400699
542372072
862379595
764965207
687316111
664726086
285546523
799832486
648201271
10904106
864726343
376968933
580272595
390879739
783373125
450929405
280308475
275772401
701266375
673111550
761351762
651052270
141102826
39594839
175239109
232937920
267606705
682730450
507141187
712704462
151884355
763292212
107698937
880091468
169239422
38699329
960285759
425403079
73698073
752303049
43280218
826541862
826797010
378966781
56903923
59158823
200840032
99300370
696092130
881056730
58095608
86846482
271592600
420146016
808434790
558339830
899385292
656702449
21997029
209656796
402984443
421352628
752841167
383141403
919092516
43829050
823243296
956402349
623939194
882248805
691154385
682352998
87092720
660103253
664768328
200233211
982327910
547550321
241113439
164223841
641350869
39270909
533041437
828827894
967881325
511945009
285215436
822076451
580704809
888041195
559356827
776387135
138179262
731528576
521413536
253909127
244492438
28992026
805085932
994983330
683365614
107877104
61620985
844015375
513183979
65957398
600168169
924170536
249096318
279334488
817064481
418789800
552128885
224584879
94176010
875281648
793869031
742821583
670255542
327495801
12008768
397066287
76423488
151945208
308447982
478487295
745681944
852962742
958412779
854179389
106025487
561398148
642125115
505301720
377052415
167791944
176397534
793729267
572667870
380908851
663440796
464204460
477571205
757419559
305085739
590549907
225059751
526015111
623602375
228002915
476559137
465758824
351682543
406180924
388269636
56373762
683437763
692184302
758758461
484377792
948221005
211405251
543258808
211688679
181611679
200995787
525763692
659710787
747380738
379453577
682510321
490417572
935304103
978619810
127551519
844110165
283979438
61203055
964183717
52136030
660591523
348159415
421411396
557792338
999669909
200278953
490855469
692624894
899590519
181480027
853982314
175881109
923207754
972144506
859940
143944078
924638001
624825923
553857590
918648052
477549511
791949991
354885418
618622914
242355362
101366306
947763431
647428095
455979100
584040372
472055242
594482879
996101896
117685736
883067080
121436446
280986667
665892262
467313762
652098159
341204259
51844249
207267433
296691090
385230053
952869021
964730277
697826416
402560365
730816952
563393495
905827277
990780905
106253055
372198969
399158277
406159809
200706909
18301614
922714442
247950881
440789998
108235193
520627455
278811538
639462947
438758288
847267954
877377268
268024234
979561065
964466214
638795889
971017294
702882967
656515638
347810468
509661960
3889492
153983035
708018823
715818302
719531165
830621128
518231093
227241113
398548210
425364758
994732855
284424170
684612557
326087741
381010481
75665648
595844183
288906597
718171092
929588415
691289243
838907903
322055487
156532114
503644178
134323411
720608706
383432254
341116848
248033942
576194444
753572351
603447427
629592701
5241336
381618299
627850769
697412829
279700894
19421952
624778145
993678715
479661278
128022716
873890025
231440674
250834687
897154537
311988279
846791546
547962781
923528781
624316031
14307069
828660028
883366741
55071958
887721319
358759314
882670530
533143956
612631011
161806752
778720058
818034116
95360458
594178242
226566987
290616764
154238859
213292548
838893672
952245595
244176038
442264745
630577847
96069237
483303595
536186577
819192105
80837463
208768659
901482594
840520377
7200071
730447929
96689026
812384156
440470888
926609881
674237166
659255449
416265389
31879254
263523994
669858376
791199527
410443852
704304350
887442822
675619041
922370219
940479190
63263855
488923567
395923963
534375307
990441401
599001741
811558215
75968
562867940
24662458
170398409
329206151
586456147
828487525
874401828
10594365
357623961
525958300
699190466
115211347
104547708
362644690
173619292
956220582
62256088
936542120
153069810
915352277
192739279
792500072
165183330
969707914
341284673
42903655
652494531
221868462
80180568
18810316
221099503
986232955
579373797
736298025
461595160
451120737
775427794
376893533
403859109
207282479
411727329
930250937
975901409
907911856
962845632
580414772
40291548
939255384
902872704
654394895
979611786
893996956
422764334
189011665
221778421
569620300
534654387
59266154
554217809
926452380
830309802
688660026
836317659
717432807
898024453
190709185
225563007
61661701
590867710
404507221
501123518
734956547
201295280
616896566
561704263
768362311
858478950
948933392
552257194
183810937
764057240
417624655
511331473
47140206
178088467
18944067
509721177
756916283
662423126
861979140
260901157
173874620
115757631
930276606
199575691
4199533
630120706
181641917
533553323
221885159
842016523
39737801
259821680
350983934
529931071
580006464
122128095
999331381
878935385
208498017
545651506
198980444
136944068
794186747
895600031
355152015
234405068
913883031
340539609
507375365
131476639
300497357
858976305
879087386
67244830
403996559
624968410
676377886
753448052
41311144
808889595
97906847
463449061
435797182
706116178
115985082
848428421
808505515
117192037
86839227
928919729
827307280
366806249
150203956
166405572
720289969
546835257
208791568
177878901
333542386
365526843
103754496
440745513
947221066
497603149
469981391
612780981
684789967
443979137
233702188
374370783
786763334
810872386
527238376
606128001
311078690
787989924
268729214
489412205
96622254
641632674
907419334
243529840
107230306
99809117
685095476
60151997
551986847
244654855
544948208
931165929
515393927
565059332
994161387
919924698
408844977
674992665
179447176
773012162
323318730
48621857
648372431
10940235
764967209
974083772
809344917
219335758
820115569
464229278
421636558
83667639
90442580
513065173
590846129
728585710
5967498
49374098
968546788
165424998
107485373
87380318
745716579
556699552
939541306
661955552
323274854
66781931
683320674
514848561
462851071
20755159
316334935
405895607
993633002
849074143
585195026
275544310
348994593
939868755
951492778
277456749
60761888
479990483
874160130
247943630
420061531
597724996
330622827
712667437
419284464
864124817
971441691
226760995
863504121
887711869
577526270
595064445
797361441
33561739
827663616
112950735
644680300
275493667
520176135
309342991
552510989
211027487
891070273
709224636
621198043
678350865
575932309
458620099
973308984
551066779
526365203
587102981
796846750
562043578
142523692
205270857
2887926
45146443
392279902
649460119
853020017
424336833
194544283
567795446
104178323
87935713
771431839
771736428
391918125
161770421
198530994
606096652
877539917
59802982
631404829
388327315
825305174
817101766
670859577
663633584
485854168
320753783
286976246
771436925
229643723
555462119
33707703
778779058
163573255
370302985
745198876
401692093
763957226
95053461
274804886
438386887
115432978
858223972
801026799
991705815
327855368
706922350
230456743
150636035
493916561
473324605
856402690
370158723
863384202
965237570
925559173
927120133
675003292
472707857
97221934
679029334
39273845
122131128
733763840
743149692
145474862
440991149
939420506
696747388
510143851
588272105
533421389
189061163
36610852
811268638
552257313
883606388
652451653
404573292
490505663
746849427
855194917
718176178
825343347
251617372
404946070
651689619
357503202
516356042
764528266
521586578
853066196
718066489
948961537
474532763
925832366
344252445
923861271
740419094
396237589
680600804
506538575
169903426
521711608
285840572
342654592
622261296
812715942
223297160
953423917
132954826
243822319
675771493
14516982
600357128
7463797
890765480
320360833
770370034
430438172
830619103
937316932
94321672
298423015
468130856
634565785
940592455
839352267
107271647
756492036
763402048
268506059
940766
316681094
327746000
87729344
520308049
720725307
562686975
256697973
61052100
445283920
608191348
885041636
339114102
335461114
271948698
596621695
556541769
463057137
991296857
389794752
502598788
170662046
880136258
765442829
883063063
375317138
90428701
972678776
223018787
826113060
797095177
609851893
420478793
684506335
398297927
805485623
938540729
549699043
607443274
447269339
533684920
646408259
388325373
509020376
668039371
901477891
38310204
16503012
331880355
607300449
825004355
345254784
984475233
487199145
127428204
312039895
955687681
483571158
575296155
424873368
169642558
240077914
538068394
828464547
297465957
668120374
832755576
561030722
873482596
86544360
998452463
741932934
917476933
563174360
445375960
17453784
601219984
78422720
877775491
752640189
255409676
841189784
579259014
69705479
918454138
502887162
973081855
86940337
598290690
131103005
863705748
929940444
326632130
107869440
704211803
284930297
166897059
577888901
28040890
164699249
742423594
296124402
635366817
336912381
513942545
505245560
112550054
188182693
530983600
94540613
836589985
56363786
813379324
986902601
109829416
415432691
925267412
24756999
540347295
832880026
239477304
750228546
663069719
478749277
487023681
501220123
726952603
661244797
75949705
124143463
459974113
995983835
986788124
810006492
692141297
849440423
174611616
690926353
449364373
858315178
381162473
29182114
739482907
312560181
247585185
336573464
285621391
785752050
1440396
97781518
464649059
845996022
546275661
553083415
722314382
267356253
227232904
292570720
443458008
862664110
512303138
936695603
604617317
816546899
638827136
155141567
603807690
95782329
32435126
94709151
425276911
583419440
626483428
824507410
693204135
798086775
123861376
849199452
370675028
754428463
56663825
748248552
53050471
234826374
925969015
893653110
861347146
56657494
771498954
834761996
199829120
381453622
447314565
283202581
66327348
654263073
181837748
147987984
359556271
306976253
848889663
813686496
287074391
113091526
920291006
298253783
35602596
116623066
155719644
111543378
286302159
453112271
14541601
970699247
882991287
176800153
741947233
140352595
457564110
469102191
501924591
218639263
669125726
661973460
432849392
390127670
282929637
965276796
298781592
99359198
128949644
704061108
572133360
882964092
54721822
80154904
333085113
414360310
188733775
143783164
713131600
986893386
424728590
887422298
788663869
35768616
748956313
164984871
676674430
703901785
751569400
749653543
455844707
394006680
417048780
996076447
676027154
19230804
52147792
565552513
870264207
72922429
878835001
625983938
763923683
186077163
518967802
681661217
371702816
126590846
594524405
951487715
163950736
119395663
771508244
108178563
920493536
665285081
64904283
812087345
31992258
391535021
733036900
902203942
662527993
915885702
478327913
782374248
289863614
850158366
128713502
383955080
601792031
931341587
452199048
446542428
677444210
632423220
862330081
807448394
330521187
430088675
995443776
245263625
491980591
720230254
311531623
302015856
14496081
452921649
630446450
402723503
173832924
71416954
120494425
414532192
187129202
472721312
717488112
790508812
3547922
116300322
981030457
841728933
896288669
480019531
676653555
420192620
809918455
696426863
265333277
114997474
792792847
263659746
277101079
930306492
902094384
919957412
885899090
742941201
68137059
864116321
361950868
79235981
303580108
9943009
84792916
824898344
807582021
644595523
235381453
771920963
809699772
331201086
498569455
959462000
961175831
348532365
695716817
211904002
233645765
53789525
501467224
839005019
215526911
825449710
965029976
184515782
1346511
504142191
230756252
252942028
308264225
100698613
896264538
587040792
458326306
376050566
4978971
837167394
299808947
78341680
718900159
496415
121349417
121335244
272182712
290293486
619306831
916125827
844588370
801129499
154435783
174783903
421103015
268691109
346084763
334912195
596399785
996808636
16783842
233031695
143606454
988891177
225314064
20784758
26947935
1392269
639919806
308465378
609690232
934470670
64773334
574503135
314071990
530986565
323170096
732508515
600609347
202704779
185339149
446183096
97374411
164646032
738440951
270565940
227519648
160400172
997015185
150815166
626143490
432947190
366644836
420301877
56667180
99177126
153444860
180831646
730814352
104319370
163259044
829449542
84296096
159168803
333872153
193658305
244742963
500739333
157842442
500002500
332066115
388762412
188441458
832144805
501989617
38857808
853107848
276600770
928043701
490799175
495426321
735040130
898401190
538410651
686411252
840324523
757677676
404043900
787589115
675637375
589120892
317741106
784178835
469145830
750188935
906652258
554456849
741037868
132743009
706668649
240071484
206970703
396410578
411046831
437690207
725256616
179307374
439504835
594692315
581317009
100663388
621963710
356379622
385086176
316979191
510441294
721269149
549687789
610470445
431074001
450104561
816837751
442543855
996741568
673695871
516225978
718192133
783206860
806928419
368646925
181852410
944068577
668531338
774373673
745640384
289839403
43621527
925876211
265852830
777184077
612585306
865942555
808396051
45192383
124846510
106839494
867702972
221874909
246575609
544227279
787603602
808939408
775229377
512619297
411221369
847373849
343516300
194134820
530112112
297482934
585771920
974508689
79641164
868512148
421713543
476395480
434233295
487836471
431734556
417232013
252932553
23357543
121892152
145304029
854621639
107294421
309785264
910720947
505105033
946913980
823823246
141228530
324412285
573645529
729279813
719805213
406521643
541152012
231830360
80597224
256367452
844004377
878145793
637161028
57592442
774778842
211651678
923491419
43881773
943051168
44181490
955119
857983007
219854904
527382453
933926494
509121402
875820028
395353882
797525420
707659068
28998008
316079535
276571983
910660073
518635165
586466144
70551481
159971504
698112237
329129495
945775365
627859221
746077580
476541033
441537152
249906067
661680214
560482603
138090117
729789968
321016899
561409621
591100823
29468629
179712414
206103502
796438312
31069123
281088386
92519465
520896433
247149147
9932780
849942530
837663234
399113107
948181247
433579489
226601886
446266744
995511793
787615569
853501825
599867375
843804149
918048583
580737044
27203036
697832797
168185842
363213291
800397082
366058979
435207992
539562495
143168181
328043131
679416287
706870835
665067329
336614054
160035651
868680304
102875286
93990456
829350338
550401950
204723002
453939557
176382746
578851888
774746055
9686174
680297462
17346145
122261712
765661401
525951519
29959644
840710303
23032500
918883200
362784127
456851419
770266155
899022341
98704742
509461480
1335325
626541796
467121318
225032128
367743608
692832944
94145766
316901350
9218
705353955
346747392
960045512
231344973
699334500
193026680
774191110
667236202
989987938
721392950
23629187
159220588
111043462
207413094
432851443
123858105
860231994
747882634
482494181
403668489
504043241
907538735
616550964
662240767
568500743
368295552
836761320
857668861
574404734
171709665
864001727
918358491
299814126
138209783
906846745
534183797
531676330
264335524
254061783
838991507
363118787
67359384
410403769
578306320
227679547
40755937
826070585
504011645
285139763
365701552
576031006
236378958
71833297
265549221
424749014
694650278
235059264
518679514
570435046
23781340
617631179
212965056
571251862
518841007
40160316
732348869
664404871
313874479
922828129
343081710
937233627
660444700
692482753
786006660
803060846
734924939
291545751
930758405
782270587
424593941
126120448
952634707
338073379
495942573
555848392
151502256
320360384
541919183
284171215
857915821
646902006
158226142
714545990
263541934
683592660
635364922
233203837
250911563
653794464
876358398
377863219
224306183
820135435
305027714
948977434
710335721
648667325
602260874
318925598
483754293
381613023
359911099
910816373
626538064
992007851
673736195
520951818
697230419
444918322
919495239
78888269
124478352
389153323
729958232
76977677
881615472
46779781
28369340
709358577
668439752
309752241
294822823
94414846
865731735
249074522
717162344
493723359
718017030
223646246
321291567
643163416
660804294
148958961
692660906
658616195
64762112
133214444
139479878
830557562
915809511
407191957
579476271
487099292
136866005
531376496
455606402
305797752
53575080
614164341
759887483
390143508
67448947
250527060
295351452
136192298
296684517
408139862
388145136
523779988
846566421
927060639
967321026
275851954
572799734
10141467
765799912
452990276
742900933
429415100
897648345
497314204
416655156
430093053
276444959
966715081
401667146
109357297
732843792
734020201
298631051
482373971
365367549
420263311
83620966
468884742
265066341
767891173
781850108
547771873
584695159
635642002
816241019
386332297
740547891
883081278
362937197
866666487
155149935
663430115
145158551
751202858
606478834
567148332
815198833
543057094
683746291
466787317
31323440
562090413
167225216
236343606
857613640
251847344
693925745
789186149
883371776
452367614
777060097
578743781
452926342
239071694
50952499
451286487
911557595
313198102
585264016
132512748
704657908
149912257
559899832
163886230
768237841
863172688
406504503
218664708
99338808
451590046
858649331
512363094
117799216
285985688
345279464
197057274
557588380
353428072
841402474
572604742
36448825
441500601
599163838
469086998
115212739
968093315
380243739
501292626
771621380
140134769
37479975
401107553
692119525
816663960
801342812
300683143
578857510
975991158
225042291
730645896
107885433
980418220
544026187
378273687
810198944
798945624
868525325
471105735
654531178
579953896
879591267
159662858
148251702
27292123
940376187
79104414
681333150
688971806
364058091
309627680
945994178
999482400
208715044
728526227
343305491
575023856
133888114
137937875
874212541
757769181
433815973
448472326
833675695
467726585
251814145
650767004
924406652
64616505
111885634
104294820
250809201
306571285
491011285
577690997
442368460
192751629
391039645
81219092
795960867
76398480
278277321
369178387
528963402
315984866
302465976
849791225
427942157
736639859
935477839
110239057
971743630
314040622
545892658
547021080
784817590
821165744
929128472
316331408
239901314
111057820
52199767
890284171
334561076
133177413
497977820
517611127
29084982
123357433
94663237
878000136
977837097
867518303
600291890
84721392
466623159
418619623
233394641
712776815
471320693
843679967
343122584
625372941
447662547
688357565
431180052
194092561
95466946
333542205
603390758
236833561
857214419
61451690
831301434
327589564
621022125
655981464
876669022
826224132
604517683
516007433
953477530
510205572
558747554
487625310
289934851
202139272
626660066
517639538
485175674
564229636
731185068
96982601
582528358
421554065
678008545
465955589
44223108
325732230
767654309
571767961
744525771
74935483
706381452
690336204
742736088
564123911
277614584
703793527
494848425
554960745
218556986
153901347
590874260
709254638
667802721
255539056
881436375
427628029
647684037
89129083
791740273
603534693
768888861
540565163
756994047
636286116
840766341
521847934
534754254
933008668
606098076
773410574
311819178
691848728
498663995
267990375
998992064
598969516
16215365
882733884
637101738
759085582
708502918
150703757
803262445
550963103
750264033
290467930
551773844
97568418
44478039
212653502
573697832
124367096
272420795
352787543
978845674
995647421
954174951
428793598
296353244
400057747
645251910
327526851
46332938
667242644
699151405
479387098
925112014
822959743
376215683
619025699
914282827
873502287
365511742
401709055
241916422
487560975
231321276
942647980
418015916
777180230
174585504
865988991
1636110
118723835
840895000
326694474
539567534
284732793
650705724
921672736
571638310
422905170
497458014
799890171
588567320
702864493
307795810
126780525
706426559
44049926
366423413
920111637
413566382
49518794
508934077
387330674
686026970
931708833
24105852
740143156
333827741
179761816
194499276
670161610
333573975
496456441
447125402
482456016
329920012
212524698
422210127
246769072
377281857
773395300
148512358
644039871
7435712
978879298
845771643
622745436
32899321
620487036
81854397
813010569
943054200
801677483
490085007
75921932
66820502
314335261
269804135
398526479
956738176
590408889
273523644
224902230
18470889
817814453
663367436
848775906
431109052
273001178
744318122
245000672
216073168
363137180
31872832
834859770
873696904
183995862
310986997
196010583
665694183
960749144
116985209
295879428
950243185
114662271
48952953
788588955
568970249
59287130
864841140
571216252
507320107
427349978
429907707
200229335
299518667
814026827
550468857
257565251
575853592
565360634
700927286
685333853
312429456
798828923
588324884
248270267
282135101
899025994
777390665
420224630
426813104
994310854
363071243
955359647
525679451
295740872
128912817
666908290
499174825
719967770
694984861
968108973
591805796
688006250
769157650
810030236
535351372
161022540
126199093
363260160
313584985
564909654
765380827
278268068
135224613
204104557
40539723
470002875
6806796
646358481
793119192
26166203
916104919
909753684
199621805
161669097
426408811
978171898
206842067
935600638
435120801
324191423
25750599
449537436
224117714
937923684
383415365
515709354
672651359
631258947
204852639
443570533
938645491
672109044
656066373
384987075
178527485
891420918
611662250
109269411
350528154
37667779
358364038
806111921
444464549
240937167
775261519
191477123
808030087
737211998
897676065
331403743
185070721
938196456
873045260
675402391
804197968
842496009
604750815
364391387
984257727
327278031
345706735
245357682
675854946
576372831
973436369
188412598
657035961
427324992
744533107
759387525
908439054
436037837
664941988
249207741
821223964
696259012
518697927
828160181
362162640
25324967
109938054
810587616
690778440
616542244
268944107
334127791
18846741
863018433
406806287
24184237
311760264
970502762
482681169
786745885
295496070
442405960
45827399
413648901
384727066
218569243
39497997
431674603
207060909
764289060
43221012
728771862
800858817
58919964
133079470
275694273
606325477
121950267
543012373
262148051
482651057
719588474
294583170
909968110
401643317
432670942
764530529
657278695
605548226
399065578
72003877
870488796
484751343
847608619
961814097
826270631
115543678
483673998
353172609
331305152
433404226
639232946
664188377
430441757
507628544
127049537
930977942
833641851
8579384
376436421
986875462
835210874
571378867
726333406
171945104
196125651
736772848
843346585
592815671
793941301
2980917
174069341
213630226
381342716
843368878
667495994
281482951
726319281
127268968
770107043
245221339
413296790
619759789
489510046
115053081
149070770
745835072
765959729
172970135
870570932
550297522
420958013
690714782
762382483
109165954
799538116
902744188
857101027
23422302
39554690
957281346
37727798
351208546
525313462
581737478
247611747
720314578
76360708
33134806
931251251
466424882
849906878
336441482
289042790
914797192
789919022
189446452
888869957
195870564
593331047
784858226
656105113
254671983
332317987
281754346
874925438
597764417
244270239
111119774
498925161
342810333
497236341
424674715
115464684
127608191
438578206
60192142
950271207
470297934
889227995
396457410
741627201
484323777
938736021
968918205
910387326
676337548
823322623
745555455
244795472
358979112
121890476
954856177
593353211
997719296
61746211
504885407
585382435
241823321
47646196
622935715
322006301
941523924
917070724
294455959
156613639
199311175
633800187
628075690
864712377
997567643
768338036
272946302
609416842
879244923
972622017
144345416
411592717
94545380
928915404
937777985
315943085
590564351
278088773
51408368
205834351
514683951
372620963
119033220
809652052
329553972
769084369
606835040
38765013
977092174
454201546
261701397
61266297
406018756
741313761
801483802
13235708
570202656
732532672
988821711
957358703
786162663
831216767
249336422
7704235
922699717
784529850
1250965
336973970
490478039
598021661
983228014
192378251
234643532
609645268
788349298
84732355
713953197
460159737
489252144
758736524
647610156
782186655
869637384
586361841
858672102
285069203
570578824
900620467
723602264
261854322
372892392
257288762
846845002
349165724
526539675
688903627
324194678
516138212
900485972
809938807
241778210
98613604
665805905
421368931
779907065
98453296
546641685
591297706
489398498
422024685
358800368
725957911
807827872
215170567
302959814
557367800
900513011
993563831
153940828
689739218
103817265
142645279
955237820
350871335
831263912
346169530
968775097
961635183
584570167
87687385
761424712
693522993
820290396
933384038
599176228
829211698
891387763
42062823
930969454
942785905
745897501
563557120
806694354
917702907
109850842
429351456
453806663
320614748
373736196
697469554
335714994
127885991
375830498
629116286
207254951
302026051
756067724
125898287
381118306
821945612
595575671
606002849
616795894
319313639
671004483
789940765
193380856
769958990
269413840
534563546
697435124
895263413
725401295
246404134
219013600
192477158
472660648
869759371
343384478
391775953
81261787
489428696
172558709
27430884
592166947
782776613
502959527
738775531
815989591
115857964
173441976
17403573
88566518
325792267
956317038
724738814
792808917
171511438
940661201
71744837
843268565
251572403
131591626
111557662
129710590
584988333
27622477
402605388
43708251
990209418
853432330
469891704
788717157
50974637
60931253
170825689
941077510
745593937
768293691
185245336
167053340
801446970
405056853
727786848
755076220
437002534
749056638
895149664
973473499
103544020
366094657
315100307
385746456
84535220
952217041
44404471
979565441
254593968
11542900
407827842
367628991
306191750
633797014
365066666
251866512
652754612
735021298
549240447
597155312
184180210
966839185
69293490
262999041
656904493
358970767
229723379
490975542
430900649
424649570
84555156
313813543
145719644
980489429
130792421
824856884
982798141
234765390
286362114
268320358
956712863
752578958
296048763
264077353
95474220
242626863
683534390
684694430
205530706
207705480
277431845
7781711
694567952
33892867
507700570
761740214
272881459
821208479
860277786
700201406
572710906
62942357
140042528
561739023
279028437
804694472
409560277
42704504
164370916
762807002
721879734
576261146
43438906
859655259
804053940
948247187
304524144
641764186
601486830
743838561
171986445
978684376
799724225
466591764
870200792
480842885
799431852
531102939
999452430
848317804
614942829
949868120
568539560
291193660
469012730
223394282
38103955
325208707
967342104
436385004
626970961
246155771
179231128
756492491
242546284
866322218
151463372
781268397
931123486
324734235
960882003
753533921
572752212
633130954
392489837
790779707
708617641
688161484
911246648
142781249
560142585
712011926
599058195
972897614
813833516
510396897
504368883
696432303
273393278
670562445
361734633
777357867
177249361
125659185
947474579
167217893
786686741
161386632
507942986
610855219
709953528
10674189
835374948
463824416
566283528
332925416
826929823
884147074
757490761
506470660
718726393
7789605
383485788
864761231
405257367
218935687
223189270
320759529
856494412
564007884
671195971
40518027
474694636
682629263
672574575
339848345
285360583
32536613
466734408
584056602
376997177
22342894
122116138
557120379
299713474
769580456
439389479
658723406
996134103
860561519
68392021
489405136
923291687
525846458
859503590
677604562
859504289
609351848
109422697
13491481
156480014
709811463
95760181
146381234
206787941
880565481
824086784
869144144
518365914
203416516
969466279
197754370
330295305
453980407
124065851
687820907
935112087
701309835
179332199
572127707
457946663
320984693
204004123
485851987
793849397
158065251
768029450
229355430
345736910
202069315
919161681
698165903
892446379
395275944
880379691
265407922
791825930
395098012
578593168
429109866
352607210
651475678
176864322
826166766
252487536
424336578
699307529
11092310
199857763
997057282
800987961
200021401
73414618
471014160
545382145
57810904
55608574
54943147
705960895
620117255
564132178
875982141
767050748
256029821
503003174
489531716
126331903
771314867
812450958
125465307
631935687
228807943
174572368
667815985
264048357
483884630
195423038
872859114
221132504
155021259
292153545
329460471
36167763
38888876
531292703
816491812
988747863
458305538
389258059
959373579
842492472
29171402
611416231
257648507
52179092
621056059
661019593
987296167
159026105
548515132
53860554
920666512
490111515
419798882
367673585
591623048
488251778
765490736
474306526
238762121
846800576
49372627
993160445
93037362
301552451
71699224
5245417
621674850
359161972
448804987
555446980
549582295
706098702
235300138
87469515
510939180
319780822
70937473
940812023
659346706
36886261
151217420
787128798
696331363
981184037
716210690
87083374
216063626
138229644
548731778
751143459
550094173
377397224
444614300
306460802
86490361
378192744
562322891
259253642
169339970
809009011
96746560
129287495
489012386
321234851
146587704
311705627
376678168
420680539
575900293
741727808
566404370
720685096
223551872
938751169
497174544
908067302
825712571
687837979
240124507
204471768
207467773
66051600
142278406
750218867
835780175
417382882
530217620
421881875
364741485
463310692
425679799
652708450
26965067
965883712
307062496
609627502
8478859
179751493
540996018
59522249
109516621
135449806
780148288
574315790
412676209
260688917
624536642
224439987
993711746
439963463
346148687
279039040
666631479
139943196
5924633
620743858
633403401
462215112
481109981
331041989
517580143
150742460
763340163
815616218
92616862
784520012
357113232
159248809
632376766
221177486
548728514
784370494
544737505
342116418
856638250
711281911
446330975
152854376
663335385
879667117
88320304
913882926
920099235
554070947
289189363
316565091
567800138
346326581
195301885
207205242
189228759
928584624
248796096
718910602
164324606
334622739
782918900
628960049
162201884
845790267
726501685
139668099
853333181
18699697
435641509
590478384
738044999
992615484
553429714
797994297
618427576
50947285
579702432
862332658
454963754
862502318
869402146
928518383
991646581
557621609
71671290
506215348
377644383
532629934
568474568
643693376
813681900
35837855
545527909
478774211
583498896
47298940
235770611
819025320
482591213
86024865
791474729
407216337
398358855
777205162
638158006
819225179
754412356
179463220
689131785
440456345
175837412
165880369
218085205
385143442
470735762
652234751
929716056
314467331
903321920
540544486
45546734
194378195
445397115
323563925
953375496
516856943
962483660
414526427
87404351
362020743
824386559
373007215
615868606
70553318
916639541
893516446
515015204
683056702
631159212
850025469
920165477
476221831
490697632
961014306
486991681
863068624
446198710
29039622
800147546
66308864
916717794
670324623
343978005
10762517
762775382
105498479
393846904
326647312
128962951
133134623
913266670
836567017
306433943
864083098
965108055
688047043
865298068
601402973
864990915
529918212
782113299
302948186
696177377
525633145
702894912
420156091
123258279
342940254
909017695
292583279
669839309
783437108
292746992
826145216
88976600
766641732
692515226
752525935
748267769
91753520
667113567
411391821
290148930
953412051
541078482
845983572
649870286
350864309
781125927
507684825
606453207
636539076
526331644
644230386
478198970
640185105
448721256
437513638
230217137
861064626
633202700
205145000
237614540
934295933
557862000
721842337
182813447
608580767
183846367
873820799
331435773
261821115
630950516
791388592
99833188
986396692
844869742
401939722
243072071
161937478
794943040
919329830
479122550
369983912
646802019
232854251
493688527
230065204
91377096
922943750
361514068
529385980
797408673
177629948
839409170
884606328
340546216
558604441
312415091
568895716
114494464
611020575
422318015
691138743
977157478
237614017
88265279
323494433
108200726
229173978
689869547
50596538
261665121
120734283
965451251
901638846
355114104
941611885
705977588
132964287
83522849
492884741
923834132
688547550
434482968
813223741
283874818
136942850
736849684
569875090
144113211
246762618
632224776
947918213
776551160
317764076
443621126
927422201
467174086
829017564
166877652
207274531
303384614
530592992
822079081
630946941
797100142
748353768
607119188
432020077
369053016
587003544
267046485
17584861
780445651
515840700
593199806
827721735
475215702
279922680
151549806
441655601
850137703
630296247
891546456
631505006
535239852
202793129
324440088
992182466
225088854
40567954
696029569
628607289
861572135
614807105
305662688
422308624
345158200
293602404
294498238
242679432
814031274
809861563
451148031
761245102
625637471
655948468
342021027
690902292
876999286
476792715
157470637
256820625
839373164
696961604
909212233
87616227
363101640
271770259
54516919
744911795
268853088
767880804
720956423
118097423
724091698
518440148
821784923
935108365
515530713
85476362
724723974
512107239
168131886
250558142
972251987
360315666
748510238
424896349
528278757
166976352
665581679
986109347
671494011
78648460
182644958
447198550
908347549
138551605
56024612
936439900
119123594
622753576
497292503
839888383
374056288
178403299
173678456
276328670
65681232
457411060
176860699
198818207
949452146
950465067
85464174
153518784
235801698
501880971
273875915
787768604
851563781
332394495
997891970
173221875
456184928
384257164
719115005
877732243
989699660
142745959
748236359
938887671
361419426
415764689
506889089
133651963
300462987
805805464
958631266
348960729
204359871
107484915
222049417
584399828
456449211
350523253
229393020
962377919
193758958
188573983
824430204
990409389
724999490
616516871
975961176
287841576
392929838
731059020
130559937
611685764
409110088
948113013
100565391
94073610
681873485
930309297
241426023
642778543
271111792
112157572
660093794
396787151
13914336
883003457
97834602
661276543
283445233
939830803
735539312
299268763
640317894
821186491
929090475
364112805
548381227
546730933
416058716
265745133
295997336
717941196
585705154
725767385
331603189
387237019
732155435
491837618
98811245
792106839
488896646
815844955
325292376
683254152
647540746
496460192
935163080
296210613
292955778
789319038
732036232
433809229
746793687
61874482
585690729
717529150
664664674
149010702
127750684
814439528
88767361
388579641
338054555
979169236
984336541
777914497
339335984
593919435
78643200
805753114
543391235
869485086
202825733
519918763
417764919
309045807
402784588
846519128
598156763
442173732
192504228
471877486
422914368
965272406
650528774
516396627
682631675
147979144
627437321
373784140
452269058
911770182
69751167
723358687
745463331
800242332
764918860
950853708
8963502
376082211
425059286
851665040
884577795
580011025
53647933
305632024
31188345
863557783
714362776
666248579
695563991
990718178
289576255
222844896
407560985
945807099
696265204
526891336
724397932
379182685
373393879
693238744
592388921
499308729
149762007
114304578
275880351
9829739
42310258
785462921
622077705
343935990
146772629
169499021
505140668
55035456
259379854
84697548
168695637
658603407
703259785
96499747
851697154
88265994
624054859
187172344
656824054
176198213
901805429
55729157
557672025
160524977
78640670
590539233
759054902
859622980
623210009
252523610
174255714
833687072
468994380
77183334
914581093
595531958
378885164
39400135
892086468
732549181
748652189
871982679
890031708
23051058
490915164
479366572
363124494
276210344
467982547
283436498
815699321
318188950
348897667
881648937
537626147
399568221
745268317
440891287
123145156
373076533
126925498
865839850
358555960
317958471
154951871
618679639
959451397
613659542
812695779
379928606
819610131
354807290
38677403
825054026
11365170
842376290
835048872
864010095
426433755
362618161
790185822
707311929
218282045
504645693
484363137
528870293
494288814
639976005
705478109
766917313
191819681
708102853
917464465
59846068
602592459
20918229
355388979
248484862
635399300
966296297
470374857
193418268
116881465
549701616
175535122
475989706
865374033
34391847
82154744
241425940
650462074
498238064
333627975
582772063
394105819
289236523
764276429
396392290
105894568
905594200
850412083
591245989
537579235
958340461
762733546
859819397
158475035
393229184
67250318
491208332
212955187
578676413
985817215
667317370
123460335
9124270
423738613
741273472
358461184
972201584
28789785
141916542
460795767
118933149
844237694
554154249
608386728
569360100
795969530
133160247
852668834
78994585
599450919
655719903
392844151
956121442
460301251
345576774
563205011
214303807
263273915
93002353
53469435
701366878
189590038
768893480
824326493
406171232
279015043
29848590
104160915
889874216
97459094
277936032
261911726
380126034
772989079
598703313
27334665
627246721
140649672
465753853
970862852
287042080
913077523
588101050
512625152
412799412
902204631
230829075
727564647
312999835
503306402
837022954
821017625
449945463
850528121
206903124
322609886
111462410
915378970
404446817
719501531
571317935
210397329
302170016
443181983
620357255
807372139
110541900
811644668
464282662
576498326
297406405
887969558
740594237
747572878
872145573
379676884
826915570
658966109
399968138
168749715
770305209
795104855
561223915
493412396
931846327
78013438
553903856
3618086
797926678
589405175
193644064
528387257
450423246
30649062
539191176
366205090
662181895
215929657
528128296
688835786
194644801
309831869
567818944
219928350
912274067
625864496
198573809
841992769
619713237
332069059
982034817
860349957
412297278
45345000
274508305
636964712
180340582
863042025
21232100
141835357
731546901
777390433
845245474
315872287
170852718
249775834
319943410
189276768
613847297
664484223
242549735
803726781
642427838
352024885
296147167
667175562
181238694
475240613
170550530
262020051
464325944
263221752
382064661
465228800
262151543
864537937
518246721
320164393
912052808
146559576
822311207
874862322
38802796
686618612
366926825
664164500
967623029
620722083
395586051
473849297
414015562
710379363
792577083
338511659
536371960
579619863
63521134
970929765
882770970
244322340
530564452
754096376
924268151
494150312
173538928
187227699
793553057
329491464
100542280
464584001
804177081
139258696
987073139
380285946
772031622
525224230
118282070
651907079
896184675
317123716
25966262
355101557
483504102
537243304
448958730
760375086
103421531
719314540
990543625
217174226
840597458
806682897
490817677
287327233
450615842
801265580
877801720
811494294
423529727
604954282
492779204
31624160
502438758
760958732
931328366
13998051
327392081
495460070
349256754
840901679
584845333
29765284
457262577
616053901
550001936
920055059
967337337
620762292
237802149
962123692
472836813
631742742
671842744
2908040
913969781
184203775
729596119
175589625
661373989
353831218
66105950
337086717
425902050
778268405
651327947
546147564
918255968
102293950
252396756
43334479
888004202
688858309
531108726
857259484
903454328
545434043
115281090
969974263
165233743
753246111
298990539
686138332
390175805
593765510
239957888
795769499
618389487
147046796
973679213
845549320
91635284
92225215
232554576
373074068
145954356
324269758
837966398
886217742
806554179
27995613
433035
422306178
30745538
833794161
211447658
36896096
583102374
460592955
89020211
676166976
460290529
537332425
495033464
857089937
982471689
464038150
185754780
367324880
699860043
621610126
243974720
154278566
593003290
335747287
403787877
429152670
97039187
82575184
472779643
181800388
220536375
310793552
887783395
563025044
595062849
122639279
488218788
23193624
154782541
913908665
424112671
916003999
55322948
828250443
867000763
192861882
260958270
677883056
88030659
173315927
59368801
639434924
546877582
701395525
533144240
447098927
169489981
930661836
745836509
233924347
53181518
27422138
73278813
657667986
577109563
29040883
44932026
474269061
875493697
110945628
578807698
693461380
735454997
911695387
882736393
545259312
960757470
450892511
448606426
228060311
721739287
379566231
335820664
430672085
663820337
484441119
359079039
899132588
84117419
753646642
465617391
597087811
879386022
863449311
826315666
47025814
18481000
825278939
525829400
532816608
302824856
882365819
875017478
603515176
488554823
432319594
150471637
580335962
567853965
15532773
390095999
560332083
401818367
522040754
198935560
151325086
519509566
116095206
967683351
245972572
157317874
307541034
695457489
472568933
416906194
562205964
47077535
208721730
673183061
636661892
749067818
525216669
601103248
952247494
271419374
849386490
225582240
176528198
991276594
590034825
780235139
819219650
199482165
494065530
3614297
191968112
655956396
608449147
619519067
140919490
120787893
430071607
842555576
190891304
612112723
109887171
344237196
665555923
600431853
489212804
928924769
858928857
840092469
402621140
468869207
916289151
990944999
660316547
20738735
571296353
689313129
517280835
938214932
240041415
905275049
951376775
844833441
87853028
175912948
629520051
103078068
596313240
66800623
81470435
175315715
696401954
757753999
253851065
299424752
943129642
669134611
503049419
365135084
940937790
552228067
141614006
197217008
263593124
793550075
809004471
165144709
323981644
407567678
35671506
463673230
882768524
321826160
223959332
788402161
989165564
476729609
144425696
321450312
898310749
469052250
550228236
251130173
251283294
223481777
363108670
700803785
10978531
520284384
380376581
239659821
846520602
716896859
627988302
54986176
125015299
678775084
329852878
433646175
677448056
998932808
517632382
74485086
742671262
23663494
513815791
942131999
669844178
931815026
760800306
777226825
752865102
158129013
174730427
569824608
43882597
768154314
626567053
416235387
834488619
10404405
318621081
110797872
158238117
483559569
60501287
232628747
9649917
603297807
447513180
577535823
861859978
879485612
47338823
543922125
691393911
786464257
192426086
890248287
676143933
862807179
674400713
758787168
564383784
238666800
597141540
495686988
481157611
381103387
702764006
844529626
221058468
450231591
780734392
208928559
988022341
100131472
893782284
164804730
462465202
278958718
934603880
576872683
579024423
750989205
216510827
99263897
103440542
257708540
52684609
390933156
597967095
125875864
809837366
732581670
915885817
574751989
779554818
501373305
41058846
581350963
669390746
313785674
329132021
635409122
763468819
579896665
661263745
136313481
807570055
889653847
587536463
47585417
328777320
830864784
19141607
49741856
814915919
942929468
601293617
256478803
196549495
108374144
533441665
269596337
615902214
649596438
540774074
140427457
271113396
957553540
857077225
417902700
584904497
231385514
949067874
206355004
651135598
670931376
303960939
479607071
40230435
454380748
160525997
682435603
819876796
499299788
786539316
963280655
644148688
858827765
925575675
77659752
597553250
854509164
543772661
813232587
491357534
761709158
658539360
647015384
743093747
86507221
614628984
491129535
846761174
493367390
89567409
124307098
89064093
567340523
459897739
374572166
415050858
3432349
84458086
302675624
651971046
535874264
365477160
514677218
199151143
428042086
47776594
179432592
619250266
151004882
202345523
196211246
874754876
48627075
118787616
453088665
970663824
669175655
327878622
517129461
707038641
664460630
281116293
384822030
186585542
382872273
752048530
140540747
406698091
823319280
932224089
196820076
195104549
385216221
818824398
441039935
607589546
809357615
194427510
994942540
235792526
138165184
861119034
173562071
154528135
122729302
838879368
619790281
424336459
857341794
267469599
185251139
450802709
570110097
589602869
395506266
150298696
208152702
346320935
480665947
503967428
317511180
991605671
577894041
221623838
772101349
541511974
328549369
757252301
331218294
771559928
336973729
239767972
242047763
673964227
804856253
810992028
693693714
853427199
684918763
745203426
676048433
561169916
130893331
801422811
156796131
213466084
871625140
73733414
479537161
24834773
92077177
523679395
13916647
714659002
672591349
70122382
963839358
131737334
823830864
671321562
327490660
545612266
59472367
337583052
874493648
557338430
464321563
435637563
905522353
114199081
888787031
983143609
457507908
760838727
315639510
528227811
343905421
851541127
632919428
18654690
61620738
279214326
367788798
380612133
421402173
332698666
154098220
305628283
947774856
517585186
184055834
761224912
421661952
597734903
194331834
657425703
239331757
594810186
277584406
31623244
32702384
688934960
609526816
765214680
442035429
962139567
517564868
100195309
381661758
677415207
615678690
704329652
358774676
801957579
468649143
998949738
726757282
885065827
756740967
32869606
514266039
174801101
160636758
917645690
653440286
886283144
424999984
806935223
919521224
920230285
187732768
663144034
284553910
316358853
402600276
988225866
420025150
761910244
374622536
941085204
577112793
539843814
346387217
532259264
414319356
543691834
341496673
905082272
381750018
157419919
687344923
330158011
920540694
108561259
387445106
117182792
635512765
946448856
996280767
582105521
877892925
646753863
922446990
719007221
240099962
981125908
559305768
772866185
980722655
577437863
478869402
585851976
631543492
741851054
333571031
339006892
263224826
323303353
397517927
21457896
312763575
284980026
232002744
696557501
737602613
500548182
625603953
447308279
132637106
479253068
718182393
728722243
909858468
787424883
949651761
456802338
443814804
14941147
320760335
31405145
715640244
207369828
774300416
642522911
456212339
257368699
266575111
581381178
444140331
905830534
820475911
99223614
378409750
494915581
375736485
862010766
973359258
721496491
709916288
831702170
255149526
363785699
298235985
992799532
643327485
812091898
819148208
745984263
950143267
339320179
240632478
915027598
810863590
339894723
937528215
693964471
894861605
755103764
720909881
871235518
469012015
852433397
829421594
542772987
138434795
240271171
334302815
759791349
265962720
254364785
23927167
191597542
515373541
145376256
313392761
81575884
8040460
127160490
142193505
70171265
486190384
599783814
439081745
857020925
255975987
578759669
872324401
384430189
639561194
647698849
859619276
163363522
826040701
323561115
139016862
640153498
546657227
16910676
959589376
539389947
641221977
301535394
193481026
251601170
537506639
192199528
313944313
399431708
292860493
127893317
285776460
336052950
984207082
784555873
489885258
790323472
63389579
350478343
30065562
295567283
886995687
799794613
187183643
752884486
157745122
156174345
995890421
403853644
228906984
65047182
766179945
935824348
717528125
995099192
968140042
546934295
750615379
577310688
240363022
971926491
131418719
847745512
309103237
257364024
772187706
130374550
643809161
566111414
25099286
452916379
615768969
992135556
159626441
358771372
411076718
532980108
12497333
537436487
923169158
443937138
499395120
697913370
898652174
472492335
472043978
134709824
378761062
979663893
990019247
100528867
800851231
280757370
173762304
241208474
228729723
852495366
373377120
28048726
945020992
911709508
62153041
285828833
139197144
455208239
650367353
366787311
643696511
100985543
121251004
38566025
854932689
940870559
749839762
168767159
991321103
112361382
873105627
800201761
816424699
399689149
449020074
583666519
307654006
740841560
792317203
154315445
800464209
508411306
696742841
608112338
135966294
780321870
178149877
618538940
689513724
203504395
471806480
241810754
343389292
354043027
847838575
350592744
584679881
360226746
132804075
304207687
809597212
671013289
84020776
310605813
157476711
961797326
213248075
599960329
220653144
912325479
733278159
939747736
866549690
229664501
407114059
722372639
953749658
629803590
824187600
160347644
108495330
46285212
705938450
257430870
761215271
930720975
63171363
902018128
135497541
840434337
265307468
712708505
963453595
938539597
56217056
695520851
688094059
666185627
60782371
577356487
348098033
901880594
838505949
79135650
510002202
132386268
507512601
875187615
924096126
994119973
418440328
516776067
854023512
659806067
927115848
532631649
342893474
776538174
86691501
573113808
442400968
309728912
379002993
681332927
95778930
741400488
39352718
966041451
903463690
969450410
226981001
966722807
62862298
171381034
38982192
992112958
67898743
539018260
699285934
349583469
375602726
370122728
495938458
389002583
124393633
91481796
672811922
180355976
761376399
468578935
455002371
496018608
103035769
642356986
682792145
222340255
787565035
517924421
734860729
476272450
193083790
772187112
243961340
483595320
108355586
595357834
114529684
396481889
185666064
645728255
396830526
152516305
768878799
32172450
742356027
824111719
394351646
861523402
99503841
275528085
894669106
430004613
861075266
182641043
205504892
550518337
317666166
6929225
455003115
684447133
418042515
49757581
865547294
455537816
542803111
131678816
955813936
807916264
947822373
53809606
386071181
828928507
694089316
533035006
586695097
192352796
310475626
520128190
899235436
644913344
388684983
436045171
158138314
542694803
123682685
507411875
279024803
830077088
812104012
995060295
58913694
611601972
890711824
368327395
503902439
933244336
288104833
297788554
319904735
789322081
375748491
48617713
754101661
892018391
232888026
533647067
858479707
795163717
843858918
124476796
282354787
651315598
542535990
28877926
186580716
13172123
250271477
327315633
882986965
789006745
427115005
611010086
736143609
763804892
153337413
991812791
474215208
126299233
442612989
589016640
594039831
928524655
927288929
543311497
76163503
797698087
486299116
439979792
19320588
300781609
869158825
660939636
5318056
226399720
133672775
521167607
707182597
966285838
366379526
780326123
437364944
979068572
981188782
321228029
964516917
93317294
747045896
864241507
77710530
279095822
14194958
367354036
64266497
996454768
996230110
350516653
644986091
317890731
749023058
404867905
109669468
209443692
74072520
857616854
589530430
395475149
475458317
346098487
657425375
63821124
736437400
161165171
999703372
240389099
400300257
194160090
858433151
96600231
606211980
225743400
423625603
221681792
943261279
813492161
751568970
619080377
909067091
578587725
881049917
606403414
447856440
41548753
190353617
664650024
215719044
907094675
794428551
808011807
624399707
738852227
37686653
294970899
301194430
456732191
786376823
384771479
442151582
240735422
226766915
62870448
49020734
842073063
114758754
916937330
624092948
979981175
688572305
620155490
550747844
204291622
150408193
685088530
635997722
683270741
932260653
952373028
34724883
367586405
819158649
866590954
586520331
95173222
439953197
932065215
985725493
151285556
501839580
954525816
978676356
84145810
320988940
778739602
658638018
570970602
103569839
311296635
728898572
541633288
97911812
31924663
445911078
43186604
492161920
869596546
126838863
48855208
104476078
647163550
713100409
786583071
716528367
178470233
894576096
706560943
213923799
547040405
213414650
77024364
536182216
528388304
140378147
934259772
399659957
930599343
917738467
928810853
112894216
612278779
40362541
333089471
170263535
880295946
263791908
896752485
414516857
922157957
79046807
857429288
380957493
705552172
989731279
119453158
119949519
326362632
40182004
104565989
962816198
521204976
832011412
130032604
646982602
733206833
109626136
340602290
225162200
926020322
419186896
162325634
413427422
999423113
472440223
942109482
929613703
956628038
695894662
136237524
857001598
710322227
661765353
795766764
423115224
594812886
690065211
788768259
242902794
489210473
191479162
847790513
944410219
960513504
656130479
775018620
834272409
893424813
136862222
734771651
105929899
55509620
256960779
389770226
291532707
355042462
842592189
477656575
774527925
126034774
216177032
45352648
816403270
180177521
545666851
689274272
853027433
216354769
587053622
861100990
53010746
400073120
842791658
930252346
213851197
743267505
938381321
603573154
88273441
412157658
864946991
258170870
950830725
536561217
190585505
452098999
189072571
234197457
43968645
323228292
331245905
535139984
106315438
971331979
890349151
663660400
534837816
930200524
503371590
571984029
453766540
103876760
703313741
202881750
398463689
60617675
470875743
447766368
392856335
152517274
591164982
432244519
648457427
646618855
583994186
78573958
849587053
195844855
314617687
504556164
831400381
652615075
790656557
513643628
913163886
67500724
877451635
874345930
736227663
769752600
859967507
782054442
972825136
537778238
736575835
530607352
576697013
138089946
126529330
112376419
286314443
440785042
133019625
218527348
239798927
765996952
652787395
95307307
792163589
283561744
423284576
746272078
71033034
365680305
279889427
318993536
801606294
47232419
389223820
817308459
290286026
657317426
706758628
963554095
803449635
882403765
931614855
570077168
274107174
928204440
727054721
819777372
928395928
784959156
360731145
231450398
167609469
809268021
366798799
803347139
956234670
984535696
749982801
571644461
768570185
960269251
958165433
341358581
674182554
342906884
395027169
543524084
61219807
858243464
441367418
221539748
862858802
44784171
851141212
387815599
291683068
460611269
871681788
403634447
657125008
860180488
533043182
921686773
403840745
740645042
865756941
621367023
661485451
726284432
596931596
926491123
193425020
889968715
759560772
60096590
998191633
163144774
248038795
745541276
928084597
456970006
794494396
282821542
149283275
679545890
927706140
543134161
415457230
776519951
897548701
249359352
517718817
764348755
93989955
894543646
605265625
441866864
550786803
844260736
538270319
749249440
164026789
222080332
326147877
21065344
210288704
230046907
423170214
160166198
876196371
810588901
343069490
146256641
375243071
150750120
169596753
773585205
662987105
723802362
35829560
800205067
44284368
991201881
775420714
4980238
325168228
559129074
22056040
880773828
460131845
106894882
909165661
624016656
406781295
603330540
373489142
795029234
803370879
146951542
597803864
460695047
21018803
543969638
875451458
209950526
332096695
214908014
204346682
984362727
402155870
198138100
14395319
38245044
92965138
135690218
117097534
149942913
843887583
798699498
722786736
135953384
835917377
653825691
480811036
498366523
626303312
435050206
12899323
471138795
483939391
388196558
954664845
113507069
184144009
342983256
724911129
745952221
504403291
760448183
288534371
535200684
887406486
623246988
251837658
793265681
460278069
235724301
693580378
802841488
620252065
708345655
265497121
229301974
670487690
505335316
217068041
159602970
177650644
87294892
26430653
76027140
298209143
722729741
406331368
191309810
306810070
499729866
246621748
404148161
435984348
879311591
571843073
474418032
749116570
205394392
403658180
389031538
128607584
594274765
277669598
582427884
300203178
35394507
464444043
306525871
254049435
125285259
135995083
26371991
28605477
822274006
627896780
941665784
268287939
240206116
490872033
774453598
420108593
59496987
334658671
14220902
61077649
95884580
879986546
458783594
159451802
849360312
234898321
338063570
411591622
98298197
132781898
328593480
223377509
590140015
651960767
460857467
459797429
466286256
377157295
157826447
265584
386275678
138478729
141127686
22393735
706500549
844623904
89944717
342328110
138775393
965489003
781250718
21679199
361690875
647527858
953024954
104060461
566378031
325810265
203075379
845103071
647644872
569316615
933029628
16313549
958183866
76804375
606172142
567164640
857612740
855766876
965187288
793646968
410407974
351882347
384429252
532410396
896197258
904469126
579899830
141816054
933891928
353613230
123541092
340761171
135648355
770399247
514074873
228176013
173654265
358945998
697726708
257011234
794754519
330181245
498925926
153765967
306740363
31860514
924113457
165407497
592513688
213074485
136551178
443738015
499312839
322179777
317269446
548590461
410817605
206043645
821222844
271208149
902012208
420767624
970849927
197101541
39933299
30484467
740636748
345044972
312700582
843042883
105222215
407840148
587121454
695044541
122158321
287955206
161186299
42518007
929775043
359551900
415053259
901205551
908160747
93713654
806718339
580119120
499599202
938186069
286930049
733358383
88244170
362338344
898335956
226114258
795029277
966920894
711357579
728147563
702003625
726379191
769261649
328700042
750448684
409123133
676655287
653476732
90785872
215731172
998738412
833775123
120429405
185013973
778526424
267100067
579238357
165941088
911726201
147114199
308963623
199388767
325368015
543371152
380677715
426168232
388741832
576179541
340934772
316681835
630507230
34247334
137948316
616738075
690869805
499891164
432738700
850722567
400992773
267056360
199348722
263317649
57191351
211140196
720077739
224613556
966981181
73625592
236531511
621565089
153292176
497460734
903050198
996401885
674965929
168494723
638393811
225803244
300652574
834924066
498836808
574031605
974407925
695493726
102972816
628623920
122496652
812515512
815671484
429024223
31496654
915071969
152558700
698837845
177807886
397287630
163199057
685579916
897082340
826209493
68620096
520466034
577071447
82361558
320082540
406954520
314314501
56866745
440740903
10932064
715337093
263646383
544445729
931068226
594878846
140077645
41537712
997279553
503723532
264356209
715136242
484071013
916491731
368781122
909892657
969078304
387844131
317788767
370345271
81831967
264087717
534083728
104011374
702644969
153661812
985398739
970615713
689843696
819272859
473321043
94432533
134099551
803708857
682260478
193053162
215615516
751524677
549187086
99330098
76215296
111427385
81434901
662863730
926108909
28319819
173268771
706448566
339571990
975839505
824991826
461562775
463372482
253555148
544418837
630505348
227225409
815395982
650344347
748384572
753229101
36353322
173110309
38497365
946630404
992369122
703648254
291777172
879887038
529953553
153089191
164939405
420104896
256230867
449636824
183761603
683195802
975229457
734633371
395290889
337200869
788749676
690767467
285703635
670602924
130246689
666024605
155521088
935071426
865932288
894504840
397990236
414141482
373274988
8763565
89556863
792666018
440358135
533007202
399105057
575964528
15714802
83687267
599354104
585680887
88268360
166904944
929088739
231710740
122208634
282953693
911260055
916216026
310157929
476838053
186276067
174911927
585192856
470236311
764154783
564889418
248425051
764164703
294201424
988095612
870391379
544421747
358746689
947849077
671961070
909685686
79828174
536861226
678910752
570167096
859098472
674384735
143884997
47862216
985639490
368710635
954387679
381180511
140311522
937503797
702799442
382778769
78424275
260510563
594196397
316286895
2089400
862467788
396308850
303977255
8765611
421796510
595017001
345007064
645985017
668154633
119725215
500414079
212739302
825393003
855372615
578906639
183510305
915785461
866082278
482161391
491154418
250673731
22063807
38849544
592730012
861779943
936117686
533151578
206953854
429462833
806039092
155405220
541881433
919955939
865065616
535700951
864956365
670113822
457507916
434656821
131647598
446934580
144214657
799959206
440688163
876211425
124577658
909080935
145825956
314446601
773663320
497311449
761296694
298094915
969859541
278828045
703869600
354318002
77853088
753925990
585258650
623092592
172982525
406471213
314658274
424030296
697673951
792182162
711262587
227266899
852047701
620815548
974775958
359702355
207931945
924458603
246122914
108039863
92875444
414383155
230397320
131822917
322570481
321832542
519920411
373976915
490143613
51887811
164692091
747921069
621591783
749239158
869380785
296533210
576317497
453483596
10699121
294805452
834520879
110655530
615957684
956354084
6664869
187107080
592902359
685314464
771811476
881785661
630315101
806626049
461377666
545018702
44365983
793582871
982877232
195595839
333550730
514256716
534337547
981491245
195488466
173330083
143764932
442877296
558404336
480098742
484328773
320986955
274974012
3864324
798135553
168925817
42431768
739095617
720020515
239320744
737703069
133741553
984429354
591485656
943314894
723963835
463035513
816390946
308391945
595187351
88947368
863483353
51260666
654981949
566876714
389715650
718201032
173487137
426732123
944037065
605820947
440579250
378576484
91325463
6549606
487913766
450209414
336979683
259002938
896761546
524372101
442402235
185302267
412792056
890950268
323735950
388047183
621529472
635911666
59695009
110599026
478693568
323247393
890625971
268923026
360730044
741654731
866709862
653332062
366260569
947638616
629208502
532133777
529869099
267679860
854071741
544932697
388748408
925485471
707242505
686075880
780078870
296354177
257696124
429929433
245927000
690533431
29812473
750993760
11513818
11660836
598390366
724191190
236258657
991281165
465631205
739291484
662312936
651960806
914585326
830648137
878622293
227489766
92119190
736756724
528821857
901553058
332564439
131691165
773851641
460121776
745755009
91631504
547606022
31467302
662254007
60299928
465630778
158353180
786336031
901726092
163802294
450054237
759387903
16280011
757754689
107519802
768004585
640434267
934920195
168610518
516910715
445239918
255252880
872404876
33753991
925881165
448111067
16835232
764912869
532654950
213550803
409570733
915315615
618338341
240311673
75813586
678429156
955499682
386349487
497336762
147418736
717718782
839854707
820459098
179971034
293773454
421817319
898430787
195326428
356124147
503934658
716966485
388135949
256876876
823159529
866468344
340744588
775299066
45102737
30208847
907183215
318613946
603023721
797883234
694382825
431968974
570972294
243039748
200915194
168319391
708916559
84655024
570058880
514165109
738631448
43726789
691328549
561682494
282542244
617473551
111852641
716285014
987387017
85509723
46686709
101754015
281758393
366972257
405661528
673769091
276956987
829861101
186989325
551905779
322190578
719371422
840003161
408183090
482583564
983069835
287927291
664650241
854128495
225141236
664563028
622934383
241406109
62771048
808755297
61882103
656138561
207182839
964846860
793826973
535947440
283145624
720789934
81938671
106481461
794457177
886239620
446386997
279219320
769943369
421835403
512182543
764581600
699562985
358744236
158322730
512131386
157246873
570234598
153343624
772201819
42732796
437676238
839231700
402316869
383056162
78804583
733644461
970334446
186303241
976126363
942551506
741637602
761822276
695552930
714642513
548820641
205643235
793446024
149741681
314954360
735444676
489532811
63398225
953218085
608261858
345309786
290251234
855660189
316881585
425834649
352249271
449793720
710922509
932723594
697491278
30207046
625198672
745312804
213818524
35592457
280312948
557182254
753074
676797845
493518312
915135681
380760217
802279805
408015769
772031972
383143682
296685012
237315554
850351288
354040612
806751468
49292293
273249374
873540380
922991414
253689760
635797820
900272767
758969302
800756485
689153228
961232247
295084929
500871310
837938763
491506088
237557506
372807801
363627710
487157516
540947234
232163227
138845447
958366405
864408367
988774649
298852802
578585636
711384606
52599074
360156232
325490741
49348547
625769415
438048695
206058833
636670977
187801555
119368426
96927346
655073620
105339404
575452132
528636458
584163295
286655299
538981664
966428435
955353706
723214475
835728548
961984163
32697831
140883222
164237191
235490
38273304
659498784
958672064
466863950
392041031
735255561
964628586
163750362
371456474
990776167
979451611
97524006
735493213
18588019
763261419
374544907
278741373
851203404
129636082
269718097
951629819
906937437
642443107
620065370
580167760
235979273
278309031
733786368
903701527
247607391
708159799
208546835
668337022
190981212
916913877
861067021
317981405
756646001
398609138
916544867
212632265
492133055
473846191
28020915
567492945
273444912
813825622
988801726
49983916
223321210
920968246
964557392
433538327
993825024
951688589
417398922
958592549
972731204
850827527
713943399
192192417
623285135
664331721
334166506
839328310
876376404
364745125
572061407
837251495
304944862
184366924
6587082
167091567
716883464
373030883
136724839
610625394
969927762
685275341
724275264
780651468
784920232
113627129
358194639
474411600
921335360
408799928
92808230
115418595
687756896
622305458
730168299
581234383
403567540
664824599
416046596
776946662
767385171
663858681
114244298
527805329
707969884
857162839
898569870
77344294
920919344
897440038
214226937
754935629
146569484
82019718
236764855
377968936
37028759
960064237
440174381
815996491
162527045
594818521
182038346
121016928
103077332
709881951
198443792
615183060
845730182
126155132
820181148
192597095
614227023
293907533
282640377
593156931
66312370
858639880
438628240
276606311
200537510
301402585
450490333
68537428
885308189
955109381
414266718
125308042
462142498
100990963
143450657
752052902
582826099
973885613
417934396
245804035
278075262
958132946
198134885
456580447
67302322
285659091
411966307
958861281
898876456
427234810
530588802
83789410
27338927
691794448
784011785
549420093
670129524
940625315
88026614
561064314
919993735
841309168
818049359
311531759
944660320
325076157
600313232
670833241
355752752
654417757
360008163
102574513
548925503
815700693
5265983
361249312
525481684
400868232
268422312
896383882
425566889
494230005
442396814
871686773
996393468
537785460
610438681
674775040
586300006
72189433
755039468
18444340
820483605
776721762
422722554
50364704
802724757
31284546
705599114
201890862
649952330
182240042
136168277
802803323
737144506
662426562
989347036
37049229
816074442
646212266
660508111
712497270
86724762
672242421
97021779
91712154
993846982
263311090
761087979
828321678
606379382
697934099
576817804
716207141
929111819
536169123
675717685
21957834
499119714
633051677
74346099
940392076
774068116
411011230
656733487
930107598
938397321
100565387
375797665
776620244
874154231
474936942
535238021
469996297
874802106
971161491
716514781
359856782
429305873
157160764
920939709
6141216
548321917
905813718
677133179
78029494
627908780
590160336
248598549
644239536
679154376
577327232
790797109
22321018
60029902
478192697
833766760
950710415
384130873
664875842
851713119
899518268
569715450
104290398
632482214
91918350
786016933
747865833
157978946
228138970
244504496
682242465
784352150
695888876
726130405
806008084
64560858
770896852
466986038
684845873
652427194
864476471
266334601
858178927
178376491
337878750
549287321
560173951
464233384
49016204
10859142
811795270
209642126
340072469
468797621
122292070
364670988
5036912
606494816
353808196
625032422
283339792
869561895
160895679
217645681
23213644
129664513
396089878
305460119
907760058
831748059
120257836
548086159
53085813
937193827
699825861
494251707
812808014
394808037
705109586
182632661
817582369
45187425
289797886
887388521
910736381
221095423
454962596
229818181
497637159
141424025
454248035
266170101
868555302
526800069
525937861
392435589
677342062
937139341
814746353
480830772
188292972
342256911
299214252
743648590
749143624
823036444
893496692
227378425
951869340
164511420
21014212
62773995
180318217
978124567
323791773
996993532
965857942
207763263
178507797
496405132
619697522
267275547
422098555
728206121
260429254
390861070
53221797
410016895
402571556
187878632
211611847
401659355
484451049
329740183
145043693
334121309
472832933
602131203
746658467
687246021
675598573
926339744
541107834
598980371
360807541
825869018
35443458
695146879
414472188
169884027
977862775
408637371
601681650
117869392
155375201
519760204
950300797
539450817
790821559
638732484
102966946
163907664
41568500
306900476
285022463
950227734
228449866
458012947
233904246
424051252
663233286
416852381
678166619
272033467
847839907
389029331
418363382
394948395
132348530
605148869
829664679
741667681
410212357
157425916
550786710
350620100
383557290
503492036
574445517
650766473
30847543
880414534
375351876
769591854
90961547
758550979
97141389
24338815
678142725
474952444
276945784
111297106
580719125
991400577
964021939
781005571
779146841
584932402
672366126
688471499
435685352
162586877
151248028
932028387
581981950
844530273
647285785
50249444
394088825
550972662
118282312
315076154
41932660
119271668
783124884
400335633
781905871
519140484
853936352
701625816
195948269
396312230
209040485
255196384
330313272
108317068
759377358
494628007
772751865
673913359
726925753
243346691
881996788
358546321
700277927
431762140
596687662
377844971
557388088
614147676
568789716
895250112
44910596
383654435
549067877
788210440
685819299
563966955
553061958
309949939
568405627
614307404
917574712
580064223
528157597
718039127
576510939
681606257
806678537
754259738
893464510
701854997
573992644
258327400
176964011
358539556
922944525
762022128
450477717
791168498
507066991
970696440
126358660
36970379
330533988
218222164
130624261
554958794
312576530
896258640
298503373
583452056
902999910
135344433
611379451
265913044
761975116
944936210
951392969
660476759
117110059
365007084
18179782
810540362
839850861
79878035
560172703
548140256
689442970
971648675
328001930
628151702
597000811
53431375
291277396
480223385
724678525
216648230
174389407
815469003
480112687
344179002
388178208
52718714
542980001
787804513
400978455
463972378
303704855
155783789
620825933
128872512
382743747
719959958
314279043
913004243
405493308
680160050
358709841
45677235
215122047
659956218
979615527
365370464
767097855
961260743
430656359
916743409
37205736
858783335
439711903
731187670
831769499
232469609
137745577
615559432
103142672
69799922
821951428
883027247
451035829
567184215
84698178
924824148
385716825
544249326
539223066
954944014
471862146
988505968
735472059
754107141
516150321
584643440
344425537
281064554
442276501
881983234
827142832
742841860
54056952
367266000
931596297
271007719
411467270
878791640
479329929
567047280
943193306
947050232
678273146
365775698
766125743
439915175
34720873
53585101
553464498
816994976
917176195
710540087
866351069
143800263
623182941
440056729
766952465
983593725
628539939
48836079
95814405
151984858
756674963
476802462
308912485
360328617
798041491
715407565
836348122
101549327
479184055
470664157
964361174
624531030
18631887
14564827
170866418
356353986
935257563
991777490
273560035
50225405
23526692
538422037
965070816
560794800
547067076
233375266
38391094
931007349
885682970
378193791
477700211
227555756
242685580
239082191
96216500
105615450
308930647
838218630
145823957
604188546
631761018
307811573
443614177
37682705
445839150
298646099
142354608
278558049
980992280
710437029
669053428
741386196
906473991
559776169
570917559
850172246
326327360
481350921
263671248
709677639
48734228
209541944
170201394
63715848
490696226
251790371
12625168
766743228
431304604
3150146
467100694
539883033
521674411
667352738
889707399
412539685
81428465
521570920
437389927
688196173
838455709
336702170
906319609
335744807
478951555
599741942
174188637
622237234
635233120
4217645
171321794
530045326
998750164
674987284
226021683
562178328
499420052
292173907
335178732
42972280
804522099
179973854
476493110
826780549
235664648
961319903
491845090
280701337
26036447
385898446
50007503
578713687
377178960
125931789
104468439
493021199
233054145
404152322
153638413
423417352
556981731
590375784
507414437
722364611
949916586
653897744
114446118
894729042
994059235
20376784
662786212
442027785
818973552
93444463
833737733
488553894
705091460
437525832
617523514
541010203
890863422
329344932
982131252
694267557
350395484
763360571
718997706
500635036
427243105
264657008
736584209
699440147
546923055
880767171
70129975
34452735
821627341
997297975
777390160
610861908
242178046
829653974
808182555
882424678
165337133
76818505
212986147
324802381
645412896
148076196
765707264
493280069
708188770
23068075
170917210
760444364
385783274
309600699
80805376
472702899
423146382
402513522
13090753
873804698
276467299
393026117
34157297
170645760
964779381
939732480
577788743
255908266
582106472
724201213
368524353
348762338
992944114
252042591
849934108
951616907
620195009
67332225
465108227
80022238
194564751
228966266
811142142
49386463
761693541
456622892
588091629
866231310
318913315
531024991
334748556
998867589
468340445
261367275
335057786
12269296
107955243
749453326
576545815
472488716
950765433
693918351
248306907
445086034
100736992
707627272
233229032
380603807
27912722
539976770
756353724
256947375
418245883
171100955
695674035
176115390
637258479
114068668
427352491
970214066
936778550
277631774
468954608
446145949
345006889
833132611
565289252
689803047
890876540
336746967
288351366
300841488
160053413
734767335
245328020
565786311
171044160
41021789
16995121
213529645
447150770
652133079
673444241
465812598
621440087
400972177
937516035
318443427
399834159
411144832
205868463
270689041
923215011
39002546
97289130
73924049
852005547
74492319
415582079
478142416
37523164
371045960
556240506
137420705
80575125
698770801
374649941
336668692
131330324
253559225
508266105
284934698
257804255
801235452
686200606
547088446
554328731
841430713
786712594
508771772
533473880
730054264
216860506
907500924
18022160
564964228
243402628
9363318
530701028
270551894
236023870
654732638
308875069
35223579
806481697
307438730
628634483
312889959
954397668
966724695
38452781
568600705
531548240
965877541
296162236
278034227
686516400
538769624
832122184
205476180
103281380
524242743
858809610
885553127
610528837
431548317
956675159
69138897
749332035
815319721
347634697
492927307
52881470
518892814
659777316
112720557
489571383
339652166
195441569
580045083
54029982
787276524
934644810
816580028
187917314
335224525
399737315
212797502
176950888
631631207
671467780
446716775
110192215
138369670
842135745
997670909
942660451
861972259
610521017
659779991
807207252
232260909
244547880
457732495
63694795
600967868
866356920
174293832
443744853
864211374
599319371
97174459
610179470
766793837
811444494
768855393
373591625
648823187
451782100
875104034
755313100
442724552
958702505
511134383
711017884
674552987
221856634
364700788
346022303
552739463
366259268
616843124
960834213
502598225
519610336
577019527
291925535
552903395
335074508
915366965
160452849
67356324
786393118
380627072
314466148
80390790
44968191
371075914
912946577
116054747
141803770
338627467
101255593
641454605
81396862
957040663
18701567
318153079
941329550
191326957
435332511
908353240
380759950
525222491
647457803
255599682
570547916
591612199
227068633
34654615
325197392
572178329
789937539
641081062
370968003
337198441
210371775
105273773
337985642
496060211
317864328
902419826
347158033
287532834
721347461
673956266
539055199
639256868
920012535
94732836
488867018
644223087
440030307
156679404
356517784
917027569
935837273
212302648
494815016
684951492
853341335
623779388
43993070
854576831
300355161
903576514
622199830
264463341
17539082
357413034
206447536
274487408
993735427
322565908
59318744
402541926
980763030
750300371
309392657
685739092
159377640
971253701
672666569
332751475
412593888
338310646
783501426
28187968
983876365
828097639
790355497
268593441
958282317
981252290
9557786
952286929
58318658
953510176
197276015
556170632
422262568
605338129
249925382
889658481
775253252
895085040
914701759
852175218
938733878
574399255
614610415
286613787
716795747
197810872
895413683
65068060
113806969
413849397
134879529
125884480
508272287
476273996
798888790
109077440
868598739
802544645
704227671
190575184
36817661
594966177
708430104
417973725
460865215
38236010
940314677
898364520
303460382
331954056
391869681
110315184
88839981
146054676
213061838
673243457
107625996
496417048
473928182
364701488
69562356
439350146
872437187
307515336
263557860
668031039
488737656
140852978
912046581
501084257
121868864
338297581
902718989
456862791
494816218
721944165
424659326
514687564
904109506
732109483
141538178
227284037
723418370
524622039
370124774
602945039
666390048
549762461
602213591
485555728
984583449
571598576
289170002
286513108
638861014
143085066
121303466
861960148
714305623
85424986
38474197
872705028
811493657
718549671
722414252
898724413
744406424
515959381
743941743
361686135
110115672
864261439
477949888
749789661
729760512
778998710
730787143
392114156
152134998
7129571
52576147
547752059
508229685
279672692
720901208
422754272
508850675
380934323
326490939
855004833
273425141
181329396
682288791
10894071
944690404
369756896
580331626
281307737
333186358
830207651
340846288
245908408
297142654
872541146
658284904
938655064
858346499
66343363
766287676
715698701
157485681
404192056
287806321
726982892
487258429
134152784
898682561
50998766
929476859
454663171
906573430
669289919
260203058
604767410
379130520
409313453
11333352
611885250
446763077
767667492
935273172
718650419
450938448
148919430
529077858
942008966
358711314
642717851
244078004
683677034
471255745
364968735
266839476
812935461
239752731
918877893
737911611
371348405
450971644
595966634
491305174
11416173
470771760
199197115
811779596
714276726
315773613
440785409
929180884
25498965
38474208
221342729
374336454
873958219
606326973
458411220
128980409
316394361
895170763
67001797
869414523
271898545
50440700
470023386
479623186
911450876
787133120
773976431
931212296
553103951
476886232
56999878
149386419
528536744
110812959
512252578
348693211
225454308
329155040
797075195
351184944
574422411
360554615
316333587
116400397
655874316
331179259
272752324
949155857
988693034
429571395
387776874
811222546
388657763
182774441
384435150
516719908
476540978
98795406
141571830
152185757
180464973
740398188
417227120
946906139
112268725
122485824
38959768
52079671
924193690
737437655
385312667
294954107
306921074
828590493
842673373
589146930
517596171
978473767
521827673
219569153
455917562
947007456
384111426
873256466
267131096
946235796
518643680
27500680
444586810
532135611
573763002
308619784
591418264
927494789
643364451
669825983
178154394
978892156
971266421
44373908
732309525
679661135
17912373
863210094
634446097
829039966
658914732
399401102
223963456
831940968
580781858
41248010
484511206
155712267
609720776
459972181
548723814
69956283
854508553
931005725
17189517
670114940
4539460
744527802
957777951
717627635
474280504
701082753
767030499
549654840
384046808
563121194
666309641
617771546
371931197
757714923
349527366
772825605
114097542
312169921
97316908
607225629
863171313
535869861
240924739
702121962
21923055
610894631
300054207
573074909
271684346
699475709
381659706
991719545
900360158
647246343
8720779
239858365
69006083
98280661
138664346
742687822
447866947
44833181
14250339
897537388
359748121
904044367
31376881
805909763
245927544
801567658
492882834
427532991
650558648
646533049
608712413
433595869
789101564
147306398
462981524
21744430
580055522
95123532
706620176
47817374
220008538
782285817
363120735
34146275
886671656
124360923
182393162
439023716
354735838
827873819
415008453
229125472
560837993
595789895
4079922
708980214
152936001
464179172
190262738
450626489
877117683
121837368
591413831
215401247
3409701
492280297
606717052
702132424
717610333
681066331
858840561
18365919
867018157
740668467
932075772
204303255
812303647
846212097
843405613
722617459
568239314
728141587
283901401
457553626
885153304
436637899
362293099
794806311
458721866
640312056
273271021
338715399
940423479
710103341
544302536
726210543
228691077
496748110
257555558
470937628
374808517
299280878
722969710
431671725
302192144
829208833
670713083
103372048
917908213
130892873
980781025
92611204
117174065
576483902
445634648
722386415
326945544
791636046
85763776
555404888
209124394
916665418
20564331
712834484
349609519
455018624
836920797
612752361
812017766
65483902
508680557
415997916
852977829
818670161
185772876
223995145
260627823
793726304
886295727
737425388
444600487
852504928
905557037
675731325
888264510
148045334
854112346
416396052
493194665
482041240
941101782
95924965
454630217
611692124
505746304
242586893
386690758
242779480
340941603
141431881
732850463
883471963
578485393
867155314
820589678
595753024
109417647
216223336
604286745
616994537
36153580
463291986
962203782
218784895
654223410
843555418
800879454
891408822
854032719
34355547
991485033
893611894
84584580
159521246
865191663
593902679
403038326
474856093
608448621
702258529
207870501
979844155
552868690
651260056
14552875
775017003
395819793
796271154
857600844
531084318
889925579
882065768
640231942
823370604
992662780
303243776
340114258
959665316
484953845
781843073
634940003
681225217
448624156
767076421
462594069
127906628
744163435
887484997
486325699
640594013
212781610
977885489
935251637
414061745
886820273
863794602
830658993
676833427
537381192
675621903
340637070
796513157
936556373
814348752
566063007
988989177
67614045
342585879
13721817
931241158
734352935
435551582
929307801
337409168
193446325
556199500
192309022
485015111
671038152
612056849
761766206
824723594
685229004
944810815
251674369
45730861
926753994
552099126
220869723
811354109
612233733
64199296
879224400
248903974
983737095
408956987
258483021
952887354
803317334
142342993
378789861
713816227
148983178
523251912
271195054
877111929
719625767
197556379
561922707
506852574
294347527
6797404
260550953
523213041
854147164
64601329
696283306
75060748
730164484
185886984
443884041
401515300
309366679
895225134
307755336
138503847
164467472
111946275
252384691
213945926
126039269
640101926
650159244
39702497
950990882
774239444
625315148
145703211
102050547
49360768
187507393
799809640
990641179
50538193
173925349
216952325
314603944
423138703
59325449
80252832
745622799
781011788
660763958
206066126
229398536
14915801
220430706
792813273
838884441
771414321
7803177
925396764
37603787
502261361
125472765
247040658
369864835
878979455
720633790
561303433
528322942
274081021
259784125
414379481
480484851
866837632
785965050
536300064
834884176
749807206
657471969
638705500
317367266
348974757
330676754
378661981
57815289
442775319
834331882
717035912
765865096
536006480
962242428
884463247
677584807
959096876
529245766
665493199
418091985
480079663
82232258
176856952
959835993
566326817
415037864
925923641
649221048
41911629
343270976
463223648
656126607
814564635
776649043
861563010
553672868
639752614
853573142
691947455
270848916
483049069
939323600
706978207
578390859
539349934
874069677
884293311
616519466
636904246
34107950
286988667
491444207
8540512
70724409
498125674
573836828
607656997
590533171
249612525
823617697
482308332
783191332
330152285
176502880
222056941
270870107
130346508
582595588
25449986
94377965
934823680
793502753
803790792
692257571
663037798
284256598
397092113
74866108
744842570
137760893
26414125
504073293
402849835
890350087
293931998
26540461
823189091
31590698
754490729
272705744
797461827
67836511
416535119
384141092
850328810
758773921
901247157
310210530
212971854
521752644
871698651
975686940
321641397
840551453
619972909
844562070
94434066
40277015
72299503
260229315
987744550
545059808
154467997
84575456
633458276
640089458
130877036
546520563
654314313
992025394
906110287
361257540
289399998
149059803
150504657
150242330
823155128
854894021
555648648
12916420
466532134
575327688
276552147
764140625
452765819
469573787
674579864
555123243
562721590
380803627
263007682
365844067
17798979
280867722
131512039
265255083
100719539
971029703
669572672
950663716
811394427
361399582
225625637
831593324
159208778
866987378
638208092
810604058
938019826
200875484
996310288
386849344
342120323
564130813
22145772
93742565
982277499
246387798
385369672
838736668
96639410
598945850
353987207
930783072
660581116
623559990
56266424
253683536
745303958
466363422
375618707
369296118
914558380
72394737
321305823
745978319
986828847
617835423
453835627
729110025
961345939
65702858
984438508
99700475
730485780
270389308
429381878
523529454
596217304
14938678
585154068
465407074
704697472
70245817
647913536
522225523
308780476
38429654
774805702
491236602
218502236
614228896
111638698
293166743
729887915
667862834
689163175
111881992
943434740
448342359
783767401
622300424
731983884
51353705
381545496
292056408
155247018
835084760
981740727
531601411
549827184
796136088
923312258
649478168
699841187
98009580
179771829
7544168
678856339
656391002
320402215
473798975
76982092
99224455
777167824
921409750
690898133
317852012
536934138
255324164
37674788
816780300
625227446
78677929
164043507
93005947
696455309
924583708
471450506
230240020
247248416
189954170
133659217
431046557
631439176
35514107
131945410
555519822
867085193
347787768
106209532
653826696
667826337
563237436
770460232
71736274
849476994
558884471
227276073
287347986
592504530
889649600
569638909
413788605
628819516
573793179
74126684
399716706
218293481
402864476
331041032
685038131
143308356
643569498
788703025
968231773
164585802
783259069
240147485
163719579
303879492
180604084
589174456
426476323
621638625
384261233
121668920
178332423
432288898
146447806
797423201
906289272
775350287
308269449
128944374
995971134
538398978
946405699
161624279
945284441
563575992
73566829
664802953
425318241
11269738
362222099
240689090
527266756
192673547
232006989
622284617
978833684
453125467
949547988
800761877
594360687
655299581
224199982
909305676
925514501
404362457
228754454
279067555
868296151
287537845
457176222
1712326
619882511
513358084
996185432
547260722
532510030
680675828
314192557
711972674
147287690
853005687
614019954
678561428
95592079
909013499
43184191
818992462
241136016
782827293
377732953
732811037
150649814
684651105
536376299
403073602
759346107
681102575
131010102
395986115
892134732
671113869
599533788
425235767
504516863
755423000
624991121
72046455
958825972
312082506
740296576
919460457
290300537
672043303
954230175
601331369
849091020
514004207
218230738
894539603
530809638
596850243
441457898
41043288
807970764
886141043
575308223
353740896
674390194
601550620
984444841
335616704
254903861
550461618
297172041
598530469
303800990
551957507
355165389
349043886
766914275
805477467
345619041
224394577
134726948
471464531
192924051
907360575
78620153
591563239
99079179
475973466
518769954
951069246
527752761
67611403
294279037
888465505
782144690
22886824
289850958
317064357
868336358
759583716
905425540
73149346
163733089
881645583
52972296
93763507
586577886
579340545
830182007
224215053
309785099
85217367
716558208
681111735
115046732
782519259
621110792
698447445
870489791
179604689
558950031
951382275
175143982
763294610
33634467
905419552
805104372
446259992
149268048
381628374
814895309
120867969
465646467
592828411
315797648
123012320
619191772
866397525
200102507
52841844
578590643
438889980
173889806
86222524
68499436
644398485
285071505
524552629
309092875
206104529
777766418
581801720
822905598
502495145
181641428
823400012
555329352
734623320
670312382
252986689
167526437
55852077
916015964
119303268
39921032
142976806
438505143
256060433
420638235
356125620
453145563
167516407
972414094
169685020
718006626
454104055
663536872
427513485
625708522
130823889
837246510
528645870
867295495
655402570
263095438
929496595
8846394
959863006
610563366
304854997
857739387
537746558
508687408
664104443
43402329
16519945
320975940
243846319
810971795
75750845
527354113
407879421
397026492
970641129
465138928
890207292
42326193
915924465
318093360
646808477
425847550
848604192
447025553
949340081
794727496
196911220
193003503
872187065
578197444
282312855
787978994
559335206
435030572
858652105
739007783
113031096
990210340
507081324
129743852
273886678
469229236
581939750
421244991
366242534
780107886
982583111
219087962
543592470
922662272
540838428
437157637
98613008
219591737
49613272
109052765
34178175
269069764
20433035
815818306
298163247
935483762
618942083
99792301
456154550
437744328
57703066
758730039
819607665
170361126
524132317
637509030
344358325
643324995
601569449
320088366
144230862
924744877
565842459
124433344
466816156
212224549
235847574
713757112
735560655
100548071
988355394
925767249
897583713
35140500
540208981
729405187
327187496
11715270
814732960
59687311
518051229
5189514
598134343
671707651
280907503
193916247
822851264
301225811
524882625
900827922
310915641
613431955
94085198
963130729
607067878
654047028
614621646
990959081
166205547
306935002
133461632
410434322
47782946
128145735
153057212
214838341
439406379
763773189
938328188
829532750
405906469
590637114
898223518
195251244
11834528
733430426
156982172
526784990
776494249
874600093
548303926
968636188
389376880
512793790
764622631
619417538
845126016
408148026
542108088
951255777
591111949
364357951
514356798
902227262
911034297
43337639
174059334
273698076
64982464
243613685
877685064
220112816
782824076
19398319
351972676
880280382
628822674
10345543
953606129
279560509
567781066
476433038
236344788
262780221
425271447
941339961
499150515
519263811
642477600
676062655
798834827
216600961
346475922
432995541
498767407
15702578
763175458
798676965
241535912
664566135
906518368
260486121
872351582
959093322
965492728
76185869
743615938
380355085
329440900
92024082
491047726
244770640
968935779
366799544
336945922
717175263
975589091
765324935
56086113
74144279
411072040
595800032
566652417
656899329
67211908
783817613
811133102
682810696
584047520
125256451
506855828
355811991
316312772
689077895
583943105
608718011
922817413
205766222
500672626
889824977
843394055
212871820
434676431
227266792
298533058
389062621
187326321
385605310
119827827
901797465
602882395
512584648
831482706
962320891
217394802
190715399
358873649
215619340
239256512
432876518
696001920
908395205
483422726
822195349
4759068
11007963
629270612
342582640
387303515
822921505
354806433
73643714
29891077
424383471
364774424
931006661
144378364
30357118
62650950
879332310
579839186
91592109
400089634
725118528
994618690
905604503
886243768
909649329
817857170
593600108
422038198
463379742
84260143
792965883
545294671
910084680
158918486
806541198
863512536
893128988
882868762
440872665
210110443
563883866
429719872
191255856
824777784
505344986
253747492
895913734
420844426
692079637
622837341
367038810
343691493
48830669
397718979
637623639
392488994
526446645
982836234
222527116
353627085
535666091
268745386
947817255
425046796
447301799
525148387
494200164
1981379
484754772
535959979
469756368
933852858
224958119
309719736
614760016
76832406
297796537
711644478
227293945
774594715
437231543
985967193
899169057
28127478
801870001
445078221
521173910
800228253
541167889
467892921
370231986
607108299
694531376
15779223
460629972
719229447
154245928
500339653
846270602
237889857
875029369
526788767
271579050
900594345
278630580
409832739
101470438
634342242
542775045
859098480
765145000
490637687
490734237
392351790
307365389
933385471
16251910
668700652
927702991
581423273
25752325
601837421
63005730
795801008
318834323
214993947
589630643
423722859
19051597
645852198
948844564
668250345
131425332
556639813
857964031
453902593
353245008
616982175
304894557
23094818
750973672
557841061
417969938
486881805
101920173
656250659
380708336
19930923
196966118
907415503
370060364
549020865
663516538
37411520
833108334
254601226
100525179
504384198
122510305
657918512
196598028
752988994
673078266
826876096
418511905
321134578
694190156
981912897
586571704
295725725
469272174
188699121
650991749
343698637
366169976
547248363
331655314
488441148
500922268
378128482
69672902
120596401
839694970
966415036
129368164
889960969
819770932
536267420
221035689
512758073
616994488
416952034
513638071
726502664
168206648
452926199
454035262
895550336
720790212
510037490
817484164
774283942
640079744
25582976
792413170
986703265
664351628
915561125
149896076
384595807
509334209
745370440
449322063
553933884
572274432
160791580
877590068
989558693
303321287
74830032
200457792
309362352
547768474
856113657
302590071
160830320
402262679
895921179
940968902
897503026
50375300
664697055
208454940
726647588
464828965
569971114
62074524
940169061
537224802
81417469
308199564
824076136
373139329
759664633
511960664
624899608
27095109
727418003
364601658
408249749
948640508
617287364
874112020
477047032
426850122
6372203
79838749
615910576
711020788
804257793
465540229
271195318
95432003
562300855
884316996
508294053
509925213
575187531
69449190
665675736
153711988
701744920
562715903
410868319
739757501
448236974
255692339
544602954
878122558
92582576
797097039
11942291
189560346
756444093
305321006
769448021
789777993
879463673
362479861
346470640
493863192
874928228
509871659
924960400
778559448
626269233
318812720
655521750
327158705
311984005
792493473
353957646
636012694
418154144
655020638
953181240
651445924
258822387
423383857
625596996
217814174
495258141
300746374
992967665
988505018
689428428
851574471
198802724
305099396
917999676
814255556
391598322
943852833
984032038
923569474
964532498
479046388
196517816
699026864
3567932
326227598
459923799
980352481
697905348
194074557
574647490
916513645
929463509
604234806
552678778
487253231
508530797
660637283
885802812
347551763
161952866
353043206
715403176
862193201
310834304
361917332
10888679
142740139
612325747
937702651
718718522
96328724
253622113
776634119
570022472
40797978
334566592
985014181
675641808
136273620
484248502
222570631
408468545
777058995
732936520
93808972
668666306
908049852
900880723
968343567
600371836
633926658
438818809
385686216
270408194
926072974
646148284
922804372
634127106
907719200
833585138
596653031
130159444
985384282
399324157
798444155
333853606
238258878
755581898
959715431
828435446
826811620
709215442
659716457
898778942
782416064
801462187
213517120
609794508
988285596
915823763
489091737
792686689
105620995
982826299
727706002
103990413
381529641
875704209
905383778
241679116
593801497
40991695
262834852
796802690
361959187
650405413
286340494
639640738
427860125
916172029
574524526
923962567
923459912
594888913
93894828
506275748
294249637
43260599
307355004
408509401
502983375
711295988
203416298
59023601
923890815
545146705
621252652
997372311
619234243
768566664
724697096
89780155
439859877
383917143
425545633
258527659
492089070
83615361
710228885
405648205
361548239
12748904
236588213
675272515
121345530
257453152
159445557
774061107
130345585
405681829
931855540
175945312
157778379
676966403
975558050
11124264
92203011
213115260
888445841
376668211
204400879
503420049
579647284
398640362
489838969
968888220
159601840
478018645
74202111
928389601
530917442
516403314
358461114
395963469
42174798
939189496
11629218
833991800
952506379
401002386
738494541
827517491
391563135
220479649
344112007
905757145
147316893
192355595
603819193
194136088
44212737
777774285
853157208
912734970
441230354
77544753
9829846
27628564
385025885
153810679
354034721
464957996
439318253
324186978
953947675
795781544
27341810
191055019
456870037
155027132
344398570
664874749
880205189
779711909
90576602
798603302
986610753
740866225
200170803
959849568
131877362
127432675
748294782
934289414
232144477
445117548
488437134
623693502
970948424
186385894
739861053
876168647
744026593
311341358
193688738
65038901
270937893
855225209
743005144
558658693
164486546
162026054
568642695
55575978
377482045
366407673
20347086
779034490
908812172
475894094
489800659
297380522
510308822
113919536
431929932
316830032
359771210
87862453
994262190
83912449
231830614
103186674
163979213
252591330
449850698
538783325
448221708
927291676
934750907
663397667
796633285
60934894
889843374
392075388
293647573
184807860
791282893
609249337
729228680
372204708
584913286
531962448
851138424
446219060
158726906
479472182
917703773
802911114
593192659
228745543
888484918
852658881
691257160
811472009
818178243
48870074
916213050
182102993
885770411
268100516
309072360
130215418
139423459
523862456
432258098
111294256
835268895
508071475
255667560
327157313
302489742
127700376
199163652
127380913
708449168
91368641
377705606
812761540
128536913
740870476
672360012
880935941
998182497
968436906
216420329
42695921
508425936
512629799
872920489
293197533
814213095
581625482
510879897
464206433
705179351
865191885
776351849
672220627
594438636
332009137
588077530
641842642
303922261
998940359
129807743
35169720
355389183
39679963
318387612
792714449
245009428
762967570
578760425
716741141
757183640
636262030
411830148
942589784
927587807
256094755
336831564
861803208
15693517
249639316
127310385
552820118
314871061
599826986
958819992
7574298
176821868
524265666
910206216
44473736
610841204
711515644
475073566
55959438
519116690
103585165
51805379
469374353
476847729
366662643
868351279
870976341
986191404
548701195
924360546
923794355
735546155
374130662
358713600
153803302
831100634
693198824
948898338
954228227
346595101
465500182
508582059
86577160
832593993
844484938
629991373
711731204
429120633
787578360
410390800
489848349
224857543
128896718
417820306
655018981
574720358
41504479
803982249
469409645
954290386
706148557
656998943
825302581
648027186
707174095
319201532
160343750
109621315
730437756
6395418
131510591
435974299
647692636
718522321
258528619
371878731
688972665
124247641
917390281
343520420
440645877
60566856
216504683
2463651
306269459
285368301
55862788
65641095
405856793
942363317
178422067
106939351
101470208
949872824
84511878
173296615
976625630
718252647
326654414
898423518
584629606
914542127
687755494
246752728
759808876
814123637
637025499
819758811
93337725
600085922
932549965
951773951
744721669
693800411
479182022
919209495
662232219
695020441
43456790
443677460
462474846
297370782
901997866
74638889
676080380
509115220
872908591
717397883
121823074
147892406
327366071
915728962
237258544
224001932
956031204
981304020
819556240
367215301
450337343
46269267
318903816
399065726
51999741
977717394
912144839
381070410
351458354
186228076
996350145
400313909
755082393
222042843
590265532
945583550
527893980
832120454
400069676
285199696
84430770
151857707
476055811
703708364
147054926
654887030
818670663
405807702
763002508
497430956
908958367
571784799
74788843
439812796
319032965
3541264
216216013
71198872
400689350
577105393
332477903
753630810
433940228
724986739
467038614
469684880
450274803
175514507
451721364
775853416
528232144
988400909
358139056
958708068
293671451
612250206
440551972
504464192
689105408
229015085
456981321
425176789
264565738
577605978
277466067
845010283
217591658
513676203
210812585
141872174
371835704
598639796
328214291
269433425
923795162
7172745
999470902
896561337
996612395
345347410
611163874
56667055
686448968
679117199
421230229
493698974
342647291
116367917
822519689
353006002
917277467
854375272
195342312
751188724
884519874
918638180
249503021
489888050
251540044
272795147
231586872
223227413
103930582
498440021
306873685
173540846
549353908
81104658
803182522
128483376
457207953
955034259
896188066
844612333
430831719
264159579
573921992
208480199
973011332
361789
886589126
413893630
563648206
372819541
887696324
152240715
732059956
992858018
273412852
883014026
723250106
292409550
433691232
373171664
982619218
871571454
61772069
720385966
251511793
557654394
812112947
949325560
605071616
109660046
970988354
969535364
540332538
838913910
522820034
550395869
266550375
274561474
191899892
781169434
292353932
118697129
808361241
278069108
790736360
581378389
583173981
140882233
218760263
253473854
856335548
286993332
133024201
652349668
95579917
21392025
978345386
457554135
379565404
928612865
838554011
496869905
598166377
216327561
528417360
636707585
800661389
474373771
190318677
76771437
415669436
816913535
999387653
482976420
481447209
554686253
730843460
93005119
530903825
402653097
878967416
705307640
155671349
530764548
4029079
742110724
423576238
202165127
2469151
138912100
407567864
526944822
727335357
551923314
363131902
82987331
441035482
675250893
41635012
489480524
566586394
948991496
857897421
780475034
343352065
569550090
603899950
736966996
522740221
128836332
146805520
882915166
968696695
251691740
379858794
4706302
171878325
240778166
568828194
541485639
318509594
526722049
774660376
369287974
115275731
872658267
231740234
602822558
282382488
927653232
319706550
582314219
437352407
152093143
385178992
80836217
237192363
563142392
110146438
474651120
879298639
46245182
653539720
53135727
697166581
464216379
695379185
971346727
30850756
908783817
336445181
629158641
936214405
354216970
91543613
721324243
257149823
177647026
736677196
69989153
856516489
975169378
389759197
512821061
802890802
848740858
508848451
617358812
845605740
290298188
445883775
600129298
842906855
155628930
824287673
311780522
11978718
89731331
849129867
259566772
329625988
608025806
129220431
959937451
543401365
903002570
355287872
463299547
67080470
588798379
644527761
45563051
927788097
966457290
930996628
593281471
55488345
19175436
357477425
911745263
463568986
158807844
679820355
356060174
684835015
971889081
166920194
999295877
667790211
384876638
639773723
491372283
203724388
816184244
671090069
337778421
726644300
51818921
987881259
926869833
711013501
773268769
39723086
616461365
892424044
810785389
699804710
73300371
355738661
845418252
741654871
200516671
648726004
102718217
926485425
265944138
499621357
528051078
162885910
293781942
442587101
847842375
824008511
688700448
368176159
61725495
831526436
627046963
401402145
677203523
774458111
752114563
947657182
242908680
199849486
793717279
672571218
166735270
874950095
358961662
623810353
233728988
552512511
611370574
472577961
627438438
216390424
595831118
458401374
663736219
847766598
613503756
631685255
57140646
991669693
678232372
658749510
396425081
307865582
467997142
950885018
280793322
558179473
459890875
97417575
64069775
354309892
406566440
266870066
819916793
540304774
958396784
92826607
477968074
749372539
663351394
58702451
935181394
542914369
700245223
327296716
576614027
109763462
580124588
603689528
58070140
583515813
150961882
17259224
336938122
575109595
215381736
294641173
333980722
146179558
890761406
159991462
313568094
97746336
72044965
269528175
759193964
242294191
486390114
462335781
177975819
463474863
973913244
816235767
496655474
547644796
814124079
285484867
190857649
383860535
180669382
371207670
974312687
943413057
755539590
456501528
334962953
762979462
460910314
223087332
960012058
548355781
952676092
212594784
837732604
839803485
422716811
569637479
955391098
813885601
628319763
535114093
664654846
728733726
293428499
771192916
679830765
589873666
49883009
759234366
689502057
526261267
801675712
338744979
271557613
292313745
735318766
233506590
141270439
599215397
320036256
830074145
47123652
93499018
892829383
521269049
75357901
843437105
132809003
332767343
20569594
130855736
932015026
640569631
158249499
406848149
108074610
396549679
884086051
396801641
789492614
824397839
823028588
296530244
141510896
842882836
748138038
744318211
473981024
470538558
227929403
520313144
618455215
57574986
72027239
606380512
342134535
470846635
983683889
280650575
75102943
138272932
914378991
532021987
432217490
697912680
811892242
836355271
607471960
882131991
646796378
338157145
608794792
975437740
66512287
693871304
795240252
682457590
975800598
582176110
269366886
927586052
134465044
496173575
420829800
964225233
223258185
822110715
33387102
421151438
122513329
495498914
681370912
636278908
741042317
551521701
245602682
800229299
169237761
379542165
186538727
601159829
438052348
993954721
651821623
284621988
441274443
298073625
959831421
631333348
776156084
557433097
503103631
200993459
514940395
916909740
71532405
176596647
733090098
448455355
21446815
292461888
294403764
310820352
508732543
999944395
183016239
763736268
255856692
596020256
130946167
908006026
879350604
222684152
352410916
321505671
130335772
445388635
413109155
797587782
1723645
851104821
314618538
369303028
954822870
659872193
29683037
112148122
303971165
951065617
870684746
236899924
791160736
125384437
34973647
63530340
833771638
713044689
768845771
627625693
823047128
74010379
496431195
873220921
43728732
918252313
48997616
188096974
796224606
349606317
213423765
382287770
763242715
281019429
350108203
123750704
739056764
295827241
721759193
64012970
938938803
701479411
528096276
525135568
638634764
289838610
335281430
147863156
273460335
156383924
678120127
660123452
356491955
627394432
495522708
324070209
940625857
551520502
145026491
26850295
769089403
848427590
332311654
466373385
634585275
542739065
975302022
964755732
541196349
699731100
984005485
865422967
615984864
353731472
965736836
335010214
407872546
380555365
608765004
537700616
724158960
838499741
8567187
175674378
875034208
547236190
909949914
713620872
799160982
505141919
49183769
94410392
819023173
355809808
456630558
637195756
35459153
338403058
863120949
522747631
885151155
985704215
926277524
382105573
745632246
982468885
106291661
151948155
391806791
474730054
248581889
596460331
773739915
874590220
832884951
943519757
482427172
693285346
558356401
593685195
278984947
256762239
717214075
99605042
904467379
213601543
368791325
885480901
53008372
602424821
870419360
90605929
122209535
924922803
327174239
390428463
817371715
560478457
101017977
185604180
599661471
868434813
837010598
288595657
798965147
999834669
339483509
820522121
422169261
47188468
960887820
435671470
444161622
888623758
765563022
113427368
726516425
443696739
282081160
934883605
346209952
678504264
291510872
696162225
453820817
673121971
876556100
8422708
698132628
522252443
564805205
602522144
244310516
929159324
92556437
240662019
775903744
565962104
442047113
926647250
171956871
689264496
581821510
172579811
601933187
221627087
928662975
346762014
622406789
151457643
475916883
78879074
713073882
659477455
646196139
917600404
800362380
140739693
541592978
720772698
596365247
369817567
847789070
284438103
578946744
648782043
265386972
797761887
359690831
154303893
621195995
113355
299535598
443874549
10176432
897149228
618343631
729349668
999372707
519366911
505307503
279371292
610883102
956478039
66067420
223641642
827826752
88815112
471664767
255276253
364401147
920144504
209017884
684785098
45244741
978071019
895079043
946083534
868222184
831433354
588203898
20446052
381151698
995819534
380716834
759470340
536357877
667063182
773305190
238523939
895661831
350759605
191672334
561700558
660493498
707959311
70459817
677645830
374437934
815316996
357600189
405581191
498908637
218200415
859465964
781409986
790585494
150342525
97041924
599278975
294868072
782076495
509338730
391484282
610861161
578699750
290107679
671557625
62728012
864211904
23671302
523991295
695687323
537193574
639505113
376024700
809263444
329998204
1203605
392233022
175287425
791851029
79310002
201390532
267405755
127170233
273649222
232477395
704187714
900479400
246325709
450808302
558416318
828553697
249008061
913387454
132776103
620254357
333503777
352442149
733174836
938879429
584402891
559097614
826145193
59557457
416443966
884159396
746388599
384925575
106057314
142113212
534001664
465949376
56324784
957151690
34878536
862115192
530806354
654767765
997965120
895652007
719139444
773977208
901826391
134802391
535205267
366123703
703236033
400609530
629410984
313170779
123411793
46397502
489592696
153486532
966485895
991986683
71135956
350504278
430059323
505407437
444289668
855546606
786549577
605824859
735019571
85744127
857562138
459060545
336723526
866327876
783990394
978310872
116282898
528325624
621295266
976655774
888071157
984152858
422112451
56148492
211688708
246477174
318248665
325736363
907676788
41208120
1619041
984367117
845930662
634825415
534393330
742113909
470030345
906925369
109889225
805211373
978547407
674459618
158658968
562605860
998975617
920349543
220829212
621413331
441878658
501226870
731372630
55582889
344973132
763922846
50467977
525219943
349666924
828548241
419978420
352255083
465208109
373959291
859623855
124402362
446584023
523165306
85550046
296376604
839338272
412050745
117821357
911204782
132238010
57288642
962406857
233062452
292562618
503621936
59987158
892529554
959604753
82856791
559682489
361393832
400561896
814168401
802741528
944875048
224942473
399682059
306587191
368472304
126662762
859266517
907545496
564086442
240754159
156955856
240207515
47039630
266900675
228020237
703991818
638951213
775679084
900792455
474287899
160016656
90465032
967936512
331631547
254923581
16802262
450325915
904025569
985230546
671823964
72062759
810158192
99371930
488415124
223702580
676585958
989322634
860817802
439677012
823237636
488170308
198547355
712310237
739879752
198204263
683045298
24146452
800051269
674552978
422229677
892330488
650344933
35390385
848885147
399957886
804563409
39219774
955213095
528341855
189373193
247659879
384033313
454545707
887173977
233158892
26010970
839627200
942507695
174421337
739784109
174520551
262281021
517608852
838384047
822848790
890928731
397306647
440349792
844005600
686658899
84759864
966089072
721133566
501686523
616211834
592066516
957228728
732290086
533852088
173479650
153438916
362720212
713636983
765294500
617807413
164940862
287042348
691023561
628197147
988335901
196130085
284590157
971451268
394229774
159227205
917791828
936322849
907758955
573655973
878712435
533640536
9083530
226895016
482759215
281365370
904848745
397944555
18995664
478242116
925919030
950116888
584710062
808141817
557542238
691118879
504772852
522264832
290860147
105045070
954731824
298232649
632108291
809239396
750094915
498888768
199184175
588560342
311938237
788731499
563461266
673720265
529920898
349640336
225251818
855093201
750880643
704878382
715601993
994989436
841271958
83596022
840175784
768093660
963498758
664020088
748712200
55080785
669164572
131878550
3947139
579614381
989273753
261617216
711082234
28275535
567381683
49572596
119223603
789357864
223971989
299446968
146347917
520119597
330049542
303932449
655469105
906171016
773126330
120730491
992775212
653818951
648355219
369046798
340096705
447319463
673504821
126263272
948506619
787177321
25659677
296642332
544481120
569478607
837227431
932964366
314262943
601077951
767485513
730600472
686638539
805309993
765564783
789845352
960180415
720015157
632222068
344757108
183436915
34923915
840998794
698833755
139442104
143445271
22790397
101605201
759417290
544759148
169708584
513862825
154580538
149294618
529253655
736859385
536135688
130163450
635277803
578458698
150018832
625788868
610678561
331178426
565959875
545568570
806439906
715701097
892891887
354484633
605958066
219508494
266834096
425994911
479121804
435504953
60090280
640060449
521305504
392073206
816429216
651571473
639590716
8178196
452029635
817665131
768030059
50600811
773184225
854756838
374987364
139983686
374112961
637987494
958595467
630482073
76340893
99710315
222839991
823259723
420833911
447669386
934308369
490228056
32052377
442851946
328180364
348440335
546971246
544091305
894389228
803573724
448079733
720339716
661413718
592096550
786786753
136603420
281149154
806026284
99974311
504920890
273524412
421340887
254836797
982830760
605084779
801438983
824475501
350192670
16330141
631637424
799125143
264328397
488318912
27575267
103547214
131078216
745341585
333555094
749699349
931977010
386000148
806775447
499808558
929335152
596066382
55870062
920316935
687107381
337310561
418206712
708070727
915983
216544153
971799702
706270644
2860756
689511961
392972638
922498751
532342883
838012868
647060842
429002051
578453559
643938270
842181467
936637975
135092034
161763681
979372229
296931085
322708566
659976826
308566423
287500785
854384323
628983760
921343882
722394103
422939858
493064050
21698542
52694532
17732137
127769437
993876481
552997043
539689988
404679442
199782414
571258527
809595559
879054519
998819723
97123413
606326425
313213510
811304910
197637182
825905153
96070025
452071205
121719436
363552816
189995906
207216788
719901156
838855313
434265994
572604819
7278752
672127712
909107749
664515604
898634361
495897949
141303377
231935933
133905775
244435387
688330795
948056140
276303771
918549403
430828379
296735312
849829199
368645021
399431948
418268611
578576818
712765577
775425881
254827233
72702553
830388844
446466253
574275364
659460157
471535904
741626330
163266604
34608006
77954492
391794251
643823461
137911049
523543757
465155729
553455779
460353535
80094146
649777962
517303113
640766889
226262198
285704151
872073196
775332481
884170901
19078439
312587371
783553658
137882345
333301206
978335603
238769149
491463981
206357277
839743966
672140434
526085112
844253555
40619699
711991494
601379610
994262057
362002997
44082967
493677085
468776497
498293587
350615757
449184196
293876122
800812856
263986109
872184414
32453877
695582788
134463246
632533891
988711801
784261756
380734238
78783100
416682035
369851383
284406629
783948160
239268706
830059335
957034322
338308741
317896635
600682259
134420004
768064750
675477860
534557606
334025852
737400753
244790725
711470728
215715743
509073002
27641307
519133503
316657564
805525967
324394240
10873165
637042470
640656823
205481653
369915617
590041751
339239146
853693037
652517916
668657930
556212154
496018811
647982007
303249376
809378392
75358717
835521554
493601082
857189889
238328229
307848905
4929955
247782804
600191171
489005782
854748699
869800298
101602644
570506366
959047703
716884195
692998209
56025048
179138701
93005177
569437548
978851672
981458142
568251740
761805864
648428944
579301443
286598142
240196761
760489135
50940356
455255001
736811551
895608712
294264254
707121981
249678238
466715787
196233295
276005198
567656684
63768910
141697099
535574416
913642438
544599206
295308884
661956178
599499571
120595118
59553443
453984361
178751822
367412931
873971782
761863376
492790101
468393695
481517965
53265118
354692732
254672590
913334261
382341731
277232705
353273583
770305351
259038497
276424416
906546239
74869079
11710673
132895362
954583402
66063846
430308214
283618326
19062337
678425620
962387522
751307783
971547037
691016598
848185187
242875942
372224801
173223301
977776774
449212178
262018618
107115109
713232333
463143829
280078661
328592990
501797354
458728267
400582321
114775785
906716184
181596312
802507742
246694242
689833478
682486808
970986581
431379693
650981335
986250931
337576468
338971991
422877834
776545603
354836765
801551121
561250782
341851246
603313880
839717386
914441415
529895725
100726100
2219276
76754905
444887341
853760493
173943598
329249589
658071680
633144081
727840325
521188912
232386826
598750386
164528257
208540544
836053405
232933865
222186851
781424589
84714702
504251942
674284717
475117584
581854521
465249482
468983097
590399004
46061333
300729431
362317987
701591242
38984392
778958897
448584930
206177097
237800881
271678395
878552683
588341154
887223907
910603646
511561528
88903195
172961591
878843552
171304337
112476356
533039701
219205239
949446309
694910767
827030423
470499652
318015332
844037497
578847199
316414327
215165931
372704765
264167963
696335848
870109597
650521233
749942892
840412054
47558711
860944964
293015562
316414142
677410408
738220673
675867831
563811061
93300291
805396484
924773941
116432145
66929536
974312817
995739861
702554923
198184498
275235280
233202692
669291492
987723669
100935544
15125444
106497299
698379226
419811462
985188488
216180999
400011826
975677940
283149685
225195303
899361632
482197689
543068833
344779300
817218837
597051373
643985772
325241719
338347777
300661235
682024511
271595673
665441844
372746874
343887623
648018050
413332018
451481080
181785167
937129256
510832021
47730138
321228054
256363947
494047581
215085636
447765042
702708156
374814614
757790817
856830469
252299441
64617652
576670697
773251714
991638595
530240114
190214588
676349540
217003118
863704311
27070057
944734980
228184834
868628829
820943006
204538602
348490022
265866724
924622348
844372209
955454775
486643071
942843219
337453370
948841363
294826853
708083467
640376147
78864479
610778560
214839767
317717713
956753883
425502465
322505816
953967518
482483487
665978858
735146151
520597012
265009851
74591419
944878425
874535309
49829483
84320972
721243602
325443541
883964090
742181447
210901515
151344910
691516082
967796999
188282471
485185561
982677835
866206076
56291101
208946150
281136802
557586450
101020675
720175467
673138800
530178250
27796312
331448823
97606991
175958849
534894072
937435039
118298854
170809851
364550765
984562516
949594172
685032542
413261798
308757867
403534212
551926222
400650627
50094257
333216076
879924444
560973093
641064381
659610168
962619802
275343865
59834599
348758051
176009051
632381779
249652432
497929389
539211316
941421196
339010775
800363999
752571776
153719835
28742649
840414262
351009464
745742227
346164442
116378624
706853819
397094425
303152162
263326840
165700737
721181701
522869994
684493241
712032192
917977122
882946157
349837311
522790221
328167988
252403968
261725645
39620810
602888324
378408771
262563603
179156185
500722218
625330297
692045544
393774980
599236471
570721980
441442154
1848961
888669691
224203313
98189002
110540819
163645931
428986824
554883777
130922594
36930011
499162846
119363210
421883636
411186488
737987350
583175961
364159020
768300604
78845899
190652758
766760058
95689103
5397108
653404126
758224732
619237807
789954218
104990136
523754567
680055711
128060248
140375707
613062793
140081127
305626163
505039838
817666214
846286034
165485844
999948544
641397093
608291833
989904303
935495602
678546775
160603689
952037124
200870342
183215808
719812556
472328211
67899221
202427980
716986944
782321757
453334439
266169077
761134999
23187345
821777525
817545353
975233295
721015360
382714687
39019444
687255466
364653230
234557951
687273954
184864407
530665534
759989501
789324467
361220435
741464553
652238516
725978601
826052736
513320492
494101050
67778579
856765980
301913874
495743598
693584051
96040642
834774565
514214036
854998278
599654583
997276835
39260847
107091611
335647177
849417690
617792555
385962717
843157482
826107656
9909333
383752812
869503652
133334692
534354912
502880075
484164143
122464159
878213807
210890771
159270856
519262166
958388159
6733911
799775774
968890875
261606492
757661489
13523920
896279272
413298578
130365377
6974418
440477271
218723678
208723481
534233936
85437555
668250085
743788352
290045243
33727718
1139791
685276875
753303580
191003973
517141846
882282130
761461877
108055634
332095269
836936965
505424795
392480039
316663777
495733735
761678496
494060
862142877
995314193
771256445
454626767
388724100
610504185
101848211
281892882
769151746
724958509
88937182
359383573
333419882
442785484
617598451
863131884
485097515
646504765
365176723
754773984
906609632
803914722
395658207
671844147
440705953
804006022
134073989
138282429
507687704
298296119
680051897
29193809
101661037
329045555
800232402
817284921
988109669
328034817
704176718
35333833
924175177
363111615
244383981
223217683
363360147
623448362
18067604
278583960
226432946
45678412
534505351
56337788
644452240
784983099
799245860
325844335
651145700
282853271
378958571
853148840
182967735
158280578
121223658
938812734
945222005
662508719
767378461
993986569
352945213
997733982
758263561
813528233
738233931
771552890
280684842
62623512
300174127
761601316
199908618
927309253
927498676
202614159
942561887
288915045
696816288
429212560
531519263
817296069
646250497
612250508
231503615
450919661
585862818
976110290
857579882
637735357
294375933
196020211
129047086
156329983
317840070
624541454
197396756
350218720
611588501
138345060
808410778
480437981
362590343
578715255
469453077
341542201
82929511
116744015
866101702
785643493
283081450
220050297
516699215
378653141
592293215
432789002
585122988
33130657
715483230
697025418
866782109
866631511
436010571
103622266
737506278
450425940
565980151
242215147
380224774
361079834
791205818
615674229
119316269
42162056
508573863
904607039
453321785
732555702
242878128
547666897
318104023
33993940
171064438
469938103
443768761
208920997
710275510
25958194
602736956
410765481
900589112
344631120
276333607
908983524
976263379
34911899
670823732
68188971
525019343
517964389
877325495
438369750
3448192
563043193
982031743
986603895
737556779
156103552
739025665
916553842
521225680
118990103
992301887
84046910
569752948
425193911
207929374
332786484
844450161
524349728
400854313
854194235
254151666
148373970
149831115
20330896
96117606
252677921
613018748
205829157
159432093
206190002
578166005
177112839
839591842
791270076
780689061
797518733
149753317
463782513
799589699
538818719
583542964
501148909
879349516
240687652
438466783
626906735
545509037
262381785
327278065
103403026
601166926
114340251
866443019
405146665
957007292
149707583
341269887
532859855
920786178
226750372
221201683
911148655
964714836
159833354
60696270
855193823
646839193
225948975
254542882
407705561
389215863
658035543
79153520
880382028
76896581
838995719
849858914
493909434
147404539
253067762
15475461
397794364
826068122
610633563
335123160
280268576
246490476
38364240
372528050
676813187
169659100
15098707
691838072
318616312
400773180
212366304
224182018
71159257
46504599
399962017
9352203
127855122
534455798
719660068
810854004
549838460
557639639
16698684
739654436
573145233
572631853
978386
212679303
74704252
244713611
115185465
492261090
288651109
459572690
95981368
631618696
261822283
878869814
833137262
135472188
702385613
885306117
954507431
21815395
314888815
827136290
6872813
574899532
586447935
809370965
567557559
143263967
54825793
29206596
487213571
377693987
891687865
620506272
987512513
961354367
674250245
494947920
11842339
927106723
58013852
539788163
980567899
241521437
157801824
119061883
868614481
303256386
75901986
898197528
293990132
656203738
68709650
708700710
847077155
629255079
896112567
821085350
614742785
420814147
118357741
682895110
645714516
931655346
652487789
910676686
324296764
557711231
809121631
705737465
523657294
242411291
481847537
833426503
708570727
160318359
644711551
211186651
581618829
119478416
855503245
226641296
767947087
638828126
498586864
196815383
227733468
563240733
226472004
379795782
838908227
90605992
270096599
944515232
594366840
635044926
357787988
132975487
377268751
906941013
802058532
886872055
953254502
558362807
724790398
596096433
273946450
305584938
150573942
184131379
208209916
498554615
205620472
957020023
449302336
110873683
373745130
195069688
463128683
84410748
142292848
264706741
645889839
591444572
920793014
462954624
872069667
267925570
879321791
894343278
657699606
96631516
147479060
119502091
372887900
386309901
820185643
514036528
310106746
738221641
430526653
755298828
31108852
707255455
958131029
721866156
106881092
530831879
305238202
88210128
928959584
544219518
218159099
364288978
507539118
782221047
294177384
860762115
763307930
429527145
312305056
330699363
582334030
283115187
347484829
650982959
373762033
953171719
878578794
477226276
213219587
197305426
802129770
504397560
948561789
987051972
553173043
523395834
262786135
30143343
457274609
427903072
989062829
701896048
365486628
632368851
717845260
489439027
871625694
337893238
437639801
939597457
81418921
601353613
992330508
673402153
192832496
579991678
384395770
714899804
422088111
618940259
287535966
213701376
367104224
973311770
227239120
868967690
663332546
879717899
418460405
91227148
29690606
908641368
962643803
221973144
444865244
850798277
518363714
827495802
128331327
190832244
13226512
361751335
959808308
647244995
809853112
418477888
312380756
452619183
162119724
13254709
247477548
994909247
665376732
578933023
458139931
370241892
946034874
412536805
628711350
774997906
910874829
411564467
173707649
65449488
421972886
310094059
463477673
20075310
852349321
214403689
547251636
872775009
220299104
227941017
188467400
945029007
379754029
237727887
52591906
265786988
504883701
355261191
747761442
46785784
979547083
987788144
299183158
898636211
535254631
634813259
794336478
914863938
974592200
481158501
541746235
824925060
446685253
161548837
56166853
933662649
322776849
811149767
561466181
280706569
616056082
666053860
744325226
848214817
94248863
438627492
74893006
160950858
966990425
124867504
505428387
200974284
192648490
192174355
502301534
174021805
500699495
126050653
916318603
560463861
886968306
990556326
429192730
509558117
861372514
173601888
216052314
831881122
401837437
391308977
432635133
270675814
673277869
931789811
946594125
820348630
441687615
984338401
316871194
253471616
372844383
556833468
41631886
529282584
242020708
415401745
964228688
878429139
567482429
682856608
278573445
47356898
130847706
100953254
298101047
979743816
452681012
659597597
483745885
441978804
537147793
409590858
716236403
403128157
110295505
958339862
806370072
723964581
871524729
913792595
539880792
780788519
38343686
146205752
248039232
877455437
232630492
138363879
245492775
61619061
837512148
2965638
952300922
416266607
641375975
57021439
468416175
884471854
17552146
509355223
561202033
337193373
898085178
250735073
3231285
81270931
322343770
198624116
742498117
493392649
710015835
853740678
767606091
265399697
546073852
808825667
313169731
395090848
103215997
547694969
302325945
696421069
381141953
525459145
485288404
586122715
356758171
7186295
138910987
722341402
189664729
307302851
281959862
800044643
604547052
994065283
952673207
510714838
53412887
89916304
545763909
815688913
758582867
22155579
444398214
338225854
286707723
198516933
379425153
755553313
19789876
509279445
553999302
436890031
321881761
374518435
610288784
107638825
283042686
246541305
786223055
188149717
967816382
626524956
318244350
254359649
72565468
858357042
192464229
557804388
355490217
567599659
717272270
642943227
301343163
984414895
722382415
382753741
769510749
77709033
805865229
306962577
399972446
672655044
288942336
796772007
478626358
819557152
650144397
231501815
782259692
568176677
16109432
391436880
716575048
321051922
112671933
40069275
440885717
268626278
898628505
755209835
295903663
178550305
579353937
447582297
60188899
150450653
544962576
260221390
173589424
409872754
573272812
418473728
137237324
255255439
839667019
851404189
551479814
164102639
191344392
318181399
790421735
394195743
578152083
97054207
408525778
653836409
127843012
302207447
731310362
647819710
977636542
952037727
367364319
971937847
468516624
980460402
170472648
345403508
562974589
35118774
786265200
330306815
920498457
456330254
755876138
386425740
700534117
991894541
858731270
732516240
617221857
378172530
784621711
637794151
406091903
719912709
719693167
888607394
2185368
62281658
894551273
539286497
60605764
415859036
219086980
353276196
804357836
802913403
396544896
450391519
937674018
901215276
96181113
91592832
369464366
533135983
538359463
981795432
448466253
863207112
600846291
355004280
720547687
145722726
343173170
457282447
964273526
283960897
464296160
784897800
283506621
30342508
342297975
800547528
340207012
114630890
399014029
776461408
76159327
175967877
215033852
66605394
209906868
831278484
373880341
854386975
837992050
883389089
422336230
546321017
413895528
147383592
386070603
6977159
205715199
285522946
715729608
650681272
895287892
363889564
526506926
886518545
666241362
93582737
558633912
992796235
999548024
110626536
553250197
904438669
861892083
505863526
140403233
92220235
106380382
239748401
808422851
967610069
512676421
479742689
322304859
721978451
675732792
891912694
347314267
983885716
353392876
941758343
851253502
637756310
292028245
884502870
188456691
995654322
351422054
742918578
331165636
285586401
222720202
617056479
144451052
599326610
276432179
696901119
816626873
230576139
690849304
990971755
951756214
150275661
159690556
386202801
278674401
404454126
907936036
764310043
913775110
729955023
988101876
786938541
888087369
497843447
48118634
602778648
761574718
396417355
365339394
270899744
586810033
59841242
982138683
508873352
964512509
591966897
774206868
371438809
597777628
707631507
228178686
926657192
418890557
310372753
482173059
91254566
586644310
208647177
410313168
147296062
124292621
719732145
805856951
891444384
301620778
794632691
965185607
770518485
323081033
646067234
966053351
86146030
886471699
751120282
445140420
910594372
246362318
36558201
716024076
451949589
875238932
262206032
362431662
647460730
690245671
24144004
518995137
804408343
899299599
228319301
888023893
363677728
234793574
966305972
937576182
183890066
391606390
723036542
826546558
909093932
747644549
92652527
908899376
170910267
805677441
96226449
684866101
14894133
257341954
529260256
871510907
623487154
867456176
733917880
792100634
154529473
919087214
575946879
398002048
326232352
27347090
981005878
193193329
113450142
978642477
119217798
851903720
461004246
672612948
588580815
592680077
326638816
813587227
555721228
255194536
766200549
500820813
349920790
520606514
635883963
566899905
584226378
158630599
410396093
537800716
373952109
285938055
951003093
885235048
495701732
244224713
354069889
632530197
756646094
622464143
179320816
718032293
221472489
284980531
2915136
277068246
856643347
217128963
100034420
233117073
422047185
585727444
738742534
657219252
197980693
340693583
70532389
466299977
341682741
351682918
308495926
744899497
628788652
677374
146748540
882289362
504041195
23751786
345548515
3272712
584362211
227019491
353410168
588698080
883632028
380784720
907874574
967711325
256290638
914886799
156226041
357319855
19099827
214458682
637104162
946179698
60415949
639216604
24856695
899796845
689275124
4338619
381171347
437366263
967912051
10691817
738463121
438093112
204513630
240004058
411027755
770698081
738542380
221494954
664875642
821787703
891326848
401209174
502456064
87064567
791196405
726475438
823332078
146439132
163127456
150132042
308536219
784088358
538473588
908903979
579056445
778446908
296590071
176822039
29938946
477680043
364608550
867946762
780614137
648989738
108704512
460367528
811076323
545217463
598323197
388408615
917295821
981508769
258279873
516063895
647210200
3246307
802616914
503436129
880685359
751571480
192481222
469211573
930035687
332248457
930906709
99092524
773258091
144944817
313959427
17023052
104998711
522829423
600196009
870374949
244565513
382783827
601473822
995077295
813349425
255619506
118478789
588985992
413551861
803860958
735002926
976178372
443271322
957503659
785440817
267722024
941926987
337283252
895518118
503660817
602024184
127389610
99643623
399610785
644281724
850699028
26177798
705068859
282657011
194081015
580569436
565388980
232177005
216940599
751187511
671445999
594441989
791332428
567533377
513492157
166553149
435676709
112716711
104844340
521181805
308988837
505486919
5935771
503862474
577804390
969570283
581412794
697730040
525735749
112514571
381363732
95436654
88493179
823540229
95187563
798280131
883377916
437844531
746570760
822837047
519872810
973271335
608415972
764095200
543966302
616122488
634742779
296769643
248962258
560957573
319949665
729301484
269108787
470573944
603505145
189217528
117734886
949142699
641727603
197157880
547016004
326191853
903719325
398433074
868520627
479903290
684536072
107712068
637690196
187628120
958375814
517402479
281300595
107735336
601435415
489345445
456274621
293048307
373804777
215263577
922772477
562334958
200067947
707643014
831093403
243390132
646651749
880319170
271412611
407639668
826398283
447733331
498317368
279233190
709405874
402323736
54107453
199731558
385019513
635517851
772767445
355493243
37686108
792976010
451370436
222045326
927552336
732664595
206226057
224819357
874575090
759313831
970414880
618779423
534717908
12632320
26138345
485617422
642310300
499053470
129205541
990420702
337595158
889704817
77208298
665623134
251963465
663765944
930997006
179920318
872689878
283102021
35554552
352716577
561632270
15772009
286712558
300918807
348639404
916454325
828561009
881775166
711171591
356272435
53559349
359592846
107810760
50754850
394047238
964777720
181887592
410433984
642000234
125958171
100860102
151228339
159785230
365741104
483266621
248665035
749133572
981945457
152162208
65910359
488482546
939018130
319268356
638681933
474127940
877684475
542625120
18058328
962616932
597551260
347461189
70950608
62379076
227013542
379127436
281163602
926925258
601044514
954312769
920567929
387661040
389882528
338024169
92265531
108300735
814237058
365010190
141901494
425543393
276615246
582603358
853857723
241418943
957992072
789059430
321920067
687371794
700643630
315185792
444062967
233476542
972703301
575610736
960815012
628571316
331434164
153103939
502380388
589760131
689981081
971474597
988385703
414863606
949961550
365023144
315221950
389955097
945068672
128614171
273586833
497989655
762563782
374633428
572235634
655552331
384737790
386705807
969877112
205529101
500324381
336856665
957519253
394699686
791041300
8805913
796857668
528407900
200039789
928225132
276842082
11705676
662484570
211972333
452467833
138054666
765494269
13814191
793318384
663808379
939306044
352826317
251672646
436330037
314216598
860335670
295532228
271572729
346239226
183039213
511884004
913322712
336317535
185159441
112817667
71161435
149379604
841024313
476732863
254805017
323542062
865693669
870275442
912028008
739561080
405579897
881400367
593990320
374576756
632300983
819778075
375411474
529756668
646218352
675489119
772805724
776918056
132539557
330447808
59564081
393938216
939723371
993433330
42977052
537374743
923859530
828087818
281669436
318231769
1761684
943081371
336135076
246939931
211881999
421228263
450290476
465278031
891604026
300687154
165254628
438003959
455710860
53581555
678465597
248207157
729766577
996053293
970566911
90484387
659701836
740523096
934694508
838189035
906571193
587806482
930267306
468196494
90250076
537719610
351202255
181953754
170883814
839202415
363727853
197832294
281084882
358629481
777631687
305449218
189593259
766087648
20191777
533062677
829213972
282098687
254859927
903737442
277813691
491672178
255554999
772921597
463906853
938669125
144002795
465953027
444133628
66289569
145558628
979488981
256083442
795779285
309602412
476974885
137987274
448967554
871992928
45065826
680352330
875058660
809340701
799607601
797896905
721173433
343979095
150802324
201905604
693042906
782376483
728655227
895912504
345982460
373318386
289138144
726486238
136672785
594156488
569547292
101478686
771333734
596062331
184044029
456324791
227540480
188547782
373451592
633508251
35851261
742786971
477416596
91213792
311521831
646160907
328537041
778627206
112893770
159076789
251661761
10685310
942708246
550257238
336666157
210760727
928439107
554740381
225137281
61519902
210790512
901986735
627109695
630409360
941506673
831636301
924886548
99684784
681941769
720531590
272083490
500738621
138053506
984466118
159405478
223157643
868797364
821362031
116199160
643565075
925531178
218270820
874599478
814696127
518122822
28990397
322202122
224712636
799179888
17049819
829823519
511702324
740912784
392164240
788215146
572580484
887309255
633790415
169555672
516793161
737469514
676283852
435522512
999416012
167864397
919932157
11746047
827338722
696025384
486640750
64698038
179529806
742363728
914598789
298617709
30718012
902929664
461129325
743933045
277411339
776706294
863057253
785802707
538545245
564942423
660936949
50558243
388076284
788456954
244254068
757800873
410354469
673134466
869607073
820075166
662959084
776608278
291956668
251842562
760055308
883120463
479108609
780841561
119953904
808204527
983008195
427027909
38784832
195682164
35380374
386122683
355696310
552559439
780524759
173889397
448149754
437695176
44465957
721359835
551771208
44983949
834936682
816189722
470609272
788552428
225782888
529139520
532490218
54667773
398394414
308012587
588199790
776745081
911487384
18373772
985328357
683152818
168246947
597685665
69846279
864882381
323177682
792707481
634732891
376568269
947398019
418520481
293291448
411758209
917762120
910203638
837278860
549620106
114090024
512833859
274327362
75650784
104802357
717067909
381151647
971048012
930070497
180767487
220386381
645321199
404010420
79222536
801628066
615002131
734050835
87479658
985714136
590840405
75942308
894418484
603304329
65837961
853868019
87831621
306918547
493097763
15140116
530472760
206323154
417783541
579195858
884056609
174919155
277192593
871180448
661644654
112967605
626603539
229459214
576216480
857888585
133213906
516954953
861414303
932058236
579597516
331897172
873231460
970690901
661331147
45596340
555414150
944953512
614820939
503188900
771622081
919554151
721490373
986134436
368157581
148691292
660088903
71737543
76176136
584179993
436801
484788154
799845620
458706146
797304445
200552636
37082966
927411630
153194977
888681108
621135304
961229607
450768637
607248340
670072630
361741941
292838127
562271623
569813373
667282111
238491342
287949347
55020834
690005100
531326711
760938725
954323602
472782096
727241991
519520524
344478995
303640351
487122240
498691890
919200441
84615954
581865160
286179897
289445830
196240641
915015894
648597863
269709858
629662952
678609741
3335120
404375617
289113758
670352255
770137571
966983914
877554410
535448625
885949035
793305307
304709565
270143308
714231674
874943040
881495517
913778662
241737207
757776085
676111659
536863590
273467759
138379150
578835096
669488208
909669818
148734839
201850944
696039076
70094241
8188743
813371945
354480257
626856070
107451795
527853700
712035424
489812214
702795965
796361129
803439605
663632917
921650447
432719442
429067559
215724665
802063619
745602681
532072450
623426979
375447803
795811042
647030283
996781014
74122803
900932126
556489607
529071533
280418163
277728170
903908816
164457267
97767778
871896464
603902474
105343944
433869420
720357307
876329075
370215934
688375678
658715972
518125735
725632690
708527722
695412588
106039502
425246010
180121864
323300264
905766768
994837078
452722012
555253361
489647932
465505887
954293751
254853045
951511646
451801832
612617029
451988729
49329291
372272007
862642749
161141511
133909543
316568255
951432863
691834145
551649051
844173321
56591283
873685587
785430176
989200443
961841116
766400579
200474004
335271287
867297112
879414268
882570670
891401269
496978305
82526728
903862264
983250325
470525260
160039508
459630489
103691309
29120148
252415911
106787132
966414066
284486850
464598766
773346003
662803963
966594898
677719784
604740819
15497605
592272129
639703894
524077832
239488927
267841957
394082527
438629237
187328017
547756435
7865010
375128809
990351155
566793681
751041992
314897831
867913724
551445505
636397262
109526422
834427398
59358891
855386457
136561962
106391188
164069988
426367929
513719683
159354845
657598395
23148728
731574431
959137017
960051098
397267735
88103416
899268083
592461724
870554801
117301710
937872353
434752014
983471404
256395581
273195500
635180514
853562268
299049837
977281292
184412106
95868276
449370087
27762405
604682988
986937817
541674440
616543232
241848601
424727997
214164991
742358959
362721362
270111952
970244461
631075229
127980606
485830199
668919719
943199786
52720258
487024151
53548031
252820726
861746696
847871954
232058000
583381387
150342622
377813121
399479085
225282836
431293685
355418052
972660261
11670235
561478819
438189537
306081320
663055758
171838626
422930970
882039257
459565309
873117502
480411472
333123354
437439819
317762223
641886734
215021465
306894453
692017912
977619495
526118338
894130672
206258383
465409227
799721125
178001177
755594431
560947856
395097588
983855869
842104514
255849276
279759799
265692384
185362173
868237374
999184053
309349986
303892836
159134146
11689015
3559717
520084268
563103350
960885485
205471936
938859818
902088073
878369585
332147609
268209750
595470146
279094740
87625223
212427955
675418794
590898754
487978803
526139566
176524327
216550614
43465168
125534234
584726686
469035190
515527379
896088388
478060085
964870946
146919490
986300908
136542929
436095645
187702982
788642156
327478568
620453967
575727658
644201262
919264571
53801159
678106850
403347794
813070733
32794249
843445549
464432926
595516316
684827410
342638599
277518693
410169475
260229243
657472840
513967556
863348086
320217518
287099086
677479229
199548209
957060881
18194836
582576417
946200450
44325670
664687972
132118104
502440583
97498530
960426996
911033193
74274814
676161291
459212164
790176689
606096324
656750189
797784563
677261072
30710375
498703254
396191456
128180053
906430478
457756110
464874611
608288685
746575770
548739446
507121724
708992058
651969150
618429458
590700617
72484210
382818558
219809506
584859738
760810627
585971313
478661627
386938512
14789896
178500307
9320953
822708897
550553681
115110428
394667790
17020874
835645406
687307186
40301602
869117410
663423324
339115758
546563751
188416789
466513984
302299076
661154809
369041844
621934791
919664037
456150645
391473326
684697220
18313609
77130282
50143699
55357157
460306406
119997454
240371500
334021263
535939814
362953067
904799985
400386507
399418470
163396663
564886617
550869752
548950937
294827475
702227730
764100013
851125239
784914847
86101601
831835043
343474754
589176237
217191414
875379258
954441731
900004593
353988705
260869587
423584144
491409925
732848471
50479031
18547295
100944656
370392153
836791409
572505218
273679835
800148725
826989269
641932838
247066925
659320584
311812011
801771199
985301600
687854595
803061813
120739246
381754612
94371684
833173175
30459724
839689436
901532949
503892493
729505445
217450954
70564398
6172199
117178261
565030947
681539267
763481671
974461670
944458131
126603830
449474269
58866575
849336839
829262885
960393962
711703963
520180296
729454037
711020171
289645311
606261507
437550725
745155228
705170039
684611103
324259821
576206664
797115070
228474626
659621200
816490293
612450004
74554042
158840060
586866901
106687597
310006656
207501832
715862052
707918226
574466076
699544041
986325616
839615206
111556798
147901554
173508765
857531722
695386048
347082207
615937740
412199968
582367658
762259211
666713110
519253023
389356684
665569631
399066618
280906338
177470599
91863531
564894108
200232282
14288408
867544515
277377817
297848485
278906398
830922115
447564155
982395743
339807125
560575752
463634354
745688190
528801190
115865683
402754626
785130969
246848657
808761573
81908762
169385831
435830562
603139643
751163726
145078336
516316863
398530083
787435960
506478095
858247596
341612165
787392583
356180085
785418351
980001251
515505140
739737135
394583304
541004138
767325996
252766098
190870000
225615628
998718325
584724412
834413283
535588395
636285269
301583351
548668996
847479466
304522419
596943592
930158449
119334749
694411984
404421004
80906069
451138166
144224415
26845355
319377419
539811232
614316106
578322646
501731156
129336684
837546817
485613114
199581524
36581379
265942433
534834572
239594340
820826843
251884830
710785344
13510209
944046021
172622863
27646738
578106599
554575510
813578522
503163069
331350638
306000606
308894756
220087989
453989514
289634755
243486168
512369511
564528631
556577802
229156761
454434547
802301592
743560134
595433803
317229026
164234519
437571019
950323865
902332409
873695468
185012246
889760573
464771503
882118085
762004367
741539662
441240442
908472091
389507169
547264997
565437339
976123005
490657162
445264246
560110363
206058978
314010129
491124391
902628406
705003948
52615416
481109167
154131385
744034292
795968867
662076107
730064159
997599527
406013415
302643438
961211810
575750326
294854085
867608408
752310518
98942203
118577141
744240334
447914581
746668634
4750570
693786072
975880186
793656413
395346015
885802159
393420533
927130886
199898313
815564442
52902929
340743024
121570788
908538428
68167410
863031020
557022054
491236131
377449364
274270209
894567081
397584656
301992852
797987591
331730907
456331286
49281477
368849981
845796232
392540260
655030716
697662052
420408555
384333898
36593078
136793060
826444996
263118190
324902671
137610834
67589490
210885959
62588358
561179777
742969463
397119447
849986498
292230959
823036979
30271298
502298863
636513520
977090504
758480417
53620665
549384819
864769291
464282928
217350783
170814836
515740021
638151267
472019152
680442509
877426593
264223636
685035807
583024753
815036020
816233371
790537690
288734509
678952040
960092854
257728272
465390976
823165019
273060541
49526277
360741739
909104205
276733141
107782647
870601058
79567898
874679173
254455472
755744180
85717948
952245720
701006971
285789453
518439218
159083992
178643216
180663258
613516377
169926451
21261675
183458725
480058356
226460639
790674948
282783208
824942813
701316367
545748057
528418354
122756342
822607043
751325911
947000244
516392495
969815715
230191569
531273184
88173643
470271964
842639418
484370025
464389917
772988195
674099899
626535686
647845187
11943549
940213402
850503358
577188775
886920311
787764877
379694895
294019324
523311420
53282759
765801439
318990251
139416312
323173372
992101073
234470482
923651312
805533882
525745164
470531389
514063879
24935017
32606445
606886352
96972664
656619172
984134180
182167474
786106031
828118127
59221703
111789629
62081071
912983279
97085098
432091897
867681007
653017306
264056825
356695306
597824615
769986101
717730655
504420600
143093264
95444264
787207956
214690363
130266382
703341577
146974837
179668582
866863987
835754630
323791509
957280688
747108635
11767768
884671889
164117706
7585755
773659033
159456809
223592670
189571873
477421964
747385555
807810709
932594966
193734636
896684122
30871829
340106038
173983270
784364003
85702306
561211209
27635955
988810853
924018851
845684811
723369073
244822106
746810719
941453257
32878075
733807574
619354267
106990688
134599863
571670754
127784992
633071928
205657249
862667273
877517529
366516829
275650948
55905882
391608007
654876216
755384908
806891708
882149855
732295568
54661163
263558500
383161458
306615266
698038251
167882611
277119117
650528456
40173824
808428866
646161303
941952993
930787569
641820927
503655775
628546357
477679450
319783253
101746102
390809402
927809257
910240758
170205171
329085222
417111055
133883253
631668959
698968810
574700316
500481851
920072755
208075142
772080332
727389906
348815078
628308606
251360084
93685463
825727231
491609101
324562583
182157202
248563521
525146260
47775136
174149082
294599557
740717273
940118556
267223229
37818154
76002516
438314893
27149057
132978965
346390110
435508422
792147103
275963346
744288427
230144469
976549038
589794591
698040034
324372036
638063898
290791135
98752151
831979720
651266190
880764927
261485576
130507658
775406143
488487233
86158234
33135587
602954631
850701145
64341418
909209634
292727263
586396314
128060682
479775163
382823948
433302892
705472760
135423333
317674720
177106414
154136977
417663588
727512092
144679280
585484599
874916445
40557540
647158456
733507128
407500589
482692824
882002449
725426525
306774254
576179921
713600055
215289906
737713443
201074164
58394010
446769711
318503297
485429973
942413599
215220023
239743107
509059527
262750328
908300773
77594922
531241741
765803287
179147186
997539602
309386856
528133034
574673214
287414849
833113629
686814224
917100067
550656087
559511030
230032722
451892951
799585494
825892871
435471239
248343035
652309375
382319655
644629288
445339228
627387567
736557019
713533101
104040145
432987996
895615374
606954011
908815394
763133237
558454416
307938597
425064556
389189398
860873922
265158369
960011412
68379548
12600399
329030129
465097111
127881375
667636359
351014230
80389770
911305961
783413256
840324252
38087489
386652003
138251999
785391927
484502078
484531387
987373630
986124478
637897192
718304768
30068225
619515334
771350357
53399792
574390663
941834501
371272178
20954364
239764966
461885146
782759455
841827666
593498482
299263788
870562055
608500442
959721743
90792595
78579847
1756519
592396189
441539506
672202685
318405632
427184264
278580427
221631779
276460948
262888674
826299
513672473
46719709
552683240
39315510
723715626
945445426
932634926
611093596
747984360
711245138
446677056
218862763
776884506
933385197
517166523
543074378
791914488
220438906
536684737
827691953
654845928
590794532
81313021
79018315
139168015
391418855
512167716
500869569
630097804
525958950
431655995
789584813
734115814
570081045
800999638
454022897
280279450
843926697
685800569
468694492
822077762
675457682
371278628
635263922
803257420
93548313
902698542
348665847
499986013
748627151
227400850
14854010
960765638
791503780
105336632
810938537
978146055
799863409
626169079
193958533
155868922
102737312
341089500
71727941
104970136
678133465
636284207
367201074
131453006
846155393
303857581
77485986
566281197
392035424
496623883
196097200
705158714
271642714
108109004
722142870
808166798
293567120
191222801
84691682
615139769
937023310
169192212
129370798
673117640
557402494
177893474
711126564
763991410
321396182
438978741
951041120
664751005
594063488
541977121
552303111
997104055
540497647
876757503
864088748
979388738
161386700
625803345
134852615
415831608
701889870
490200697
261179601
604778422
711783078
781616966
227348383
439813638
989066881
108454087
972211472
321427777
892775291
860455360
68963625
57890915
937438262
363389612
53533473
607912966
353475751
151922891
292930183
65595576
214041432
38457513
709829485
390162691
498621493
628797822
644876246
19330434
592793064
223004357
848086741
599131238
109740155
288764559
471351491
164954405
419737913
796721200
874101027
471241205
57996626
462909934
990257274
711962274
51647679
690165725
233206562
555016972
675958181
908088001
33320369
198478524
273430596
163622775
278928584
7468626
809303841
26125055
444833042
117527506
793983744
875689835
281849083
15859654
813791043
709290114
458939917
437752262
893083434
671536402
468508209
838207414
918768465
942265001
949544922
338637641
314006416
904007872
982958254
460138664
483140805
475381428
819365311
568918256
434423067
435577326
252969346
167979524
496240057
962120028
617243545
188502464
431895407
190826827
840779491
354623817
525517370
232491880
59062764
622875070
626073867
469402775
119275314
744796406
180668470
60092251
758322602
859682199
284842597
583371847
195535716
170530978
919627986
790684459
18890237
435197337
551379172
248202683
705697363
1106387
250468490
714736096
489474175
229420516
97354901
294663391
18504900
431216173
139876919
100223246
405640139
281977113
456723571
114028995
550751745
323191980
121706102
497578106
249636948
958173879
722505035
330657488
19115004
885218333
483292639
326908494
856869958
172120888
624381401
965533902
426831638
693461190
360436425
711966668
991246519
628656092
167783230
178022111
349861180
301290467
203922815
412593926
962947702
607818271
157855655
150269402
84959856
190765940
494992844
90166419
13641889
162890134
388249572
134083184
335697133
98678769
99020531
335679666
753471102
498319860
181874929
657188633
353668956
673656004
717008014
985207443
999205708
894893999
714112551
592104297
490024022
117871829
68192957
253271419
140711686
684623915
721334647
675610709
281038717
222940573
44352324
467101693
518940627
548877389
36378030
129995408
15660596
476602381
46071679
192670454
280350395
234035088
100077247
43135203
590646654
644995706
379451118
940340947
908884238
328264113
171503966
921555459
384618228
653215647
798173088
864336540
501419426
988794210
148365182
182848427
188189136
27255615
536183063
31266066
118999892
131283044
857358698
470736370
478379703
855486904
900178619
612374512
84583072
641934601
968654188
945933861
663211148
777162105
638142505
439325725
614497296
483990471
907235172
674924747
636111936
226360773
879282280
973315727
834062036
139373846
774294483
999932242
844520613
609132499
674740124
11084996
323182379
270465120
309143640
433385217
781846495
503675469
8038064
186554858
160803394
940950136
474004378
911882092
615485027
848629930
841492153
97992995
520391840
358943175
241507323
199306277
715884691
481299295
902542028
225229375
824713589
441266023
58565938
801544269
72022676
285783894
30351191
514387998
955509567
111448796
950573342
799799754
719026416
704164669
479361978
846413823
227277685
539340461
307506453
381230917
252357482
391311057
72806220
399055387
967915147
440737321
951694721
820269367
963891123
309878321
91222064
338159925
136279560
560080772
179213917
125764027
68059649
326429496
794243209
525788970
812620278
241849793
10052794
117600594
573651496
169400753
668738864
215026098
484364506
844671849
584864109
304414529
77615093
578270263
289051536
346207454
766262100
969599341
547409830
367057972
325820419
114156703
801818949
296928319
740588827
981493900
892729378
310941049
621073806
838387248
761715
737128618
165974457
358392904
915902430
47910383
320809301
671919438
444997207
11948252
687274709
703299197
976693986
781284022
705467763
725656234
240262700
978815407
759739814
395978282
353981563
104172530
548816807
12985320
957865754
944099756
765269286
668497406
136003552
588339005
261692483
758333582
617562254
102073333
729887349
575472741
926006982
903737357
722318526
456050513
734654447
59322423
459893312
409504741
787850356
46572012
489135256
388942795
604219777
716913006
926821198
708582602
834533476
194384954
180261122
958768296
931390743
531133053
567962976
854383248
205336532
891128316
934810701
671051765
183808237
790387345
670721728
105977237
438491419
657423241
681192620
993442802
309116304
432838713
545529744
888429224
795727944
458481172
331789022
189845430
685699046
142013816
775981008
545940882
727613607
466161809
24898050
441092410
808219983
269409643
546842666
336499759
225340144
903995335
521765508
303104093
164166753
757602090
721872722
525812220
692860491
174045983
951689597
264044361
268696490
513873110
715838310
299304302
92496957
460549082
931007601
533024873
745081600
197840421
355802858
964728616
939111525
152899742
360012705
415780965
587913018
879632461
273954806
876236529
89172277
270350398
278187535
650785976
261690195
110049788
196132099
712602986
398513203
572449465
869330240
824829088
543673519
758237080
82815718
551995
90402596
719810264
416506882
150789934
731731716
304594269
515448621
489578613
573001710
597548219
45574911
804797248
362881251
263438712
905243946
567443100
720076302
968511456
708707500
8392092
637383792
327071240
24419514
838923335
344513397
34408282
830282712
301300320
691436747
739865597
94011950
830998450
751965556
522330948
923477938
297576673
469534875
208356768
468006979
781957428
808562924
128687793
240353698
448334808
432541204
583936576
819480370
797751868
776354104
662979685
18156100
869939837
229251745
987265717
536767215
202515658
965218573
906289909
419876622
949523499
83954644
660106482
363558293
77029038
975787671
882551005
382379251
168454410
122207785
388227377
537867325
976371296
821199169
7075189
190053555
22683130
88705218
812013670
525736903
490527506
549710430
852181083
525341587
414969330
476754198
436437536
464746897
51885242
584198095
12158436
343539073
953050063
700441047
315290249
232550605
561481041
583375533
824832508
715088006
711588599
238265122
350007105
648960508
532915904
655057663
741410626
67696347
640000822
381853135
919507334
294287519
61030043
473361670
902432694
56988092
872195681
347862914
88051613
459840343
937634459
354809107
379962815
931808705
100976377
494780151
69675945
610297402
987001441
254963736
322524535
891442032
588259942
95787965
778493105
319191586
188673450
490902510
712069492
339475313
924907368
437436395
313660921
616121601
763746779
897025967
898747258
836142205
593014578
822095745
158197299
98065397
383069048
609987783
291287253
628226886
308975335
716786079
914398325
483009209
380767539
184786297
474722189
282111205
777023203
988931738
898293148
937613447
74710416
921195471
779593448
596646971
485500393
82863994
455925212
342322111
664129499
749375504
38124186
342458475
170192107
536263165
397792044
758474593
463698610
58767397
834698497
583751737
399051679
151133268
284457683
348356987
748106138
961364976
320799711
645689553
192326950
581883219
735913203
575455595
314119739
729770511
795917240
672507012
563285646
612456043
244010109
429530561
489828088
318534657
777517724
304026463
876797148
470046975
354132659
391572666
692490641
751250144
435725453
594862319
536495012
801517482
353744450
607875430
721934029
1245452
997913677
605498301
247519854
626317386
681054755
520306878
877133484
804488187
294738546
461564275
405639779
442550934
766693383
940484750
35436302
511888780
51551997
691242881
498963469
296791359
466578569
49165203
301865264
399048174
676456950
829164842
555033846
513125138
229824377
346965289
976485073
869536021
532903412
891721040
967361487
697341285
480778433
171362201
182593166
933758861
542084794
598563669
778167356
89992886
783718119
370492270
512912443
716594285
629002959
391771198
31999995
740339317
186551786
155990160
163669345
177251053
127539967
313266536
848655172
587436988
432588826
56830176
44050680
233039039
834742466
798931997
795507934
322145830
366190675
181097863
664489905
966223029
730952144
552133719
855215614
528552134
971845065
846891998
686190131
487369780
788546842
692480828
791677507
417752423
919477103
651972429
504915744
965500824
528487549
839480613
208447950
735753694
68254091
836280613
736458287
584955976
369791004
64567722
66566499
638900125
661966583
108960001
808840557
445807738
675798005
481862576
310253076
774191696
28374559
787128824
18780068
656669857
896596808
897704614
462595781
254775896
996843075
123215426
92930804
64548371
667979001
509631907
65895269
254737135
278732783
56200917
670235711
563166239
815220616
966359535
262542877
415410661
409559283
222231791
621995348
940631801
267569766
773767116
761115159
406250940
59724598
849512048
489418051
939892252
697144839
88622225
792061346
840232877
699689193
38637201
861009111
697260519
574932308
389597621
751988469
397333469
700147811
520865505
636536362
319282588
260525420
81303820
611913708
34391732
977998457
699385284
357270787
262505576
840099654
956469947
766241423
328120480
781066608
32349438
775116469
237285573
734372489
472468190
191661472
14237171
471203418
214525257
187616112
134582784
531840025
13009159
681856005
241241390
880416375
269634351
531622560
725747955
906798716
696821190
868829453
324812235
91204358
570752994
943559732
63010027
495212607
576547299
668860719
765147450
875354942
938871014
61925035
739543572
871737447
154754890
779266201
546787641
110352234
953524536
270607937
597242638
656671261
819426552
513716543
641706142
591128312
483944320
333567523
447724700
578572589
184590005
710133448
500001984
563404367
616233089
35216476
736052650
616770235
497447822
59088141
488453335
545271204
379289900
737210467
91001945
932061550
61173958
655794250
783781495
546817221
514925600
848262442
896449089
514369454
705778136
6972116
404304805
298464661
798362059
882450454
376962242
36669705
632301768
63501234
850737809
791418849
736515941
15111712
873345286
164310768
324240499
440566211
4321681
230403808
638466725
143735831
70796497
292022127
131260124
967428309
24050197
511506574
114802194
931145095
286874796
382209555
981837229
995145511
12658108
49708944
690268462
722739308
113442312
444995811
914396016
307694375
421401359
949387640
338178044
92770220
174689380
998398863
908133626
608580424
928149850
269625310
358650560
185784435
978769947
618727252
992368265
62474857
1942869
631074128
339417968
412925632
792612769
768993085
551171985
642454023
656120020
926239136
456586735
504332110
661784096
200991943
444515021
543188399
3988181
681023148
154424270
518292035
946359729
293622591
975642424
24063094
849311031
636460978
704955605
659415637
783339163
662263280
441477632
869217311
510574154
322723307
174452319
798814435
352301675
375837270
660792605
658586263
512137117
526285826
974819456
308731133
715391767
672020698
649308508
45243865
116061315
312155394
518807808
378045459
495988562
142670060
236945397
514741652
533393571
312901840
477269951
479715256
493109644
934393232
189574892
409500781
519780068
527816846
34479805
275858021
515632709
925442863
680488860
201790321
433222626
652411623
11048245
663244734
873629078
520226980
810710488
763075347
725553138
997853777
451830155
928818770
68579114
23803678
238950211
255300839
366379049
481729021
496852371
943358072
834328851
640328914
557842920
36326469
557724613
922368250
897600670
976203508
486323077
262194842
745346750
639778935
466210075
69913254
387669536
686148807
499811945
896407342
924045497
143185821
609401151
856570955
19588178
562124689
670911143
899856195
277185620
541104869
159642845
421645704
148330494
259240189
54786236
211978400
416605567
736585918
532656275
877423534
602234041
76986548
622283485
536651418
519767130
984310299
822293610
30063732
347424554
669692913
189603572
603810496
985772280
114500170
749048636
853425771
960327787
264325387
249106068
198678386
374144718
942015765
419997628
458269225
885793985
744862625
473171489
334904636
121013924
457210942
256256177
488253805
789972414
47011076
328138924
296654918
470747962
549652243
239398569
373397544
528705770
540574169
62747105
571218278
616867202
425546775
847076515
728689114
400489938
873989930
404005085
588164548
460672586
967753871
590651501
229471821
485344314
586221434
764056605
790469678
660011749
547223767
344189855
921515959
654074951
362999117
596217474
14202172
920638183
165321762
410640952
845180162
443528975
938308554
516216363
11626417
374117562
3134928
754074828
551905174
388758751
192852455
449798367
496422191
749592868
957556021
178705526
472274829
261080039
854983351
396175036
621711783
388542641
839502851
320691635
628251257
165578350
643844843
983327494
146793296
948468417
972746719
219327032
581573640
189314297
178573391
126927342
828286436
964853671
326724454
675325020
667396913
707958642
755540424
529241104
206664969
972512051
515373585
885453890
933031154
254248226
349380904
960693738
918226930
6015671
24186038
747136621
17479880
445782279
60687494
109152467
934134411
955500281
487092638
824589286
931222192
391429181
584687776
172491064
982243122
202394124
597536660
371739196
828472756
306017876
389249169
390207701
450350388
754343292
394644685
93516532
948263887
744564055
430713466
798691739
640950804
734226900
667843717
121721092
503771995
36941992
330630094
559160382
6635941
82629519
474192497
147839687
730752129
174052846
832322518
403718745
819408096
5370239
54850784
393345243
259722926
626698772
931072375
950782429
821664284
947482769
481706906
125097876
117503468
849783836
373189545
392957836
117756940
81293425
519208070
401896339
867549381
909127573
337342396
227969592
12941868
216687423
39893084
926120769
798647989
602176629
339757734
390520403
398912888
198522723
265444731
674847230
656045486
351974294
87745153
501247774
96452647
851373548
384053467
472716705
858960897
140283600
654998355
751528285
403403665
807153932
255881109
271475403
4327732
741983390
889361811
618079958
18756135
604535473
613018687
672758157
747858597
180213736
635994870
734912713
732613947
296551539
909871101
373853770
535155421
393530299
349073066
934995491
908046124
778933652
629693137
453046163
490374468
780829774
595880303
473978571
70940463
876310449
480096648
632749637
263787552
195893604
31824837
744873099
117339527
677956895
281668415
221479042
650673536
974004848
289309392
380015499
376474819
518095052
747372704
956303833
676328692
272323696
181721835
707723987
413036844
706535352
652354433
178349872
724776671
41040256
380537822
631652577
660450505
515171045
88556592
963200148
33796171
38511352
798245220
362552544
917253250
120064253
163364360
267283654
760258958
914329943
625125216
537370314
971147600
139630857
756140588
212910322
87479809
759085563
74906240
163285773
53956792
995230991
511190508
417793616
391892445
515849115
253446087
130813328
917308807
178978223
926830975
5443455
312413616
334100459
80220552
14983356
990279315
530899077
979978146
648787835
518984806
664668760
477885034
493684387
161674859
547533728
934981186
577577362
728411241
760926243
861821913
882550745
308820662
794634023
12616443
341127846
40355787
745191856
815097665
741407002
671994022
138045585
578438831
872657198
887403383
747673837
315767796
955772765
282066629
877889265
285573064
907880277
290271873
320276108
55498956
917794363
885968886
980843569
970132794
214849472
684693199
861237017
982529169
552837991
606109178
40626000
233008053
639321971
328894517
468406752
37902720
138527933
789414483
603599810
655741934
410833469
474900372
318460998
996213375
752000043
109268801
876503366
238778338
93308975
758379743
754024423
518876942
909176429
708063492
931546167
79215740
728066781
46006912
3039251
630893277
663888416
771251911
418228435
749105136
15604189
830270986
518310888
948816778
632696663
111024184
632095661
511435528
167209187
826806507
531519836
10899043
332055175
47156894
947319436
208199302
117735190
741217713
383677127
316025032
645501874
327502176
530129699
675708428
46443956
576631089
332301354
150494112
292058482
341050045
618670866
537096415
344153351
523850029
593230717
412638059
47493866
415171555
653113990
763237876
569975839
345388315
998653461
713903129
815111222
846816386
577228075
44839129
865599507
582074934
959761889
485950415
596648010
304030610
492832328
733723797
340424642
196455174
204561416
511703792
775976936
360710528
879855522
157374042
190399565
94749771
82255015
952942959
30500805
799143343
21398774
268303453
58998249
578077393
221735759
831188409
118731841
642245515
391493672
690546135
873955127
584162927
886086428
998351960
747285777
790540455
320136584
917254585
80695118
375094667
409079679
403583413
735535621
557475028
820299634
342434900
400590012
610374073
936681724
591664045
188904150
805108569
400719530
820572471
482401674
146446371
868603351
659206543
43478583
293696279
908821892
584021463
823526382
859544812
113361413
887911823
184102554
901989513
339078190
243053939
973909375
516864803
682021544
388148228
14602413
276588967
750070540
234578711
666721657
798257453
708048786
28736085
657696297
431037004
3052100
893724587
462888998
853824186
924083557
436909598
374899172
518954813
674551791
384657770
996549836
144106847
189330106
86964311
512639559
643950809
482208421
112054146
976842696
813975914
526853265
603145552
754722270
467257132
301505664
656686469
647891150
418818735
248774670
354884259
98924362
632025062
705550785
650220247
551670993
85882868
202306667
337883624
581789577
656641924
966907393
676427568
357161296
332955329
169681813
854387191
314857566
472375972
930441071
221321298
868876752
252991975
834162127
524528699
757775361
369237
827056531
405756174
168949196
799144409
649315503
150582583
417369138
720774052
933481897
205456306
766767462
570997959
312238414
775583924
456942534
710134811
603323704
54835199
827823632
16987962
672653745
764516736
435319120
741559053
689735306
792467939
912607947
107355547
144375667
946191484
794254908
976703823
649198339
107160650
890795277
314795879
452414851
10413671
19828148
812120131
598091031
406514599
207625896
591990038
723843197
77719006
637896297
148519759
835085690
678139031
483538688
788611135
52570889
122912244
798547429
529497458
665083361
61352491
420806885
359974660
746221940
283021520
772866358
498358219
485784906
164728055
380292796
212322745
920739914
70682851
861344741
146081213
587441081
706333115
477279223
651516423
932811199
944394842
318425527
370098504
72894521
460932910
789128976
91828711
95245779
855371669
59451940
661528716
417127274
566371155
903462065
316391117
415996516
145420911
512229966
742619023
594799606
294533773
800393438
150071689
552562769
169315596
967611965
573057994
104972709
976295705
58151810
218952895
524478918
164042798
799890667
842440003
776526248
749320854
490737575
293313131
721405096
599776033
269510199
294776755
574998000
873088035
358585
635257804
389870302
779994827
86234054
479738795
80344862
23421194
359410053
538810367
994558907
312901377
868763159
356677571
625400568
507847166
821617172
4804216
249727612
981483740
297770340
103452340
762192450
818735380
781056114
459043264
166519184
442038507
286368082
521985231
929403197
367829574
217172288
419702489
181713025
628208582
555172094
723340214
22924442
336589002
171027738
265614609
892921088
733183137
926126666
52521754
556967771
961120123
797497833
131369315
644681185
822430169
513111359
942179318
799951590
62520697
975670747
400261899
77534033
901384142
134283623
793406959
545003322
26028055
506190270
948496961
302118624
55231233
7288019
549496903
83179133
621127886
556300048
709932920
790390421
830135844
745492158
285759118
342392672
578283206
12856532
787095654
155017204
586503911
999335194
392567060
919653533
255618127
310845992
362196713
762270892
185275120
907382945
992632525
273736569
574182072
327058067
944685817
814694557
145743412
229079382
626694158
10071862
79809668
448034411
56213291
645881771
985753794
859218189
232947673
943112420
155001962
281606418
916710418
130719090
899830938
86317488
2915910
212359051
81738452
891538316
620328119
209634332
267648112
69882885
265713907
343710661
550433896
580130134
388069378
640596633
739142266
756243500
883107404
273024774
684831072
829624176
755427909
700285916
733370039
586253856
104924622
501705263
603873336
421686906
619661247
509013902
689245792
421272786
966239298
532111723
303962864
860050805
295482745
436147682
71344997
32332081
413567276
958014468
149015967
90016941
870485111
656463310
139677873
451298395
751865290
990130040
413308408
22353358
227491735
130503196
549301208
444663567
47311536
104270040
177035826
180668907
284508843
500538583
554864977
802807371
157193155
911115274
524030590
493089003
8697288
431014018
638869298
364255864
572512672
846381720
987776035
742734767
677345556
403086030
867366459
280595231
720584803
321351211
7717128
449469262
625633012
217781637
961508563
362337584
98135026
966611158
271908236
483682804
720793865
294772813
887490150
968742460
217881080
353649068
899575689
836001467
828449489
777053891
484003003
591818033
652178641
90348774
476697822
246907615
84328981
98898417
422817172
21073191
919110571
25514117
308901161
329046251
824009809
667605381
41805436
548430782
548207993
862256408
29951713
759430114
580176342
476572637
301659240
53947844
649051373
664767911
167495831
559508476
559705922
366426890
785990422
936752781
543256286
514493408
57791576
926729901
344306009
553418092
427402019
545215148
89551121
935268563
146696419
59477884
222197043
116775292
525002961
398020285
469831420
549108286
757719888
592178012
892754126
414388743
77712822
162917399
955322215
937751340
596074662
969050301
127281980
584535006
415952241
921929791
602770636
816500863
159001173
252360708
174246615
841555322
681217000
320465211
484843873
130680136
238547460
238459677
913098952
398824007
517792849
700424922
420412082
736952956
299289595
148002370
144249879
244048560
546436147
398556358
327740243
501344660
165295496
5651943
282207521
875841320
721226233
267001593
444813168
346294324
75764942
610908174
305622832
90904476
618224014
940682405
29827176
142315846
859803481
874917894
228616298
229808399
243358959
337919932
203744502
405296435
523369366
660261375
5483973
840633033
818098917
816481660
391082256
586533461
264504259
929865895
360180200
703018376
76189035
795750641
227997267
766173369
221497777
898788585
255207081
292910443
96323543
527792748
756241071
194300450
62349813
5991439
883541346
278135338
687808768
512638811
973415342
179694608
222892505
724317632
461255675
596038068
352210677
205976726
904701549
328162014
515830655
629888672
254447714
798906546
798768225
245566412
805096740
186056286
548755900
217402722
781193581
811391524
123747124
193680411
320735720
439607539
72505491
715911773
113864158
710683317
266659989
604511214
193510658
944263358
506248667
852712471
397095263
141988410
923805970
504781843
300273809
32731950
777870502
563989970
934440244
635371333
194052675
308050172
359906942
991957424
992063203
752266257
964393427
362696516
431419054
834885655
962903975
90562555
848054405
690219480
667360666
732898540
508701127
105657081
299494868
466892237
565923207
819384465
254931192
576040763
912351838
958243293
774686968
569477920
88763443
870069648
117841486
86650886
182615852
488700026
700181768
287754616
212586245
393132127
146563279
408035686
705654089
862003052
638657436
758916379
386039052
132853276
395595239
757121180
187546319
365176418
757006028
869390650
251113757
837490671
235241582
3737261
913858847
215202347
932968528
625534471
984837921
325772411
72837932
813331223
586356523
885011120
703649971
387162844
94264679
352243862
771319123
726205619
204135871
672107870
872845578
587933446
218194564
578420714
910178493
695220442
192490902
254216547
367337686
521212917
287015638
569833433
393318987
515716801
83602384
651911673
609846807
589737661
35637846
968894728
623849887
891986468
159966087
52720879
594676098
347969456
822354461
40590135
152603078
304423248
464471132
549784573
960376711
235340713
2796113
883731191
311800001
597275570
477288434
651950376
624428119
463735512
343898407
204440627
601136928
481482443
646297554
719092253
791807681
381799769
729639762
972117393
353016771
92771963
311882346
656892215
746536900
291489870
726949166
53534376
666073010
628359856
273064675
892068972
176447290
988773640
847404465
319771744
198543057
242835689
550357611
195216599
718409326
15781507
389534756
840807698
375370114
226305589
579677974
132313353
719450720
256945952
853826866
450896665
695596388
25152496
96130052
298736966
487484351
16847777
619208113
445603102
905994336
269648933
941964747
215763229
319147416
959183525
979573271
269470086
839830623
511996989
437584004
127574586
292568814
817364689
240247240
579659263
546083467
976115468
906263319
327727577
316137465
431092419
187361051
494914100
838927082
514971048
65863909
888345266
653630788
240963767
789177005
923830694
705316890
221231777
902135965
935947951
213360345
686030810
877029537
771571414
991747134
907201215
427859501
514743338
431838342
686517485
551530734
49065915
849230617
339181137
261670587
471698587
772897062
646604836
79587573
596724700
187417382
77745281
564458712
161063479
751962963
574908526
645391516
271584670
81430075
226448739
910154826
497734019
267913035
944021878
584099692
14666326
365254301
921927773
287922262
663268575
256480076
275926004
761100037
54766047
130278266
179343238
825784141
376475765
788222618
848978524
127779485
204515258
446625801
748522363
705468012
495705679
686128315
669904013
254673486
743481873
96081048
47694245
219307121
560578923
290445628
733836041
115194806
959003902
562009720
453678703
488048322
235703961
360115386
190380237
859873793
336858683
402859748
661682010
393908174
222347221
314190480
817276323
384711477
514461955
198940830
797317027
381216252
926824478
9933325
786801077
306555540
294263599
448382348
913852307
593609761
937447903
546592164
643943861
260063412
82326005
693159147
973278661
796989074
398664583
209695154
853274541
273493728
675345070
106951278
545202741
380377653
660118433
84015807
504813569
502099432
673060708
696055937
906264001
778646193
514447980
17512475
2215543
59278382
222981645
309993426
797039164
943285131
325017745
264692560
659993603
347716149
484888184
461331879
836834516
12431854
346143346
309005160
873794743
372122813
740076737
431805772
808036478
698597184
453015943
557562163
934204830
789196013
613010984
196073759
301405171
220476927
537467926
116223853
533100913
84205540
492701205
889486417
12724806
740239994
178176329
451646801
800373374
599869447
18197387
354361378
562675575
343639548
134585171
547160646
620652716
791165522
793120057
218895458
211195831
4653280
396127099
487410992
422425553
471285341
34898268
420421818
356170988
186444148
735375866
979676893
420978803
432981239
855860356
461247895
583641965
796905111
717465880
303796744
433967319
180027174
336761611
410384733
974762564
726933462
92347459
998001035
164432499
972216638
998811176
584864963
102480487
974403368
862658104
766264630
44000228
953522624
101283139
24686109
225156609
860332770
942327872
391503101
685837277
809673295
490463020
573656502
848347507
946127692
89736304
721663120
624093380
592221275
923847761
604558649
44552155
805245161
318342313
170208032
842649005
754268136
123959905
161815442
954788806
582125490
516524603
183592201
453441737
32028346
891568638
937353285
995550792
312945204
987881237
764638743
181912695
649234191
88676094
393764026
370706982
102931501
46382622
400790380
395224985
391538585
165276356
734997216
183426781
877429916
870811810
217199567
66668100
472012856
908919481
727210692
767940572
204542063
733713951
435847218
92840508
912062305
226058638
605970040
667845247
350474078
780634833
514693115
261920740
190696295
479169699
189873000
837892559
278402350
901899960
936521317
816741388
157454111
44703060
729956804
923393581
981188344
482629912
627255826
612155493
365101677
355551516
96772489
260946438
296530348
987952788
196549940
333191892
114336088
28724728
257489389
998520815
977493483
46500123
788911723
497732495
357952444
729529058
697659535
376006566
711637467
912780189
593420199
636154220
55890688
970209047
253149240
388863321
397234474
437237424
797760768
756308121
15680562
912078628
888903042
821920259
302757817
399407423
339292371
647623007
365062527
351201798
886228932
205547078
969064155
689874577
586249179
613996046
899586065
413387070
667481923
186329819
768532130
563093632
931931931
618037929
450007790
86846329
452094611
136017008
417458995
77277369
317826967
90571326
574887503
274127818
39652486
204916970
703604554
280688090
37258877
335827001
796771742
930049606
855179295
555025830
954727608
834187881
880906339
201119748
899260939
737442902
372045628
719667953
297528490
679943821
39525312
461752081
615927708
964452658
361606779
456791491
619261364
63602667
76279848
8115210
717449543
966949886
857289784
7160959
184369972
683123132
70839548
987370909
604792844
492928061
658721922
843899062
852138305
39248632
107163336
103304645
534462438
195928399
2321765
457259789
151799033
899546083
644923607
202589973
722710151
414786511
605084706
520158338
435548409
618412093
765567947
869537329
471775380
942640358
87966981
379203242
105893656
607018459
228133548
290443398
43334238
923579747
261036569
458561914
274553741
795075762
992436840
159262647
165175254
644673345
930712603
48942058
104552396
717952080
120290393
838036205
235202650
181926071
795591158
466661160
370100718
787403733
823044675
596523931
705235112
372531578
286517224
742703191
630477280
670710846
524815946
165517563
98369881
546123034
633432285
321559278
876169869
15768307
362305404
637537316
851534846
222252606
102777293
731655609
56023532
111324168
807408990
858383709
2935038
648342971
686886833
801211858
524003216
844749204
702833200
559199656
873329219
379362622
202155058
342590930
973573565
843723823
817837220
539038944
420951112
81810268
368954118
417265989
226881133
773502690
129657304
697074925
808686939
541077125
894970956
985787044
424005497
392999038
466157499
834271626
261451491
184139155
530871453
996696742
377785775
551652927
791420956
442985883
516349850
774547115
712250665
568710625
538527639
84520049
265072664
318660805
969744548
610123966
52324861
245615517
742465381
560756587
961666908
901456329
248191035
883125012
539215770
947346376
458957729
717296380
427885075
425377916
37876284
305831719
337297778
748218332
484762193
927152286
703147817
595118582
337207921
837696997
983407176
249594178
352495150
64226163
371333068
29962915
206164291
654497768
74353733
576593515
803721336
728491952
548641954
842103788
451787923
469678074
307535088
562267000
415019367
166935048
784916659
724905525
988958799
974296984
47294713
246727983
577399929
485567697
456132806
778569014
117904591
346117571
963581325
93562692
182782845
383717806
678831107
677587104
375614852
445000234
768314107
520698368
111689277
889253837
339687914
102402312
232232028
370237017
363760898
879290456
367361981
662788892
647876326
222786441
660704572
225399611
666252120
766962319
831055185
125705499
401869721
974898180
754631851
265912140
439566529
357686957
940351541
576723567
945985194
390554698
509770408
236852681
367597101
914236668
714507291
9389626
207775646
204032370
556314480
174909179
895766340
533198299
916983599
6335618
541713211
799024607
164303314
323407703
426060070
439995125
828441684
77712688
670701575
949902041
645881206
69216804
665066256
336263485
964991131
889012103
117063772
839858675
422891874
635811205
473214432
284459097
878343778
710484671
909872699
427536780
876094280
357809412
652059200
30760290
772998789
844444311
540763472
922703884
239409490
586210199
87785033
857009613
586689824
184051830
412779821
22920500
748027360
18560333
574108274
985185791
524963494
955388239
451527929
770619402
860870841
741285847
317095704
289058866
632274617
541717863
727045313
709431212
969308957
729016922
445271542
166512634
978866535
820046404
701074548
901993240
977393407
1978501
475880588
397697542
286932912
847788740
871386231
407199671
658124455
812676512
493277842
744045620
475720607
916356876
368699315
382984554
31110334
375647663
807165644
368551809
45894482
942772250
803649218
125234141
179452150
869131383
283066080
214034740
411424732
471907117
592721071
548086677
482507318
297769278
761648938
767659933
35307108
179060806
591195853
291851680
641388063
634193883
242394432
560568679
51022861
48519997
267918733
18978654
972866847
696257862
56297054
871743488
514191294
878497931
321203220
996068409
775131387
2480800
119356726
306880329
15431828
339684503
60465465
87127595
491638161
328032255
441113017
97063676
216908175
231510222
93056140
657319451
479801619
447544018
303698558
232621001
504919184
361433534
4177941
867013778
422548017
296373866
439274927
131264002
838169314
553478679
994662362
7260598
867515406
943064544
848673065
969084580
55482581
845370581
372876487
360921826
872392930
175424234
924944440
130873660
271071129
959414558
434548721
882262848
980406655
147494134
243591011
354681492
981701350
998331215
811705357
576261308
248015446
551486568
932387579
283666153
295842675
918611619
268603231
43438942
67165989
574258660
325431287
966617163
467047331
394211311
179604034
205685845
358375720
579467667
768894538
464657238
100016925
84083972
210406730
208019044
413195615
198857258
25520064
722450270
615384769
654702000
128352080
191645345
827160135
493638475
847464002
95634398
650727994
792956641
923744279
545398777
568363980
82109198
973201254
571883673
578605
904926071
936278507
278560930
65838924
241070454
672769609
534503380
280560160
10642583
446954917
296123559
876199160
653793111
825884378
433623964
543617198
473755523
233091929
354544711
859876408
620349026
300428414
74438544
176381159
418706038
516407685
634989929
776437367
416740016
698747589
359336387
956399456
484766575
676433032
551374477
787305466
903765642
12017128
606619323
991990096
695354114
849226443
349229020
888982369
361726822
530926996
549573380
378190013
904179926
156946699
869130390
444833913
526741156
415974645
298321292
543529385
806807086
155804853
157657163
721585376
607968576
512825468
458641559
800469009
726398700
198339827
4679394
590984060
972019634
943969184
673912474
409940587
746453576
759224349
975420865
64774384
963853702
120763028
400628396
416597534
628933211
845812913
163780402
912457454
357104531
173822451
908089160
425565010
304987180
567015633
509490560
365822173
119666459
450143214
730477739
787421653
26821950
430819516
473377523
797986304
717020559
393523915
617546708
489375782
795409053
694770987
539228094
633059562
744104675
948397128
577422252
333803167
12058477
910745260
877154011
785642452
168358712
903699937
622829903
650134737
708858309
468093221
518496912
21571527
50128595
449700476
49892994
50459892
746624277
233029079
490982513
562583081
338740736
45880635
144422242
488784855
842655610
807385680
694587249
254464976
377970950
410331720
310242118
396000577
781862215
316748455
708498895
62463420
100489739
796727810
315021542
642362243
307760635
920759014
752347834
700255458
424394535
433386890
690994904
94382085
216513851
139391682
945545610
588891842
288786039
971620874
650850556
363261384
478127177
758162281
149492277
957553217
517969622
353367102
635613431
290713323
556577114
946694701
346215123
503701205
922137413
901243847
743317960
369528705
766228694
137193567
53239820
425694081
213437119
133639590
603264837
707692163
536363655
733071771
226603608
423721201
129878985
950535225
991970788
227347557
624164528
514485313
417924691
347975803
894194386
34769519
511914660
870784336
283710867
581157380
657533926
313325261
682954023
748981858
750715880
442876318
300396517
469935482
141129055
10007844
596228268
182104722
21567275
991134667
174436096
113153748
45982878
691996185
654723186
460431709
636390456
790800920
541807875
931350579
447090256
852602131
726396720
359136748
452913440
444440153
578813481
727324154
125564799
606963849
365469610
318840884
921960663
106839661
468628446
665316116
920949311
731276568
224115521
773460925
426044213
483775057
241662711
125334
125338524
438276662
186315103
875767981
979162021
774326279
120035559
292345811
435882228
393372931
311517092
22382198
727547091
490382919
554192045
246528355
281469891
441031773
488978408
812510174
929488016
948583903
997621636
308805756
113354363
771015244
643010112
918982682
380631631
418837354
991433069
946928705
230744102
129504745
144761223
571201704
130760369
763216187
679666465
157676880
997556633
370419883
136738487
282008535
521250619
604878912
582748482
382128690
216255229
639131241
92976652
663317287
450524686
543184126
17273771
362966399
829500466
513772436
223763711
574665542
692938040
705996732
288533775
825829085
452896048
570299457
961305669
448471418
273714628
126962440
442255244
995780005
510113457
165797027
936070528
652510958
972234751
364052702
224890502
312099542
351066688
40390373
959661380
750290204
865779512
963010738
761800400
706187578
363642052
541028433
900289822
674005954
809935550
816347628
471253873
984551867
600061554
817616434
697946455
631174514
176057663
523357541
609082941
218085895
232031936
97701576
672427973
410777283
268621068
731863926
18146596
805667241
410781855
502825921
886628003
73225337
275963367
540127090
667679426
210939713
349984169
141979518
192517004
215302390
242626918
894595739
503767375
548532481
304736033
250384319
533186285
284434090
611545204
340767017
917028988
30979217
107383374
831649131
915999759
437390090
132905435
564202456
835054978
246976703
995826039
200949400
676852153
227150385
530733317
854363402
579946451
19007703
970147347
401311163
209070368
962626212
772391077
332805934
342898055
132215472
554410499
350577360
309538278
628116446
448494818
209214408
53338911
434987196
697144089
574067943
200581807
506814220
383068873
373963817
147835633
665054996
326125895
741541653
173861334
135984713
780794531
58925222
435945676
724151141
34261572
572498707
699396758
868285507
397657703
339524842
705255715
552873460
473627700
426265531
51054825
250446244
606240032
605436402
395637776
278243747
612491420
977834039
733942293
980831096
503775156
548305393
875519267
802409508
988435007
75137582
292950697
188965462
570246142
546057061
571984838
597280246
974188917
264112082
994464144
724826949
870330399
913825091
242242125
233627180
357800879
576812098
282341545
344086919
434805348
806819451
232072744
256573877
759026230
38789446
95559766
81955209
400255360
630148929
134902975
664840357
293855516
812262893
666652267
775263560
45422729
215723651
436609273
280961578
653222964
943272143
268917925
150423561
136018672
100506749
283285042
560417585
314028475
794856316
106305457
624506891
394760609
498215706
969427980
640706482
376486293
977475829
269832308
840887824
544967609
591299323
461704809
46645151
794941258
899515367
756057254
33032858
104674954
413967303
323060540
78984961
621875617
989191321
186515376
30837517
226634044
707243432
643040050
547530743
991911226
216056374
241133147
63717434
611823289
61036423
426760342
84244130
14064047
682850494
759450267
360822145
994668674
809846051
17921971
226977320
782663458
697719361
841908977
411934406
66424762
250301793
160151094
283467612
885888046
293204265
250089403
246867531
309078143
901511264
233430842
821670931
39967760
494902902
752594362
18435640
745951680
417903314
854558496
160075904
575629492
615120260
503847525
203654798
624768879
528690306
626456946
18394425
589539293
970125564
397014532
376104724
994797551
313546281
31924045
293501750
354433215
708387647
285957263
439007035
991368618
159026692
568936676
335649247
730241885
440811099
137378157
348153587
619363434
611521662
691355403
719852375
107858269
666732494
108819678
404475140
700027940
591580729
460052925
243004954
735831800
970663055
654115708
891185534
722811358
74172531
390129149
272153457
76211247
625196074
733208741
718716078
546917455
176411226
231913332
511089643
572447121
680657585
239319468
718812111
876667041
986252314
992784143
580051689
782091100
157202440
645581964
496439847
42744517
722549001
268863528
849015230
58831449
472172831
741859888
410124340
434742209
341890518
258280178
898914038
705438892
287852175
449569003
92684713
289953542
253445906
846718846
124460368
997175643
608438211
715158855
491630154
808952515
529363463
176316204
550577430
986222006
350709925
874525529
538355057
425713523
315065393
958757602
308737553
671373593
941137224
913369839
565326119
689295603
722024426
447388313
549971916
733764516
271891883
757093460
538513049
984793535
194763209
187615807
815361873
838741307
190546486
800268794
762368547
495718116
947384426
535034904
704631730
646171367
44396911
645394667
137229024
76547658
9072190
106550968
301629227
297616869
344563342
88636875
552419958
423506549
271633038
397850153
920738886
172472366
904914491
728132200
26283011
6189287
983437696
852979577
705382201
862605239
89019796
905608631
930187412
612852265
211649849
412567408
356981087
812220016
350195259
573570435
991250021
55203250
642328898
158779738
17132852
530056101
759945370
714762446
595137966
185440527
318507069
825056955
190502023
653906311
987563419
95617492
957841558
936683854
790951561
54538333
756986445
967357168
888960245
981077688
661034512
296022239
735247501
6058684
225269193
612711300
942929929
300188098
435142455
90509166
267242302
846827981
230438788
980667142
21598605
812858381
11972185
204208785
236342889
573209465
59143525
210987461
42887480
266967183
607074263
21741700
705257696
833782421
322661416
262672115
850582446
258650804
983950310
102854460
409994067
2533846
578183861
66384031
735049618
530494301
38180517
323228565
826730622
908292923
397497814
220064187
945862259
796304257
208755606
820715511
736540208
933032206
693745020
449487145
738067055
873735917
797905374
721196784
157839055
332209812
898870702
136660434
594098470
587043658
805003093
52172309
790985745
805584057
237806615
135599337
268194004
109068417
4971242
10159951
9525246
124907376
322677215
558331317
183140727
450189399
299115786
355642278
813997083
872249288
651462155
148234976
307302791
601323864
981496441
518963484
315521948
31632077
880386288
151679677
885281160
806034290
396624980
640874519
416141648
224387218
373261638
927932633
656854114
915178661
750079425
492947453
471203715
85292976
621630175
682308724
862759054
50791932
364091763
941004395
494922689
704652700
444049001
609068627
53710943
171203712
729874347
539052249
170370677
130503297
326882444
716327383
902844197
757903489
476404855
177725365
177315481
264644450
200196768
528611110
779299040
631252783
77470206
27727298
532417524
229501856
99358785
853448873
216646894
960744399
173716263
918987781
827872737
114619721
106973249
663858384
784911426
203911555
300715256
103961469
164287411
266965878
715105953
29321717
936436209
111449904
628751194
577558772
988879441
53304471
740876315
194186739
64213209
681622802
114207021
887080207
879968899
709323952
646467630
923405576
609377233
546992368
100433155
209783249
238840937
227061893
584814277
239361909
86106878
676712157
429624995
178513615
718604932
274781054
857177192
58864101
866401048
926253542
255904399
571209349
547301341
581231879
459652957
553542726
920614563
992154032
458960039
785735793
603855481
815513906
10913050
749333479
588854884
222765941
428083997
688328560
419811318
131320342
724044205
61023328
365992816
294020833
859294640
924889223
241311364
769649205
494341699
273687772
556922677
847557990
93551895
171726885
980173949
979547101
985327789
577749346
757832648
897600757
782359850
516870043
653293970
48767054
601669311
146871313
310660173
514618646
114464113
300871880
166763550
697383805
219632175
830247860
809786478
587560697
83947362
447795994
862910582
337371730
939187278
912849200
197521863
534338146
81367127
171267328
889759076
93615152
431283447
388358780
227369179
109919537
833778958
679300448
688730118
443560682
773198899
62906608
735888074
191568708
144097892
764581587
90259162
491286345
725467606
414212201
213028465
885565894
850307816
718704569
313604983
262411116
193912245
633086156
835130429
328518513
618243587
688747258
790687032
407637007
673446229
783510834
301049859
610873584
173805505
643815909
140345508
781235336
989297943
526158957
733370084
916439746
324149636
355024740
199385649
322768477
474583796
598036747
223302017
842986686
950552119
520160377
472039477
154108360
46242605
405635988
692487182
140767405
297058805
298630916
401042086
946767283
335123714
66895637
97075013
394880673
879663225
466502459
800601832
225842324
752407493
464000011
64294926
562008782
914864871
701781304
207439080
434423911
855865073
513486867
709314638
1989603
340794332
19189333
844298728
24082676
954483720
574937022
446340694
549683702
682368214
132256082
467008204
647509984
224668406
848815405
295586438
999788670
937404160
372756786
791159034
358758886
924723015
68729255
799285172
327144920
209866379
115356219
583187824
402803693
989268347
149530543
427021062
41935889
148912333
761678757
96103918
673915137
878522985
622465594
506898184
75386463
998334638
783434339
649947521
742917567
700754059
161221612
766246633
883682943
286902332
268454807
996638462
80333877
248688623
377345291
855202775
130573028
572860821
544649030
353614198
401421072
217389262
181438181
537645355
277443269
354571980
384594157
865531749
284084684
590716515
915861767
769754802
358338239
156515727
476590414
675584544
265710052
805165170
351657649
187119991
376230890
240549240
990792325
979767022
948899415
715884760
40527406
879344844
789968987
770811928
663819914
524019666
404298453
104194426
346289983
530027970
403848518
321336674
558598517
559364628
354399653
573770831
791518757
107816868
177314961
65555647
27300827
388950004
366304998
121663955
423813245
173455645
326002267
160442393
37005977
580690722
81690258
711940882
560258890
411444241
479507625
836816778
793635486
196697190
726904571
460630012
955998010
552831652
995740012
998987731
173870140
748258616
91585500
862923379
289822207
97580916
777566254
642295110
427086529
941816217
801891736
346732645
963859742
490714423
34683683
734628171
907761500
363806878
801174302
810656816
614373836
314572793
363645994
466833095
571299797
963157947
803725011
278999773
371615737
631367939
405349405
579478583
63256593
369488545
631706030
443337336
512917856
693676959
831261792
840589699
463671368
151229352
916148957
931250177
886658794
942347575
299017270
217211947
658429803
400865843
194282637
239915119
429316433
395021943
599547314
380604139
18246999
763648677
249064030
56673157
88189124
392984902
872552707
714873862
341012442
793648197
273738128
833081771
967750857
783171581
331976017
636881412
157023706
673576784
391639435
777367188
120017609
437795759
251830537
69051774
16224533
229735715
488502718
673599251
201165663
126422917
790832222
626542869
140812781
723768291
994261618
797588586
799092889
412153291
110304247
20088931
677900033
169500257
776086218
759638163
667457752
341734025
236930198
889355639
168795308
38611032
966021134
602626613
26521263
133054393
625120862
600622022
234290113
147477154
778182720
921615563
703519032
415000435
508370584
685193201
757886781
586527793
87239120
387385888
34279110
846281544
309303568
984777735
646058010
263880912
87922090
894318920
380522736
361101742
507250190
320959031
596218174
518142607
385595332
443463570
612936562
947794448
368903756
755430409
777467465
931317131
418013088
159575490
728129504
207033910
107095352
822025419
578234061
15908695
134300147
670619945
693693154
84771924
217277711
94203912
346700049
861561171
529225769
181810532
562932605
349500457
984402300
824374113
148254515
935851841
566528715
485089718
620223777
412558485
362425079
170507250
876629426
727738356
865625615
890487149
324558444
733111107
206165457
923606822
475038923
988027904
359918912
87495805
393363793
909988620
707357394
388518341
697958915
492638805
572839193
833988643
458337320
827961717
136720183
12046171
455311151
728577724
36935434
419458456
53103012
515781869
237341484
656941380
646447648
173189181
562101283
226799683
810497473
332868943
437756180
75095831
528950857
854133299
543824193
243019957
280728048
452965893
660840051
507673570
354595869
380571342
386787225
322369294
952983543
42383334
217661323
281672193
721525011
536640214
27381109
885512925
476898990
442328757
680508227
545802897
144367887
888916366
572258907
453594914
194748808
283484287
582175348
630169030
945235770
896989502
419102475
235728178
733042931
957068504
464347794
730415256
765823700
825970279
683736424
901925665
523110330
107743654
362385886
356607758
802879651
23977475
201124752
438445378
845341692
357985154
574268485
787513305
813826191
274202606
523631857
423750429
38081258
100468893
271238752
136623989
170961665
347970309
33576080
914502370
433537394
735945819
592137719
202412400
261831421
46708618
386260555
811953699
137669405
751363354
103136800
72567771
355295329
766287020
545164099
528128698
116395246
348898063
899077934
612519471
141837222
373063539
506577350
58554990
965324402
33922387
853670896
365875265
990360803
142714469
145022542
695602152
77360950
747031308
235669320
644807552
768615776
910999537
823982791
475725993
246670874
463743328
570872160
432810375
145505690
52585282
637197709
985481785
855243397
922410909
793501428
225418073
305105630
899149211
565377561
509510285
616274682
152995683
888184708
693654016
427576524
470881653
455261968
404583332
919304285
443618568
866617249
473032196
898581063
829039121
712433119
297314731
9313688
131087855
227970385
707889154
556411017
316092574
660699240
719838674
292623369
252768427
208928254
629634145
38761341
709676582
584763573
695411778
278339055
617547760
40953488
68356177
142906154
791332174
330752137
702794893
19710698
631479648
154658279
147043088
355081785
911782345
170553979
827845777
4540316
100227362
209165666
195443311
527411302
493298031
581123803
244986693
793434085
638104333
274945559
850610369
722568215
322355606
63160569
349655316
577398877
524462382
29925673
722628222
536527155
863952266
240074013
17822986
263210875
854902723
57240527
785038932
444584196
635624114
450049077
228737216
239951396
442989854
639074308
143587774
979086442
181177557
154637419
288045941
483020835
522047771
538256948
169974887
638210133
510861273
961195219
629389866
577478681
433737858
583562097
208292088
53057200
601434475
924462067
868853275
253839826
627909929
860505649
306683057
309665547
863778448
745089425
985558893
421554959
131163552
192634771
496396778
567287359
69051840
294204034
774388627
558629001
555536501
366986554
364210449
254987906
289100873
142010211
193053570
695458313
390862883
801292172
9741573
462364102
361047863
152822620
246671623
716261265
763889037
550827727
482611661
710324583
43780583
338255542
530262903
383256285
873562044
413998853
148681190
954254554
673333766
422877644
62023034
413465516
902741564
740770047
88478477
115812298
970868781
453791282
137778754
305212691
598424410
826896725
735909688
877695712
271745429
633606796
823546711
872760849
39159464
442125507
108311417
484223002
185705033
907347599
555625170
33257805
297730006
93676601
685135743
173569457
706257669
938031019
483841487
969107143
829108319
237953021
136761837
135582086
67245258
669528954
460906122
241464249
103060201
791926703
948073109
962704993
942757869
113018929
478934974
431684755
166512124
14625948
770095172
667243768
71379782
384439788
735790004
499497545
957729629
926766879
547622663
12735920
148160740
646518398
808935002
284854585
870129274
893897866
927456995
421595429
771857147
241594399
989183713
899250903
895073855
620171301
47763512
934291445
944547357
737724947
432550472
52986420
319217012
913588022
719879785
105869002
442249879
323857967
807342870
760765464
928473548
612355420
893312345
794022719
435048852
615479774
158813193
688784583
817732072
643437467
653847125
905364806
502512922
62674818
969338932
56610524
772712064
432123805
80922437
509919395
226544804
165404546
186452463
222803399
362918957
498728364
925459321
213432369
689274551
736643949
185024726
326131704
886743008
212741420
510762907
165171521
584334123
861264106
826278055
945389421
498323765
46287762
52954188
526013707
994681130
609335160
675718915
668804579
287818716
871433443
232953061
236312068
870121701
462262620
950527755
48768024
209068195
510415199
795595895
350314225
723353706
451630248
481249161
301360174
360893504
18358638
44218384
73876756
314255182
745028588
474957577
261066194
98314676
482259843
581213123
390191431
213025594
330109984
113662355
332872076
801191575
182232150
970376458
736255278
822652218
385429228
761467046
644643057
56491125
430082478
311372940
61068667
674521232
800340776
806087398
197875324
385044100
333243758
826843311
689636831
822924300
883322665
814196029
447183076
264102947
81941424
696114345
645732979
961988802
125163133
219024204
930580082
752989574
551562387
78921724
510904717
837538580
890188316
308340309
359361050
176574928
651157783
835341591
196323316
13747612
646336950
96927438
361009304
14380912
322043663
857673560
43288005
715653469
678392898
373659289
534747560
899464981
542071557
408353182
578858186
353332638
512627881
233080152
122104878
860908560
287554865
881849476
976488005
804220242
863576364
344187250
399171245
371270701
533609944
797828602
940557193
418369198
634222129
976964397
353860572
787985970
585730741
256044897
232460297
269198074
646772137
32641601
301520080
50624208
800068895
388280779
153536985
87669556
827084657
724108686
64688063
979015398
874236996
140273415
625706618
915584416
610194331
543506414
104834199
885859112
329819298
698725347
623190450
830811210
468789210
739535667
868665521
628282152
659060401
484495021
520897166
954117809
609843612
169317241
812638734
876240407
74065841
913242003
46638047
321212590
618930021
926520695
193508049
898791734
212997468
695979799
94613206
449116646
524246071
853839832
995126514
626419991
105171432
254874340
984139803
206527175
842133272
802065680
783832503
704000146
523150778
353889457
829389437
619759830
410421798
246111632
538644181
170443503
763017399
391501643
14122967
413550086
611399375
477102033
17605049
804149368
678830309
380102344
598634585
321643204
310010053
490632609
734935397
356354542
149566991
351786906
892926781
793024479
71187395
907955658
861707571
706127122
60665916
57565067
842582812
957750764
724090531
70239955
381411412
523830645
953512647
870822681
395648908
514600833
207050018
541919597
997598696
688440936
285315997
595595483
484610992
988978913
591741443
525677955
330413049
581554360
479983474
503183084
982470082
338375761
335892455
958237743
54305092
134297344
780242354
616535430
233779476
81320319
512355546
329277651
375521205
234612091
728323376
190053189
599454576
158442568
380065553
908837848
347400645
335818154
474882954
668940891
489923013
805777298
530959630
681019496
968619447
936480232
788110575
742490602
902257567
458864242
974524528
449393847
681619865
724775953
189079219
904595057
220410109
571452753
104122506
177292611
894703745
688023184
537017612
565275845
830774063
399597689
129457955
890961034
380680716
951223935
227399878
521304645
621186101
411898512
724931386
839612383
823637686
949428258
925621821
121624981
631694007
486458732
795547009
583117130
768629402
864655596
767750426
826633857
231106281
205123124
157262563
395512828
920719995
174891577
139631148
935570730
528754729
923308754
565540707
95944321
662070222
397180246
334682552
77095682
357165770
449392820
553888687
542559606
416383959
519124757
893801940
449411869
400699887
376237632
451521780
343861774
502741936
946058138
103591407
866764868
999999018
976695945
32409364
935392120
202663560
609720379
990917534
807540605
202800741
562191573
732865485
126788550
824904695
703064458
719720160
718142551
884184011
910918015
9641998
370081925
362290349
786922431
150043728
239327439
673748783
707745924
6229052
732583872
754219936
929307647
175861078
440846622
688112918
156050456
281516405
6522382
273372988
15409606
92947241
990936794
94659427
617729963
747316688
656983555
890909560
989118240
225164418
814976692
588856682
243160879
752481266
786294856
745851811
146225386
484709284
652168824
377244473
835948801
791776486
272552405
20387224
243671506
447807151
218896970
870353806
786435775
117762183
932874187
422414111
782935191
601008377
981638436
375188281
434650763
686958943
680733476
630705288
435448853
876010687
846006815
758391696
901572957
421753346
6677373
11020724
35615567
534961844
304498961
363009200
79294769
691446792
307481122
964812198
280371525
671372523
379147403
726468051
945807716
478573987
827348494
547558280
190566462
397703378
366673212
776163639
415884737
900671118
571053017
122794580
707539991
22491548
702984412
930899476
679205626
131445699
99580218
955170010
528606751
18919060
245347896
760747269
658720090
217507204
712401952
24334203
94701856
260444329
85234620
391892305
532506514
97849238
941417246
381067363
632977443
179005183
696598597
283320639
389532318
47670285
829066199
419033405
735566057
759461022
389308041
494938776
359065258
565767705
402894889
370407057
628117390
641267168
693332058
35184800
95335757
460486978
332710759
416216157
669646511
530122418
137677573
441261036
888035561
940645450
302517693
433900787
340237817
625068209
604316763
140066268
178229503
935130128
695950302
189000386
225145255
345082710
906126121
592614117
952080964
626378870
385063101
843665994
593240798
630255135
144462975
23713535
82575984
963743025
459828855
298853332
526728995
403623883
154124857
966506789
370086740
230541668
652930474
889929938
705847036
399455127
765997521
681372132
300647827
827295707
540040256
692833601
74139053
511223754
313500205
113458821
635862579
37848446
397099898
517115531
899269337
309695956
701955960
169795821
988119026
768244338
309335502
678773804
262224011
348044832
634769410
491129182
64052173
393533897
789525653
691441891
954654824
218508908
193355493
438915677
17948740
553300696
20427869
684449432
493053310
6655259
830665300
297994730
937232233
996306183
345702544
287670609
976971411
206965732
992325497
858235732
55834360
615524648
236619317
474554435
989122101
289613961
127717862
225315540
156611896
833699571
287416901
914717152
222324883
157204547
79344893
65022602
874620809
645215666
628836282
199816994
373487291
142658030
474236111
742501940
422073295
748418992
873372673
892680804
331982525
163492694
479852395
823626878
930995781
925884082
177913580
462115364
219998354
683889665
154589218
262017359
938927558
801521523
257929741
441075151
336707805
164906381
310387328
591722496
465841
68685328
56981955
750899428
419469258
218307782
931552546
583959765
225568795
88006691
745048373
734409177
523972895
851882725
608720572
353089967
339855253
35557606
996767997
230710769
802701891
710695026
716801529
938322193
697464509
102974429
884928750
508049297
756058149
208109337
301400850
684299913
561585041
944627764
805538675
697305384
13612992
870507325
106793510
576341560
701088001
158742796
540904327
13202578
918726874
930709941
146130231
45018523
107393606
899745741
523024266
827983765
937983122
242566405
696149955
750485650
209841966
567837345
437705182
280727080
181788898
349169004
719254026
819559741
12801850
316115218
978292405
275386532
937032927
524375364
316202860
694468943
369343658
89273028
379770221
540162430
357249983
951044770
942379639
978547756
759751800
21563147
520351634
417566962
929261140
501455516
67008019
95690
66318985
153846337
656564868
428385414
637725615
300335594
241599665
378622710
950672989
676297479
345807612
237285731
483101648
850778141
943491473
151961026
518429855
244210342
460716970
891874352
208826899
83414034
885817247
33813909
682600309
182262565
526836204
387947698
273050915
486593950
581298287
672186065
538951714
744807606
737348446
285041007
662735078
676952841
123360407
725221586
484943373
898215097
27655336
89966195
299555978
317353849
792403157
472292386
343709711
599559454
376180983
70265056
488504598
664800302
397615639
328885286
73357493
240158590
471290407
313352667
500858782
212399177
767006814
688353282
814234352
232515386
402159025
780367527
670287020
118044525
331882496
714259345
815739827
845383452
720845130
199458220
394652757
892690986
752528842
373809046
250766392
260580131
818032637
416644265
37927169
907081516
259286171
781525237
242540546
280837309
386290085
827273012
615783415
970677708
940931839
456857074
771187070
269348800
425523989
131713870
304659593
371902245
367037515
971042990
918394149
937165669
509259651
180500139
437768928
185374757
839502020
648348358
891923668
982560613
249253668
906697122
517798157
545796399
133892805
347735066
162294895
467606283
259301436
275583716
661865712
684801783
683825810
660248212
796631067
18809086
687389915
109064864
364093569
232935807
79881700
548208029
374669619
31107984
231479263
461519983
795284147
820019549
205204155
205845619
783578811
850910139
529984609
461149381
990615699
67712851
769599344
138397704
152474917
782796160
862331455
705016817
943920187
729193619
430145254
724487922
256009297
342873280
15999909
228637847
937759563
821085619
593541729
411854603
936654068
233370085
143777732
400804032
380924879
332568593
412631439
477842747
601851898
67264957
700597553
342866503
767478607
320053549
182234894
248418034
923483290
177126073
53957903
62615637
414884626
751751953
199986231
726733401
287864604
874299669
591408816
282559119
189724404
392206018
676978710
348692136
316935994
224938788
59537880
426969755
216654360
504809419
760013995
928039157
432562440
864548849
626755479
17345024
973396042
153016344
153376792
50681100
926368958
467656921
139111628
78967964
340063008
986223571
134566095
613251516
221633216
960544581
644375284
892897303
323982791
666579561
910164989
204949711
277385051
442303301
60109976
329208131
377888328
970214476
961296274
167652446
210626544
755985953
2797109
279148216
398418343
347623233
929529309
802982855
664048136
985042461
237689360
367417579
393515195
336433235
40417254
827940315
866806190
682001354
453484107
738702292
483395878
508220666
576173197
9363374
492283109
439054855
238850163
645554454
924264614
296068146
653305455
993423771
244884151
882487383
448947380
780972761
65245133
304477665
729764420
257764446
110889453
904563610
491024327
376138373
229999284
325278082
772140986
468165710
581180385
132961161
776221423
654941073
895241234
51153776
573459064
345553215
129326480
528343155
294731213
96935314
622211322
291808233
825627206
835572113
623886104
433758900
481979045
732345785
728369197
766070992
545033974
908437953
81826518
288836623
933423505
788732535
66705590
801228208
67251293
570348809
664590596
7070457
150771833
515405284
966036617
217079737
63093709
404689567
955928464
733478625
229452776
385312985
786762590
583375783
577415683
230584852
771712519
305500870
904979221
857570907
188068417
51358736
142758630
708032035
203690607
456272933
635541601
937620041
934040488
621674734
763871800
126871772
455051041
728892500
893191547
533057705
278087003
990390966
491369220
462029216
93071916
366861259
912677752
915453999
291113786
869764088
492120057
221206147
208469369
435530821
438787254
562080326
909531509
106549343
435706413
872187588
171027819
445001307
952407127
972942721
358667833
851231331
179363796
331186828
566693692
814959844
928962617
758843208
410934084
589357505
195864957
501635059
792576462
8093456
878001025
232436589
709973299
210386414
334440412
994429418
698622171
159099451
718616008
666396891
982059674
37756710
747612202
594909280
339811847
188610929
107561237
595291407
585967798
941866834
803478952
872051494
644633276
274948279
580870515
942654426
735101510
912503622
590741253
370997780
74220331
564002294
167827194
703089390
375806029
143362928
619374059
293816486
17984242
128278944
239089139
323315146
580985366
371061727
617898911
784369515
108451226
51653443
125805885
207207549
288574589
845256531
410264629
643180147
555994041
131814851
115637043
159687967
16501903
951045210
298115998
636598798
691595335
954588258
935662893
75993236
2212118
182196405
181133127
330423766
806366334
923812910
413630367
772860129
513130074
936948863
423387350
724254931
680853584
345413174
677752893
521675023
582570323
285577721
4917373
471634078
443196954
506478763
424389070
785493691
912480331
823366649
719554705
688370050
504850147
330206167
647954894
295350063
945368438
967679872
355312167
395117927
144094620
820276604
692312469
167331429
99224903
410217181
103018293
992710731
942847376
384602459
403769148
428311377
330095693
674671192
781614605
496538089
305420200
341220737
177614402
233977772
340801430
576895940
60363349
985457346
531335894
85578928
42593657
213811709
382288417
682833367
243959887
248879703
963438850
21036067
672196417
120247635
796940717
405961089
257163985
607632154
341019844
233582816
626168316
449437422
778319919
749935634
672838071
762773429
741212051
466736633
86232583
523741448
793129613
466681453
572457280
253823923
42463096
591717431
939865273
375940445
676569623
407678193
257107475
222032934
464412541
507729087
431712900
205034161
45315364
358362067
43596613
768256010
349719638
781801003
420590268
780430135
64856225
47378462
406716709
410766612
817302431
689184540
220244831
696276998
51680980
991538333
659767295
795336959
95110104
367735629
730109860
18368041
909661302
16603961
405662464
375250632
978868646
406034008
518519150
50681560
158921907
44937234
819883580
872445544
379714050
595253350
166659958
754115760
16286179
349233068
440369360
945967560
700661721
202767836
20575811
609043985
38040559
7032349
749560696
61630161
395667469
351976716
755946728
328183112
221899150
781248690
196744796
164274273
330090038
975255417
818422805
302491549
305214632
468063587
609341720
262155393
763666607
219848829
666017668
51221449
130575848
127142596
365271986
57561520
868965773
238358161
955384805
262615810
670847357
868503224
183792955
796370090
517266923
498876938
181400808
103167141
268701100
945994401
983097303
52715783
108195341
543979047
783152611
137317811
905753800
612043888
373790227
383716563
852276783
719010449
622297676
418077800
787919034
885568847
357153399
701368102
489356004
44536602
664201207
214123196
211698747
291433127
34013817
626360420
175262828
352889015
333788066
545060283
590451063
970166650
997026109
136672135
347279294
666852574
654930159
195788891
17188241
151887494
242524129
592171083
388348893
643749918
960358657
745096495
583756388
172565508
34168943
944943228
571709197
628280501
512705043
698393137
436204707
648435839
873470510
721609308
456219532
581375705
521768391
599251382
33779485
300231772
991138632
795593679
260738882
135183744
354300141
728182748
352716430
363096059
362920947
984934094
305124665
67548681
371980172
255009414
730455298
329795788
212835487
716592156
28217278
456744887
61214072
844963927
440747580
194159875
555943419
323684216
295401725
778268145
815125041
351118346
239643530
722276459
358153078
105437068
203410499
112516044
66211840
454681381
562133140
153660205
370659779
505685053
367756072
931765852
168568785
524320558
794683902
928560416
689333323
678931972
26792127
682575575
102095166
253311362
822691061
395286648
861175731
906217829
999771424
964383364
645402533
378762423
100811038
600890480
989212102
546811518
50163612
776554461
632935329
450939098
751984323
602527062
166100737
570588616
422245614
597397511
289061370
88723994
407108345
255312475
252085840
147025105
198992830
878905588
460998774
697484635
857154489
322766599
91086873
63084243
368468118
594846839
671422169
135896841
690858560
873405178
529170012
657917724
98528993
773664075
458299018
425948958
302599517
652143929
398232329
148279026
851074803
798316058
343505179
647269853
843936853
42788960
178529308
765976090
847466056
440465902
201557086
582187751
511285975
489116561
725595742
48079154
298443262
446530615
760858001
884139037
243089713
886488540
410015134
265316819
212760799
394132209
673110651
582921196
654615745
835048338
122002060
598962908
338825335
417687753
590382692
885429151
850751553
723226537
999564795
415984607
36381605
52186957
19022309
935498266
719019265
656889335
516116970
532428918
817592496
252120312
348636104
567318579
974782088
824111611
908421639
849913048
256666267
320176571
366033112
465368298
429884625
479366381
176227291
218735435
265008393
320428723
120423535
182263871
338144425
938049382
430886047
668730143
893954965
902298527
684160109
949554120
590286359
769278135
57553829
765400349
581893708
853294474
150248148
586562215
186598763
78624791
337357372
529184300
955133038
518832406
590315713
648125869
745162264
439818595
574880492
110889290
222147415
773956076
767217431
259978714
83857333
744242081
982053800
819124541
78363889
480169530
947920819
733301916
160187928
694161830
510913555
169289963
253228076
535357566
541291909
57597314
598822218
847996689
134325587
450040774
995880170
340601008
858152930
53728769
39114856
723287676
651953193
548470560
865588625
778349622
444687631
44205199
950516856
47221426
545879964
259552420
478421965
941749109
813885707
495652483
454598922
954800121
554072811
297896203
234803579
861290159
495550106
739041998
822533117
930674242
481672086
533747789
915249324
185933506
999765149
325862649
910439652
245091739
783992849
952347156
937842580
855064061
666818285
384451801
263080160
848946568
910859631
87956976
380565575
483808547
28855452
72540534
913743354
36830115
339217370
616699179
401269651
49757678
471469015
384483850
209063197
987883288
934245690
543510398
540639422
129975520
531179633
42659538
715755819
868610168
823850661
517448063
147844833
626667860
154983529
549868550
629069755
655698560
70752672
247236686
376998836
817976501
428000688
270880834
250160454
547827291
524322505
641569489
172229486
738317570
648382044
911906040
447203940
690445595
690816445
533921761
416039030
41510381
653127590
721853285
38214767
217662574
671336142
49171884
165941955
105903582
992960168
350906408
664155416
305303285
607711465
65983689
959263858
632330979
814200147
840127009
887347455
407761033
510142724
135977650
356023231
488844133
10527472
387007197
378718081
403584706
734620410
49424513
70765553
263505049
678548902
6641749
471242417
106013306
723126557
745823762
564058803
602293184
54148278
484832823
862543640
799205724
153087339
256379513
258892231
611780132
487019960
937805837
133926259
233759591
134438223
484669553
604185820
933633554
91007283
149092219
517250314
286645775
171132152
296458971
6721746
13629106
612003080
608358113
982791019
340761089
625399251
833683116
684808094
278909605
791412929
351071107
856227
558976732
417026123
416183406
133181112
702125025
996367866
60958775
675993726
693453782
374568105
744437393
452936467
572060535
456077416
660763298
936936080
790800767
245443712
960121588
771495937
336742315
401186734
232487617
624901481
378853283
319502075
710267346
238565334
639342145
227394619
549537092
783947199
480685248
600122633
72038310
83564564
109061954
509392689
399744951
100108233
797483782
262529284
783391042
370018508
693474575
644466912
142940706
382444427
4183115
870088635
486729666
592285499
231032551
88432654
621729050
394248838
618766859
194679642
794226904
556959079
772521703
225439465
117484194
436519329
833937532
512504093
321844405
131538591
565040618
10509243
455399671
176019805
451917828
282629185
501410074
929481781
717409587
560901673
243906587
674480607
615730998
927599093
462698396
696370358
682908182
895573501
580700423
287132889
724459460
367706030
445614478
771245207
805725321
415335288
388898138
296576469
786154205
459883476
242116712
816530096
413523285
397387614
957481873
397238861
669840811
624367994
706063504
860044269
717454109
239482072
62691771
346294235
581708370
281927763
270643191
853217057
49461410
224525257
622275624
639863613
910287259
107473373
797477702
20228248
570355397
817330191
375718001
506493544
119359339
660314645
601799304
476853037
421466171
268626219
317463231
251920196
447276981
22431913
792592097
179927068
676525479
91803314
811564958
991087969
833479695
519125283
28209081
898077177
148285719
275773216
446101927
597057693
754620318
773250042
786952207
830087043
796043411
603857192
709543960
751385066
193162827
836747245
550865430
69757961
494643267
799433780
646892239
32285697
126519036
989875204
598536169
928434383
262345397
917805767
22203586
721266785
684166045
887881279
371208718
39334950
479969515
287006789
274003677
767251632
94086032
632221477
9094573
652355884
732951543
930571929
202968452
990437471
85844111
350714396
537434110
981415183
828419461
646671559
819035157
216031995
525260478
283546911
160221076
664400280
504346758
417714617
850566417
706203991
57212819
685773695
586195250
238426130
341422284
659457245
730684927
774348343
499027859
262662154
1612684
814678775
159864736
814516194
488800581
50058112
736591727
440088119
995327113
998220252
610196990
112189299
828987354
206269575
944963802
609734508
206064653
405392387
61553199
618907747
40178003
343358747
926750501
358512312
221264194
548259238
441405861
196637014
673700069
456496428
384158586
610085894
491238976
41089215
869435123
483132256
465091510
660619988
632694514
650322502
555500092
830567871
177196364
645383757
365712750
903701768
235175697
881103254
325160999
567213763
172183583
43658803
872324577
391080092
400470686
162256786
427705762
443827795
805238179
386514101
950779508
808240191
267569887
564518933
757525602
355186153
861020845
961588394
964081776
469062231
934103065
118663798
60400671
916463625
294969750
323714333
981819212
389617175
618567804
652307067
480709754
508588241
87505095
451483276
279207885
845183430
605129008
467557895
953480351
860062705
50588868
86548029
422059391
173338529
119493450
236623516
348973846
377628162
92726936
209039453
516006044
771526076
445004816
872046446
749525382
635680818
626388807
652776034
868850837
666174021
364736149
151086709
654738732
422480287
577284860
896570781
907320353
717962950
710734474
577260890
729284604
284896178
823455428
360639234
584434037
980064759
585300059
968526249
661881364
637459853
347303487
240569100
777272648
859183182
651218206
37734654
126443299
607960141
816067053
32186010
441004874
775311522
84965168
494170404
605392431
52549969
173902992
930204041
747082467
278118714
55188770
346399656
594676890
304063112
139315402
769800230
447710638
3826947
281357773
152712743
785223853
804637064
77457469
704263501
629671768
322225799
121391248
368274345
53191059
140261998
481889196
6785787
370423977
766655790
249787270
651016847
333408574
474468186
739001208
645156372
757737128
787185873
463406058
428662356
168505882
304827790
445707833
117747828
80484105
238477924
875286397
423711291
622855333
903380984
248822128
197069876
571209234
516338586
840101249
85210502
297844008
241802911
686555148
109639034
866871404
103556628
26868828
854411655
813557090
791024445
633487985
101033783
775590206
400450745
787224339
940800348
6737698
285467813
553112494
596073274
108172298
227883176
677722744
590589629
119362901
813192312
85291731
804709357
864987710
443876105
935770332
316376658
119047964
544842812
182082700
894120949
743906988
584782693
439011652
1029061
81746235
81457206
213604194
136104610
730500783
802585516
342046244
58038815
904463708
694879336
620620151
324637452
791647206
643220283
537385232
299040259
976182789
631491262
786196176
705742278
662236135
883657713
102994975
388430629
806688984
899708008
366960848
971588138
541551698
886136799
114533371
228261884
523676031
764038707
87713888
749013702
399042618
165163827
867651906
405647567
846212535
457242772
314625357
821388694
909823572
939760774
23107767
812534709
873165212
288540207
89135736
594848676
296618541
368895421
934147099
446334197
984581495
176709817
257293516
918902817
164467119
979579022
568041788
89432406
716586392
401999720
333203562
94840623
143642714
789916684
842225535
375642162
588599901
793872564
972316325
962412867
840933062
859656510
54301677
840591925
227219558
797418883
930344694
172741451
153977022
14531509
188303338
96759925
631900140
630446230
57074385
981390310
150962487
4433737
650492798
671953102
664446910
796336004
982191887
259956881
435837220
658103283
942788803
438108170
770487909
818408652
136965422
900285439
199990568
118934471
414652599
83134926
655535354
359803509
531810179
594849221
969996578
918719931
38630112
818479376
924938301
919050002
278701662
22847185
330560144
259697682
702861634
680707640
601145642
329017319
229564601
317683219
222221728
151649040
572249193
415196309
203677787
958467508
365100025
734688614
47094447
985404018
43596735
515445939
391093234
359948893
116470594
19453120
973890923
867218138
307556772
97038086
758650025
94370541
434396782
607017429
417811684
306899657
353538048
821897518
969166528
785976936
535280600
964627869
33941352
306428223
61478048
540741117
551934803
90000945
136562145
58088868
749958322
255808464
506370520
36428436
50245688
840063931
647443000
22605908
490609542
168540147
36556336
86256596
907422845
89210986
40732183
347513455
777270906
44263769
897884313
595799582
570101554
679682977
298717865
506781901
55793772
419300374
898793239
528654304
924310275
685332794
303923227
329590702
566265604
552839239
644061485
950998187
987378805
801656731
373251702
422320013
435815854
898738918
600182764
926602714
265840723
357806527
327960843
557548918
665496465
837551567
944562027
93789145
26748498
469301132
693789626
352453911
190369231
281443534
693562535
637494434
982035305
481856005
859189622
628472176
848486364
126805509
13152838
281217789
156007493
261957266
526464777
581747824
716814383
350852467
683247612
476996947
450654778
736409660
806135886
352810828
301236997
129865154
678897237
167657732
601600713
214049201
100077793
12118885
740753524
160068512
585163338
916584136
979119663
134596917
566679453
266313906
665343092
74094515
637820480
786732210
508183062
563081369
814205098
661415908
564829604
897677857
316476379
644518792
842051355
30667662
868309115
850198694
845620491
242250420
440011300
181338279
160772697
361803049
653879570
779854398
85066255
275918226
598852490
129564377
501887549
611101887
939220686
372775362
702086860
949535247
953806073
793314786
922551486
34382798
602275243
468799738
268810956
581582520
651246149
736817518
614505723
402949648
657964884
601134348
916297435
272098026
544656644
191981840
950559858
274287647
865557224
641930802
120515113
51498427
499388614
237396344
186648361
401964527
975375797
437376020
459413192
430848279
445600542
133393048
755531602
821998288
844769108
613924719
775955148
753244491
608173008
62600440
602184671
694666749
171350421
224413206
256323753
65955883
176909384
515540677
965973045
888412168
128711983
553632178
711647278
839444403
900341643
252898904
587651231
404859537
522442587
368748087
932304835
535922338
455238114
181947407
331463074
22943538
668391512
698924146
466637597
960488813
692282322
290803352
496512412
753831211
190377683
732935948
648733437
555702232
319495865
812469587
934102457
434286896
852614126
651580580
315232868
280201586
539329340
488459906
422083218
823413902
926612317
702736428
799639954
797275364
386990869
295585254
73985733
694760143
355779213
680395074
487628754
517092196
613476695
66882421
660103256
356258182
116268306
101305113
209228415
415320788
701750624
887577868
717344047
689230583
561151636
384476197
178256775
669137611
399954226
345625738
653956388
496453362
78451801
534531023
763691470
848684988
536835470
983989039
988369620
259773404
86523593
69267224
606981004
7676715
282257225
36930763
751703121
181518991
240775567
447676563
883341813
861585997
428130343
511262143
256862767
782556260
291611414
655669843
796637212
447759212
381465844
637438788
684368040
528073886
858352108
126370562
500075127
177269312
934624393
421573784
45474751
215098582
692940511
63982807
663572743
325723014
993142512
283036707
341517767
134399724
38740428
946010866
133054810
612974305
606829176
931737523
779968192
196692805
379984189
764578237
46901271
637602346
6613057
947170416
362505468
188889019
591147877
653457636
988268331
815995504
459420150
960586807
344192605
264492543
308413083
215528775
455516022
817826571
11016964
190930632
933788514
535806494
909106010
84539512
919868113
274818185
502027845
954005989
578342865
176454652
618018317
5679601
176743531
468626494
36298553
861677432
11790365
188248934
199571105
651932040
952882012
940380805
841166833
464485091
478140360
796025934
644655278
680874596
155818540
103267183
454595736
649214945
682050416
841230814
237023120
723027519
836336392
618293909
747239976
903482261
924871616
447282821
757433180
1572959
946808447
411147428
224404639
338442415
135622965
81959473
709959311
436063809
939615643
100086015
326286467
675751369
983008890
128912312
685173999
566451431
430907981
594921154
625567036
206998402
750587231
125074034
971221321
268349873
151078551
955528607
460971276
774555750
806657779
129089640
912157230
191146776
9766081
210587430
32328439
271956221
877586991
653294444
518866440
490639022
485067193
327392002
132254769
808879017
160150130
168446968
677643531
643587740
777748352
396007982
405366420
691756343
768130493
258265536
539372245
632621682
943714844
234879719
617290553
821373034
557434931
410208289
638279962
389180725
415096698
14400825
506418093
957489572
803432380
186523110
974299067
876790721
517381588
585324453
871854282
342907173
283199690
969783031
421867484
442843382
494100590
416227682
24124256
343308626
125044060
857246406
710800415
314310876
925549599
401671455
927411706
533131178
595712054
109395240
220440899
128117368
507421668
362892696
730065244
156713625
343823212
514398260
712944954
748786330
357427376
956141375
311801442
681586642
932509724
893010024
258664229
347908595
266246011
538322481
810286340
971246253
215327127
189242104
140103126
216965759
942592768
966334181
510189192
278929994
947825576
556344774
198072747
218604213
30393568
274210463
733950137
436325531
715514863
507139987
251882498
950285434
515985263
91010966
210710975
260177612
95735838
415952020
345889243
326684716
463671153
223356826
163508233
253119280
771501092
56839629
892624453
420263891
365272792
927575670
671437434
798749325
412279537
872571340
783448997
223835590
915338084
68190138
798178490
814146636
906365257
472410421
763879384
614576342
179411117
817374421
641329823
529578273
321498366
980574894
15759529
306818074
896288091
783491420
94568050
922354459
6550111
972137011
594040511
407665008
942793586
840412693
789248864
789394932
94910446
221412240
766521662
584490200
537593003
26999998
535020832
998855267
477325287
474936166
366673035
525122160
795425352
854523314
502502469
914700828
647763235
655290127
568150447
999456928
910257182
358848103
740465908
919281980
559203741
187774205
34025871
481620814
733974193
697839424
797403200
285395653
815905908
499743180
593435069
906635181
714628185
653113534
883600721
287707554
567671699
266580593
588489241
327576481
13000056
272851166
556706821
306329053
269565729
853396131
703892373
71500085
310116228
242242369
788620848
830095195
644926520
905287240
139816603
866810685
379043933
106332115
970802593
419629940
558786237
609492799
30245466
985240053
656849667
87354790
398906676
591242251
798459139
183387805
706173136
672492968
478399691
718774555
989581498
676770933
591934038
304578578
868912123
659819313
968861723
311408353
133351433
959938282
954944035
140046720
288049611
99384812
60454923
658098490
345962748
993402160
728803139
591112219
994464551
587408463
549782369
889757843
45667553
915797176
64342365
378487212
39055736
556537550
41565688
335801418
628913795
291779693
942275724
952627174
233193005
338102942
304350746
103846769
34564589
195157061
30325564
560753959
943022124
479059960
971837835
747260433
664315143
781884444
713425874
921525630
259279494
278145522
245819561
827963260
198544728
397632743
381482897
195123163
507799528
645401647
264576066
825857198
318419596
751578027
85611645
323517801
130560072
610955461
167603034
88100954
542898747
134014915
347655725
728590741
153048558
4998382
53883827
239124616
142464303
955264275
397472659
690724636
407139994
980217982
109356857
115684132
809462571
44061110
828487680
439028326
246482440
303324596
581895083
993207261
544079211
236042334
521802903
703300121
752247279
705248810
123433259
216293905
119554507
378106049
393265874
428384300
530039777
159732970
556249809
8553862
854218129
405073755
428316028
234167660
284060068
816208308
374143676
312385137
238369728
933781733
591421152
88606498
502052668
987349096
463428263
153563534
439978096
762492554
999907781
923370884
68676549
307974462
228216500
815972559
569001404
565242063
219249502
116198401
878617834
678918592
84357767
920604230
875811139
153013940
317355420
327768523
224445948
744353296
790308972
58632347
534111066
933439884
93772003
422487287
719226663
674214308
595568882
236729281
775495243
442931002
236198286
638388841
40368751
878349654
119734630
425304671
131047303
529540086
810145181
216256495
472622641
644758991
150370460
587443347
551435590
268351334
164474548
527084779
341080298
669734913
954057355
343319017
444499466
694420850
179190512
18911537
345695887
66369231
8556635
586989863
784831758
713500979
272113452
570413077
239209719
302373077
531764609
467515185
186264352
409085445
841284624
560776845
603523194
649930057
218722711
873641128
50069510
177060524
829492588
544620306
126247957
395251072
138525720
444013627
530544420
98727166
654812922
711669281
597997855
87241361
492192015
269079035
871267431
51666595
599798746
761976751
972969337
75895544
239140927
169017767
336372812
531122191
189786391
669544452
142949953
895216291
416305141
890425207
509466460
496297863
726455394
406159688
509893340
219318210
197054328
255363348
362200536
543840356
430342297
231840527
122606079
883540284
303945745
219198337
692362160
983267190
20000434
535427538
623170947
907801682
795046324
953786019
731523713
328992435
647069403
171699926
334368084
386994116
160269659
503846210
40186888
402356085
403824450
687567625
449391032
832591957
638027368
713569790
235721397
640079293
918109098
960231538
286686993
10468450
608165860
721836738
339039921
780558467
891721514
640393092
622957275
708035127
84496095
896398890
894274707
528849940
920444020
599301475
169697460
44967464
113318136
931430789
335755902
730671787
406090852
961770874
587217711
776625150
609667308
762886908
291187396
54077534
87110221
241471737
203680519
713435625
982966679
563471668
712536190
216135499
527775524
815842213
411468459
329001053
859776355
635532840
110282410
135914098
428326543
657153040
667497479
215373106
234033417
236120438
213772664
365105887
270232389
371136184
629002314
284828445
195188380
292154875
359666037
443045261
27337073
815853862
661103641
760881558
550490044
877166622
720185935
304040727
374801760
808556207
35489994
374487052
826998077
791234565
671712318
531200749
23278207
469161164
539522553
661444279
242989566
668781428
85905690
529477776
617329825
211321450
460068355
737625604
622795782
49434499
696020363
959140746
433067743
960482199
995303543
300193206
205318912
517473869
884815849
799331537
560726283
733310802
252980032
608313826
45732136
121519916
144821045
996265519
312920593
847471179
683403559
784332713
720290989
310880837
55043374
476534569
342895437
146442764
726222478
750362678
952895899
192615468
531196546
424849049
964714964
945264365
4936008
982219026
494777996
977863233
472038248
826078055
625594831
767123087
627098818
249590100
891105395
278646699
573314613
200041688
647967698
533056475
631787421
461057928
447447416
367901249
311016883
411675602
829967749
281414146
324945745
594411174
297905810
244003414
332971752
67627746
451010933
961570887
341459199
464894375
408063213
797775804
113115672
499702702
996931024
11203211
695051837
988017135
370348717
793649702
447621594
413075215
324378261
661952005
314237921
190750118
922440223
804381957
476475646
175018217
496592584
991719092
86597836
257981821
713903476
583475569
5663696
630305398
350122163
591960378
110359087
994378003
745297358
648919175
286425388
393233369
773229722
350983601
420039791
246822217
666803567
775773987
991775769
335440809
203217552
791055635
926792968
36557199
432211317
616975448
378275727
176905167
947522638
972558854
688921082
782830377
904262708
752553931
510425029
992005269
75098953
957496158
587809119
175273201
890424248
832054903
635371381
384025953
281851246
764728182
218330665
870877307
104117370
792350951
114247179
538715362
972996305
302238654
806333889
397080724
871821782
693095603
76762989
663486224
323729851
198402458
969053294
410800972
801283288
168129395
953869692
856699681
864106688
256686958
447538721
875278132
79276884
966747170
379705723
69883498
962533254
832567829
854638767
142937884
108261341
945217630
642397814
591578114
478952309
80192471
125719229
401572409
245677915
900792429
83805600
15906624
325236317
90033590
623480767
337364522
857209565
290302203
927958237
844407199
35214668
951444306
760590357
890697545
536721231
852440417
376562191
734824500
164441902
354693227
15931052
804069354
153944562
554408113
340098935
607765370
420437167
271659305
58087856
760733768
27708537
620573330
481709094
838078095
336530680
913759273
283734359
293364007
888827399
464619893
127667295
432245265
164468009
519166776
88570951
18790509
568845130
392545980
255213266
962763455
473492768
858673108
562666765
832714709
865065357
845640183
890420984
553456689
996021159
257328495
865865596
43872991
464415742
722751171
603094685
504870444
605041622
302506359
693953921
564253673
757177765
53093575
303703254
397423399
254870630
365741350
404772870
181700414
10321297
286290683
163838698
596013684
441099365
184438303
82033649
507461198
541272771
413703251
884882687
520162794
533913775
973141057
763393799
30040315
156225552
674540101
122606704
687974750
828384624
414239580
961511000
259147659
841535939
605304806
781064443
674106076
538761258
939147066
355551809
311881652
462766419
172783442
538936263
100109275
161817605
548757107
118235907
183305409
299813580
71210561
993783267
567319430
189004928
383251538
205180843
108251242
682599150
523878887
377072561
518881549
37555303
841149366
242440934
315183531
737971810
515946912
47224628
890600510
285448907
667970998
881484593
464165898
554153649
820899722
739891756
278101002
907820278
173679498
431879788
418630236
582441684
301074174
777912557
682878794
235457092
300707292
451780399
516545293
47812701
7911897
394700053
270121759
418134312
198970603
38810684
384233253
145048248
639430815
503772781
299696335
437910215
213785184
757529457
111131299
655521701
434063049
371421510
295805376
802867629
485434083
479109823
365576579
252665753
197508998
322766263
170725207
183381253
228776217
532362783
54874426
437374615
902376136
365556236
676539981
447959307
65584682
77181371
191454157
235487756
347761621
434573372
1117581
138700573
379178717
595837563
154405486
235712101
466325516
476920211
919895226
161009752
740709705
499244608
629753430
533962106
87596274
713753915
600873360
73119331
565750595
359501124
35746581
972110919
841629424
728408668
823116713
37982526
444008995
212940733
369064918
319302212
596067635
12716309
107928940
575737983
743948580
319343236
785317542
672471017
562871353
888519906
727020499
441648087
455841371
941778632
285755632
934552523
341899011
687657894
740327371
47480337
730994419
275780991
120628419
371691033
383314920
143951104
738246163
161056965
618639518
593207651
401373260
834411970
711141366
105001094
602771200
595949945
250708279
162034190
385862998
982519449
970485027
610855693
591690292
599990222
455570277
798098989
802955352
146112510
512825224
33472373
113218477
423940730
120197984
169965836
499694955
590019271
146446721
296200177
544075089
244154154
98610566
29147805
115815839
815692579
122398934
646783276
250573762
630896029
249530780
117411611
206688987
952402466
539859811
977471615
475286818
132223929
427635180
725336160
119483664
421584144
438458992
641388123
476290305
696166278
129464211
761613505
962936544
137668410
148195096
617256324
20042962
573361743
988442612
50908134
87860009
596317752
535453821
736627868
964155245
978772738
486166813
515729193
621187729
387026211
961495609
809710828
727740402
956621424
116331493
356539357
951720628
458632131
115816624
999374828
98015726
8067599
421006427
803905265
845263539
457886057
33444852
9110326
821741754
92421964
752754388
283425801
99456098
873761641
113547509
122973390
772781299
303428695
268898982
505829472
66053090
656511283
641505956
795855801
525233736
810168637
577814509
580344044
681784655
286432499
528034897
540619510
8112906
570335771
668009516
406134820
197927091
296732520
200472292
90548139
864054703
377466538
325413873
824010290
212433462
105770449
162541622
467714916
888332223
750629388
693406952
16557725
807228275
20885325
413756809
428782561
561669188
655442885
639746682
486089471
402763944
134859898
282457368
230741372
288074252
895214882
906105016
582863840
541679341
572072003
1159399
660157198
450053005
940825171
992998273
598936600
334447158
45723874
763260446
418705960
360984415
710516848
914417992
843619456
380435293
517306466
876285291
884564436
539309284
788807425
846834920
447458948
520667057
413052577
830552168
425165494
420978877
241510399
953012408
478148361
162667877
208301371
218552065
577038401
797140339
412670965
11340871
451919725
406405206
897297009
178020312
178189321
75919763
442711936
979542393
546085987
949163167
222564952
43065648
269600001
444784834
213285097
739755925
805338277
506429645
10382050
433797103
945424681
313469963
66919753
7290183
576996238
769004169
680274278
247952862
593394044
958247031
378654541
709129350
514096180
103977930
368260235
972400979
267096605
154045210
389737800
805954706
133665741
718312790
588683262
150482804
867131995
912356129
548971694
636319360
98708530
915803946
320470764
740754696
606635201
96906929
413273358
425072434
772905321
339952927
447838076
228586694
211971572
439357012
662082063
621342413
456436668
54485980
141442427
906293129
120262876
347661904
345446329
232114449
984313311
663784297
455328049
864563108
605434192
386912973
36659749
803651408
59666361
188727401
902271763
344920142
549223057
42475816
357173310
510431526
302871662
867168846
87880460
49357936
814931910
410246173
876222480
857100286
407842272
123620353
923311120
708824447
973808827
539043718
663687665
739447301
127161818
23046830
131753211
278316258
99562745
584436538
332253790
78393828
488048049
706761364
910841291
585565050
162603804
379785763
577803439
319384466
12224721
474674157
526170341
864147881
323843246
329746448
224452450
808323638
288794471
744783890
536582972
779865938
255873620
864070598
884849882
769787101
564086091
501345746
695811897
206960427
865394368
748809513
872530997
734328331
630732755
141570183
777983511
954443052
720688534
916236808
326951939
19636262
170028901
333868130
156010980
993242918
250983781
326983173
538823384
142681720
635629929
620727302
210428885
384986581
212413311
368084761
876647421
794252389
599820864
58966654
63414857
15130557
618952392
43589349
523437163
177579963
884108929
592333635
291322647
819688872
181306044
611147372
793716382
622901926
139635373
657110449
541289990
25691400
701124791
487838509
76026387
222895214
327215857
668388583
622606147
240098553
347490692
56089377
961662337
597518979
50288521
844325702
393509748
4750398
355233231
406369299
502560860
430149430
173497995
233359293
507559532
18069355
210788906
682948219
271716988
871451061
860799730
963003073
822343715
159408192
607145586
938847902
183214507
493960761
232315457
638959848
65582106
117554000
370639384
538320879
428904255
973706132
64799057
440768307
875746019
391070731
1784081
97636214
639319721
85191006
834450881
983918941
989017312
349511051
790607299
275333597
368958572
427140434
128899164
307484784
92424685
509834696
25759903
376223071
182232436
802712031
716780574
247186705
608115816
647075663
86770047
836346059
615016551
394306122
458054377
316463006
32499063
514333787
174312313
568480465
140882881
359531476
410443832
125781416
79584016
661876338
606967032
706943412
837657146
707712966
639444857
333454673
179712874
621232656
81129998
346706564
90975549
450429933
660198345
631588280
447492221
310531738
458859930
247839371
169921066
460881239
670971501
392906113
457518066
579299673
556780402
604359619
977784265
845485464
895091862
293082373
120440089
806398166
636559131
474073775
515303738
56766116
117497998
756836306
997554560
479755347
648590394
538887322
977355402
890931565
72407746
677209190
863164056
509882109
802060617
262769460
926221991
405882192
168264022
836026956
555455402
524767602
957365668
909814049
257490280
200594133
407439248
433605924
674235263
430326710
48942166
103428662
807673648
67751165
120041609
132795721
931206104
661203554
14531235
576048024
661775593
622404827
547103581
891407524
472174848
279508584
540042058
711235064
618324224
634543425
463838221
691287425
955931865
854301079
105704962
962457329
599798897
479530637
206887688
359657312
949022094
851640692
80748224
156816299
513406348
849625596
848995812
148532168
699051317
424259608
380457064
95174133
668969078
882295314
220256324
960240054
101080110
32469034
877539351
637013903
196154939
823241744
790449222
123316276
607117700
213225078
601686216
407506201
956197829
460900412
274886935
844421092
958153920
325261983
171068878
71073987
376127324
681800950
269016397
829720627
831714835
803659912
200853580
547421996
909745796
537596483
852057187
176648699
409820476
761551772
888853214
122210697
277960719
251664309
880292667
275764578
815607118
255996339
422070019
98849065
304433092
333890671
317541285
767802651
959457575
643665630
735309188
127143640
541111787
855501234
294211841
69631129
462893160
878623793
44382566
385263562
984553181
783153927
467885597
209374504
242715553
873875189
40934581
570524146
859457541
354468295
155241182
170557305
844902971
955248037
436025412
952976956
368214383
578160918
618486789
66943912
527185843
780703481
331234384
392754274
867814033
172262527
696019577
575767640
457329614
117215404
777382063
560115181
594516459
984467199
88868203
693903082
680430621
149294826
824262685
130185610
209220262
931501104
260576921
74903505
320328449
93246814
651866935
12934945
900427309
672382247
947233326
924688177
362042408
701417879
578162366
729401389
293319443
195223816
212879364
685364924
408226737
234544685
32236557
468240066
890744691
708126010
190179368
355043640
26105257
669801782
311817018
907133413
491634873
829398424
107144545
55271373
771159278
270978577
137571341
226231797
554839649
231931076
299365504
725608027
698866775
518075104
522279809
97328733
27276627
386799068
316330073
898500985
195684595
281791534
196131163
340088804
277143540
355006205
603527744
776774877
185331457
684685056
749677546
114003923
289902165
564797699
672787545
153634249
804373158
411551988
719604905
646785827
676503779
367442262
823002387
32544170
554127986
441057243
296507601
176186332
654001706
161660601
910735351
436236535
935021028
17773531
222867241
562319816
845370664
172955757
905188822
697214852
583041926
130349652
387787363
91758424
241198632
467644643
684351537
107211050
422547952
366184445
742647601
424612748
883788285
82621398
34130451
79341872
20977106
298661611
917130307
363022597
59955855
319297730
173297507
18205585
3785476
930975065
795783728
322610245
496607921
891805730
762473803
284623949
425224241
218583602
131335254
414821302
22992725
12846088
460336347
108635809
869038199
387953403
620761621
803185569
903295963
578497288
687565747
327455946
842243197
715973616
443571002
417460261
979674087
702003111
458142972
498627715
997397365
4141272
887144167
589108170
820445742
619098089
488520911
519425538
571234293
142442091
870575962
374990709
947354160
305912595
192408780
430674185
746779690
22409370
973569294
746620498
348678501
999832489
522211905
282342900
376751839
442000955
378695790
330520408
377116824
565887919
341234696
933389955
359801501
418157377
632950057
107368135
161118486
786877290
216625075
7596702
959369920
125157921
836823706
180280556
384581323
733665165
432790572
10376460
127404470
416542983
867023042
673797951
647009703
162666318
205918694
515284017
434537459
106335695
31539758
675060519
912893134
782819944
833921178
753814118
865959653
742072740
359546050
286236578
335798384
12355103
522338354
607988017
293033086
163632595
550805656
885194250
407276928
473308764
937063396
298568085
682479978
129630682
902989171
937848527
929648865
751394711
96340504
118380754
655738469
536424768
676972121
88025493
283693880
841042280
611497587
15846395
551299341
969828049
733755986
40720750
556401614
786148318
207451275
857717041
896935588
71697434
157685980
383079834
351495804
106940534
533339133
94993147
825990987
363771601
693755186
316607698
122253184
22223678
32974383
963419505
963882620
758073757
405382185
292194319
972713113
14042288
324597271
905599971
867519918
233370040
586957567
893948003
21033524
171006031
709611109
913392691
662674001
899316144
339468135
580273290
444428707
315190322
917172853
420259444
141282761
767159952
293609625
502502852
176538632
543234908
669126916
537209204
859161144
997315402
328583939
607427147
621723069
605050389
95082714
995648336
801209023
106627854
105868755
728784981
473907472
241399243
846330150
539596826
868900849
765545734
969555822
548555651
529384006
80472859
122076591
885061717
709828646
858537467
376601161
310243665
714462960
240653393
706677372
806088050
654586397
227127452
561736863
717877055
66156637
196292729
84487865
693370932
149843747
350910514
264490934
552424601
188994858
365930218
829825944
162925489
359365771
972551168
241953680
835610847
890401188
961848190
886409482
322314523
405954168
471879811
922456659
774855067
782604149
893078143
696245373
740438078
567928721
546941851
155784890
986647048
912520873
473738981
58719896
746200218
703481888
438958211
166104422
720573273
670893665
969834781
475713028
212641153
740784422
135636147
211521972
845438438
473109935
724984892
89239992
980836883
848170841
180084805
278865126
66863806
927993755
208608631
618741268
255948293
150280071
605801794
852896618
823665487
564561762
34234770
632502344
611351478
260667436
57377223
808779414
902291162
496682790
178957817
273049579
732250852
699135022
411698675
21062943
20122881
169762485
593402162
220461016
985793228
348535527
687384892
393402594
368779150
826846393
898024027
543779038
625224920
242152709
805949811
575379749
662103667
227895071
715286471
488503444
614903722
875248947
332607780
243602805
590229906
987011619
423351169
463927942
480902804
122905346
320581563
538309128
29268248
281322805
690405647
484818412
463518749
498909789
639644825
617939611
812074997
377315496
160836783
689626466
474095843
981908474
735094393
226658965
710000060
253063154
305073911
775980537
170733407
533743147
223335246
239793510
951503982
885650168
716841556
670055590
72222515
621131013
949995280
572853262
544570208
50842042
477660965
89597834
673493803
744036367
538269487
515024212
310877581
463694232
505767316
876291199
173329501
613128747
949253104
362225796
990812542
227955922
693972440
876259782
730548712
476990839
801245270
194204485
588750706
257394323
269166769
255303686
480153562
280083292
38749666
990190744
391633872
449649112
795590155
124786766
424297949
869785874
177194221
322397223
596639838
75907352
593206289
578871556
964938130
270948646
959960036
269235466
261423722
26424104
265746895
421899512
228895268
765045391
356413547
95097653
251076663
445156706
306044472
474664105
166585761
303270371
152075947
477291449
912161226
605527446
411461603
869855527
313225769
859547436
703695966
181339838
448608325
37642459
216180128
461592023
40668504
469229885
182739864
232296616
426625119
373945790
860941813
292275211
290661597
350825597
519225117
640165197
174835622
776724979
796749387
888522676
264331650
32888122
244461654
148556734
814519822
904519386
475133311
285269331
129693441
979795021
329335379
925170872
316517253
647663155
801623702
505143069
381212447
76742652
484526021
423309091
308469877
733014854
409917513
209552609
826977916
940572296
905027562
917149638
128500229
381090260
800402454
448689018
504501772
208793575
62048395
355050765
987770863
130840806
850891942
455039892
746304170
669876860
765692917
90288831
473048309
191912670
390151340
604202669
766873594
375607484
315491044
482699975
554733737
35549910
294470655
714795447
954572827
728862213
842442771
693309203
223741624
205284857
913230630
340315642
76900054
61997653
27344452
584781672
193725964
4623975
718519190
876391207
458130784
443427200
63901618
533364805
849686280
147830614
943807755
943290961
985890211
631284912
507147388
355340370
897932807
322231160
1345211
387639594
302341811
332630388
937018013
712000922
338794174
946537261
194347432
506941963
254224003
240491895
193423959
488648069
815780688
195563585
560872044
787553925
65642634
795013320
668679359
253912313
7195901
970836209
185786431
342997904
149078592
211475187
367551463
731333640
946288787
780888132
406174549
411877550
803641589
54047310
288671254
71657356
69245234
88557833
586749568
745109073
695455069
857619980
84342649
635729031
689717967
767059578
339633164
91703620
130820671
152253600
873656415
102757882
881332800
586613149
731878643
27407963
969731546
500738398
854752353
816239476
648624071
257873791
477131395
286272807
869309609
201954325
113512125
465176657
114884202
534444863
596444880
822871823
728889077
62954361
228088249
898171872
104830136
702535724
163368056
836264752
71231965
973637400
145992434
102729868
56115896
495271656
656530819
740706327
290164673
764811569
92515908
203967301
189002005
817467728
578484010
63664402
223247883
385240074
730444803
698361766
274773144
801744109
85311917
555395532
911728004
83336214
372812277
74301060
553195194
730446965
267941805
416779778
138104244
775454421
560250854
222438238
456538071
666402386
288529240
535687024
575738249
371791329
522989281
206823904
951171551
835088881
137722174
712202514
582244088
693435494
903765440
264430971
58462801
477887537
613864161
140873188
858060679
421692920
869852083
945965549
282339321
105446656
66234700
144659424
187424033
935666308
375459060
204184897
60996309
396015658
394242585
310429500
110545541
227637545
237471737
302963116
603492552
514550900
548217135
920438525
564441917
169616197
909926699
747750821
845085626
893187851
419089014
798042265
669133291
694325302
182140503
874779709
519089743
81786627
615032936
369698991
894047712
117277092
434796666
577054703
459743368
80828163
921849780
542674434
951279046
549284547
626823831
265828616
179228973
560193300
460565860
504544221
986260180
459063285
316417643
778275618
730064136
23999248
721070636
52654236
256097545
917643101
615942724
473035519
816810809
853577876
960929116
311906521
814937642
567562581
546298223
528159264
89441342
806497553
331705589
90229461
903081865
95465409
268664254
635014318
842392072
635965307
752260048
804162240
581238601
303591057
730043256
445404343
714362007
329496018
58190840
123290080
25462137
21936096
232502310
427811930
547173281
868913979
224032870
27687029
785660484
487769539
73698117
366030542
660548193
959909242
465908823
243132053
236100874
171806721
973802585
874784621
736972210
471025043
196493076
151362548
487438409
764516244
695187022
221906745
526445395
394120295
734828125
626535663
438029921
62495255
829048331
149369237
796117824
76361407
701120433
397021734
576192009
821919209
660659604
183732827
136311166
31511968
792030396
860565493
320230274
563356431
178425520
508655431
412839514
406375575
495074877
3592294
49522645
327810855
71894780
211834423
990925201
192624373
556323647
615841792
536426718
670022573
214256240
249950414
157735203
926612933
329436312
808813279
115491653
776443716
145295099
504575679
49186584
29258341
194150141
104653705
482045102
179271954
640298186
909161821
157396903
978594661
886052725
372427263
494357200
460780067
507123021
617380931
712998380
465425064
282779945
435945920
782975115
102068516
912134904
634636180
634555793
28527812
820164742
896002937
324655895
265212766
72695609
473331882
164327575
475853717
998550031
597708505
477407706
580439843
983470783
858407867
644451792
567421692
120241638
250571188
607643008
553116367
758940275
590954669
442175479
814835202
608311381
99634045
398807120
680379694
763508451
864545979
747858369
27059552
592327063
130532469
650871625
487522318
507373079
346929686
615391330
40743187
595758100
238259770
616623946
399675142
921101680
674527810
912476668
418885495
9853625
14063140
30556808
94747873
891179042
896133562
443695848
996600526
525503874
100522058
181069608
407707651
304436281
36156731
630142065
825382982
571968188
744011937
682136885
385792243
565269303
168542685
449415560
41189342
689966274
564384657
657197853
529600474
787365330
710327540
420239592
548282356
864575779
831936675
14699258
165488206
336102772
616313362
814150868
515013419
708890910
31436139
700742373
503442121
672322981
507999716
218782530
665394130
34728835
95676678
174595724
180594255
378151376
935130382
159951748
474610512
683605369
631155030
115447814
608860067
461560703
194057414
963146854
545286583
381779336
764533607
972776259
668343797
242666434
97206312
594148335
758367845
487478770
761893938
656782723
508909153
664868552
883208419
931786531
208247087
502947282
234151915
333291324
214835595
192033446
808283783
2925717
151095172
516749851
804283672
407279229
914743503
777189585
134590517
430787174
531494549
839540041
666170004
782365792
739958918
314477323
250129940
831296010
285290014
495844113
85897852
366899162
731484171
864880958
282938888
81612885
710216144
365733699
593247398
315388869
500503414
112029502
782850623
877058887
825573876
190607789
725530130
699513562
83355669
952444458
607796653
936417461
452846139
509826228
939427629
800933146
514395440
181450405
256587102
979703145
922752463
696885969
89800410
959579159
950855130
697348350
253812291
554273082
833316676
963606723
652249115
423988366
348286301
962311120
268964351
315746710
573120977
450324731
418336270
301046513
243395579
570864007
192194866
399137053
77596533
80001057
512241856
63987573
265672833
809279445
866432363
707077249
404170151
808591210
498729793
189060370
430177641
597808969
739581461
603427572
62658904
547175545
83298622
343163644
27111345
916049766
722567580
723159497
493112897
552241858
241979815
124182304
557496414
8461226
6604855
315001112
271342998
696585993
304646948
855111301
965459189
486714786
358881332
738749507
798604245
950110385
589917771
264572474
874761242
715339628
493739729
452314363
241492266
874117871
478378086
744002054
635021921
520291776
351490889
87053507
474129338
937172136
360577466
971428475
308430245
511087320
671747134
254260459
836594289
654720434
539653460
658363598
783899841
539537491
417297381
842139332
810634296
285018779
216292168
433572841
145725568
647017828
402553211
846123317
593968260
310203908
435888089
151958401
298071334
624848256
315626058
301999321
464642982
732631673
38942689
592501676
547860427
460236685
437242351
804312326
913303908
162744676
448193769
658366805
321151523
610017466
183754304
648899777
266729625
927822648
194679310
56277395
894134948
97017710
306071407
293201541
328668707
482763689
540826078
3592582
291496566
211756531
663892185
572991838
232589415
681912799
988604563
821382941
33373625
876723799
517889980
278562458
856696832
318856364
179932506
130102164
362416808
906642135
329802020
194546268
745697943
656799178
56966959
437724841
667291972
174172392
992925372
507004544
178972357
170563040
739823106
638466280
894644214
306434780
881019016
808548743
608274631
69270051
722579837
3314287
829072794
547656478
871961702
512708105
647242179
896104769
460362582
291016937
807805467
789770369
991985065
600135326
336555909
824189759
139786047
334328956
616183662
308833314
644085503
841057274
762761107
117099904
683535035
862592645
628650451
520869925
3039650
235867314
20402077
705588948
717665409
628539928
239190057
536040696
584449490
266699672
633248599
452881649
616159032
145888792
697637789
89883922
153363672
851215575
648583723
860686844
161535174
76967884
894014399
886941904
943776835
279472516
624612575
177874403
971718669
699405850
20205725
505860765
631091060
412464980
9258993
20012544
695466882
443425465
238950861
409175337
868274979
524545076
754293986
899992908
410897743
512283106
732374207
867045610
926664584
567428596
134670938
981181746
355800741
927150627
825616153
215919832
91779391
181510543
811002917
93365203
623770237
913481113
578966926
109779742
653328845
944159007
395386168
649104934
227797738
376450055
222002666
838932263
835778474
505837026
866179086
843892436
970349904
805930590
459715330
456211640
964408412
154056586
397275214
652868287
407873921
818518761
851321561
304326455
603360126
370780610
665660271
12904953
582176466
70521389
500865896
883642019
905628474
631661930
267703699
996033215
982379029
407013464
370360674
946947572
154090928
431838106
975082266
308247201
76927908
198447527
578020262
568818140
243778717
707310851
410980069
628192813
31340274
594959220
836334737
766187937
51621700
613871303
466809375
469918128
681266891
791972603
513088604
690566114
5029170
162280311
943860892
168739654
793677591
532165501
127030240
230131665
394547281
279759037
101801881
442207714
65945047
564753464
458920119
801210502
274477300
735298634
458665832
982176845
630021350
204743863
762742088
805777457
989095423
90214607
824140897
381123278
446620251
24861123
255015354
633164011
752380153
734380857
805533924
969146169
290088607
978823966
326266701
304312067
27730395
833435256
822428375
148942963
998331015
811577082
811269504
676253967
176241305
514595972
898277637
739949598
835835183
941664874
76484305
845183644
146605979
652477532
397601722
930153991
673863134
380767905
636993926
73311466
845283260
509948847
899711598
728237773
183325501
717109882
437915316
926205686
771727991
683232753
646048674
972637018
704174571
281023643
428773348
574444556
362515369
800261923
410001779
85218870
408609801
839842055
170115164
637132022
549026632
23055868
649869333
978764518
452075403
602576190
498384556
255453681
253943882
422366143
340264690
874368666
465219881
144134110
39873590
154915874
107871366
895244459
669260355
419684226
766014969
217458940
679544211
376459703
194368476
441264048
651735039
962369837
383494964
539148292
269066426
880431067
748922565
332247687
737343236
647641700
377809008
894918046
71756428
578588693
984971101
525230358
308966159
375721080
468950654
890644022
988267838
111739313
678261552
607488298
333812880
75153423
329583167
520841344
972149051
364042127
725800622
917536958
732865306
938633918
533139158
607377385
252270519
562806838
468868089
182544045
157686572
83538797
221444051
540978024
136716642
858756124
452270642
921611157
426988580
636604452
581840170
186271103
256078352
93493481
85922741
880992481
612372051
609988475
161392889
784638229
461040673
897475749
917256858
563028657
683393880
573229841
155270943
97381693
515709597
413924187
50117272
450318338
8644751
483232233
443918036
166556538
626407513
644438430
419171724
947213750
341481895
645434035
723786326
822044714
148607945
334279447
943846203
14146868
893326123
321994969
933036489
637057489
654089277
848147371
759448026
36788306
564030532
641474277
593959433
693936910
582055010
653959414
681267850
550292593
529982275
248564027
197478261
164661910
752268329
62015211
879283187
350406005
713604482
634859327
679901346
400344126
730296060
931411754
902350299
255647590
420774247
187496224
228392603
512384495
902284098
587155225
488960929
616079234
677928121
60771875
281714039
100640474
291608931
592748532
12455463
91959868
914477623
324267465
356101284
129465137
361894318
852718652
241400025
85198283
851218457
611725965
534847506
87205013
598203201
775608563
414154363
846062749
192409380
733977678
375703243
972014525
790985123
808394554
788954507
707613478
800127999
670315407
130586100
113910389
792518460
628969936
206388568
533759796
73313760
378836791
610963915
440293324
302822971
859642405
897552870
68994855
849851239
390601684
921638193
557453963
99366005
565049088
576165140
138231488
966205226
124466440
393521987
276067121
895412802
332142664
898275777
805722089
951656178
525230334
25100858
922119129
364171960
429085205
505994999
446859839
354802806
509288052
528058396
547384887
827673642
966453189
593458784
711831982
248450265
215416535
1761875
360809216
853380041
680807771
348072536
959404451
27146937
610373905
366544238
197935461
927711505
171154722
913077136
591427275
825642300
853811316
604870703
663556989
777120268
918165837
287502332
57487845
761425939
545030742
764715669
706348720
148683792
539996555
92142156
919966401
946401093
765786312
953734216
413654671
469706565
649927943
249776434
957799217
701848555
61076554
265755328
350193601
192671117
883146474
78138232
962540233
735431031
884207974
975998325
148272697
871840470
942304827
515452847
244614107
600110609
992000379
383279385
533476441
628149701
559010251
923853164
596839623
814161267
340816847
168453323
189440169
488046843
320120858
861091570
843937773
469004057
393760846
212269325
970865856
94255038
724149794
758885686
183817636
505799641
388349774
356879893
863180352
711453670
19787667
849333563
284161251
128572832
898180826
717741622
235162821
944866872
155577822
575403436
591347796
331999477
19234040
331441270
674635935
346564741
268651520
93310400
977279959
262453325
870659405
304940131
110148211
763744304
789049301
850112606
76464654
926269777
337703734
401309845
209225247
645963941
250997453
213984321
519743442
879555714
999583009
53255226
237114005
623523499
642875353
92181653
379502639
747119778
903982176
318973434
281283539
373800168
465193204
132454804
536312873
350876609
779180992
295339638
432007106
35873404
116803184
123304096
942985167
579824184
23039659
462000805
671665617
803164526
615771880
203555275
333540229
445098553
805593419
110320646
443268833
861815366
336849646
161914789
723208776
726877109
491088176
617468765
998999714
253860865
6873309
450979547
610412763
131411485
186425569
396460054
68253821
423950568
735107699
680267689
274118660
845886034
931109186
579217640
172103568
448615747
976276577
210614157
944375418
329077914
444900089
994647857
994238918
474247409
800537091
866261487
512827066
703528252
296214567
67631831
661767448
990150770
532738229
6561574
954236831
264271170
254279793
224837745
829223930
910621097
785733548
828485404
639594927
856898083
276124337
914008811
218774731
178007644
620833493
280104161
815059817
593258765
867766743
578628377
677971016
421579289
522824292
464566850
656776095
736666456
126216039
5046900
421908313
664852174
781263167
595521366
640215174
763649286
58420293
30562601
328114753
869266345
555301614
922968645
233869932
268296117
418099944
918129618
640921000
823561734
210974133
751221786
266873095
80079353
158664294
578025084
394765919
666358351
295033155
908962981
684450733
607622975
903288284
640668598
434702629
398484224
249766858
973974430
317693905
665037469
810146558
836195919
623521827
704833627
706661348
708516063
404618262
71643213
404695045
233214791
392748597
551781038
12401664
709065765
3399657
145476093
249391684
763661329
343879527
162698075
986041464
613538381
811336252
981909929
205419945
89178410
269088694
122622242
858890816
251832556
19586756
662581904
568403642
109667875
242293981
185177122
96113086
640998963
292979635
995690910
127718583
864096860
8879840
325829285
707735052
219814961
480861717
488412340
865859344
103827603
146471100
653514537
801145336
296747114
649225068
642692688
181196157
663895393
126960610
495673761
593161825
321530250
842187824
702629598
214102256
708890872
292765693
445531097
844452673
869487210
734687476
350277433
19010634
822069652
428669620
668946277
739143461
24934407
426288562
499692776
434923888
678858034
878319886
458363685
660994502
292790529
226575679
85572133
176890784
748039088
871889600
12265253
139265195
58436864
287360888
357160725
711645071
548262959
99626479
382144892
48870077
659720451
680023496
664415673
554308148
422742283
466710618
131701329
233151069
39975660
470978636
329992560
56058886
166773510
257054327
81478964
87858387
665890133
734950522
465199693
819832209
70018904
831592227
879699691
993328149
874875836
227387158
689544914
172540144
199640601
114291189
873345305
795048912
253741831
735985967
526609682
124859441
9294090
24056735
795492626
145094885
857509873
895763123
667891818
909396867
548392424
264881535
581920404
692730276
964999224
379634893
521238602
179734268
248128904
139321966
604967188
645381129
995071128
961663525
742377237
835208009
483886418
747041145
426862078
648833212
386181314
93631458
155964483
634157565
410576910
363072532
366049234
830103561
853011468
872493169
636891604
595409657
711371707
845659644
483220957
288941492
297726267
719184366
766294283
226452298
336228011
665311608
531977309
476632096
655032869
106204650
90345128
465589104
572998638
579453760
521951069
989493793
578713478
573034582
827958876
553645162
166442002
476089998
685515791
392536037
650721770
884292421
37007325
766391364
368706774
68583742
930553838
337094052
982674892
211905349
139049572
100283444
548451174
573483310
932148518
854321783
377440960
7240953
120502941
460290965
10922430
68999256
215065293
536388890
392425646
623592455
46459610
502929014
427341767
252099284
579190531
809335831
295928069
845636465
277077255
499912580
345783348
796074793
321527706
807519737
600821927
378909028
733302275
348271237
361884980
721402776
743888066
680499692
616630024
523713530
854604494
352443614
819845803
230361344
436784416
519383101
355440617
755935693
183364615
502074041
156564486
327832044
650634248
851148609
958339483
64550145
423753080
57221005
536465241
404779456
286051224
898520694
247059579
630562713
60736837
656807193
393586465
579002435
225758622
102073793
637872917
228868742
522428270
825936355
957992090
217129211
748004952
998020551
862391943
408053917
852875665
284601653
510652366
92625517
796767140
805660768
601736603
161488038
582760195
215305119
412595067
814241149
173324665
398159754
733958636
32786455
620181724
136958210
207045877
369876090
422942039
949972014
293390029
849145287
969947445
367073226
986990225
643773602
379383340
889613195
446790025
353804144
419098288
881901595
952522619
812675751
193296329
962935138
318169063
669991289
614018012
108980832
282408641
947803943
743857078
928505968
413508115
718889915
595596555
933482402
815762141
296761199
531367965
449406997
645925918
312308937
298471468
702963257
125620207
153383531
746874317
813878044
831349794
295716813
8623191
514014546
912908730
955747151
288805481
690096902
317041283
88632465
238988950
299781844
840092381
850764352
614289843
14188342
365397715
352664735
425854829
55802924
307036904
758347182
286971683
897128503
760521611
965619760
55374445
656902919
528193514
200329004
19920881
173744663
206867502
671349189
774360527
666026629
357507164
477871075
896946931
757768981
973167167
524554881
131349460
537266028
963207915
900432217
649258940
663453746
984777238
299944345
462193168
17019490
363623982
40374705
628872286
160232014
496736071
512408668
151811406
746125398
177953743
431865200
229842522
673090036
393899979
240937097
954929675
377740109
952837311
430650735
440197574
820067009
259558463
101811309
911519027
820691709
712359119
390146411
79408895
565286604
425989583
920737495
847568519
50977784
481168217
153159557
139855277
844970858
650262205
983907485
262281830
74291931
378240602
796846630
567387831
993674229
989010753
836609334
460294209
556115173
284113952
123325724
400407280
878253385
99973490
405142923
461488803
926964684
942326054
939581305
839115251
620941927
108330062
319303415
992780614
606204790
949226667
301416310
950694092
123672551
238548462
714515100
206107692
473098153
411415797
670496557
283515566
923626114
853724080
243176868
996577023
857440373
771735887
222841101
553071783
304013714
748852347
198700385
108863822
430179995
285329309
540449607
499437734
505376473
362192414
344768685
336750367
405755405
91524233
685501378
681398764
619467697
934007034
187817714
938317888
330767557
574257212
874677758
635908002
206795421
835177136
377660437
289084698
218967370
773020050
511100041
520303073
130225894
359232305
74931836
356503893
816300793
101531897
391128121
809564395
134751598
979427912
159389911
203406134
662725091
501623867
429190268
838757441
835833320
808730192
892883532
103029064
190246950
124126065
829797107
501474886
339926543
434599518
580022961
955759481
49305070
463546595
271633614
899650000
183350945
376935029
715288813
362612009
847416129
496936268
82098268
190227292
432834458
377557904
846829442
600141203
950959627
23425131
473532183
936215533
943564000
14617343
273162292
679330507
617655504
435018138
573838770
29476109
591603306
774660768
771527810
453369597
821153711
286209164
455380303
46194737
79038259
647148923
871483852
514690313
117144748
372243931
818036496
334305194
653644684
580061473
573555662
316321738
467108907
629243514
378344120
793510888
941051335
335771377
227823073
347341109
313990153
891019766
353349982
724360130
789944791
788777860
444666957
617727644
318024790
244358610
148856276
514553999
669130368
80554719
254098499
14268192
103279596
750159198
421755434
930815827
846477618
432784422
899407126
995768605
350087862
231892337
816775670
867174921
447923239
742603233
680084119
820562979
700941636
113152730
44534453
262065025
895520145
322288878
163440418
987332067
577914313
30311866
485007428
689374107
820567452
280457982
612286677
643680941
733050910
182557938
905920245
316008976
523192823
415821507
503174338
203935113
799573007
139339347
650035521
352375888
372582137
650589356
629762117
567835477
180320087
528512866
740931543
541791744
51533308
554954225
144792616
713245131
598078359
745180991
3702984
87526995
125980902
859426460
156111972
720565163
122369451
51709037
849061089
147226496
139166604
603445300
825331307
817986592
725396424
465915866
17596145
477405457
285838269
452703319
166069903
137947933
126707786
133438115
359516707
995463992
437216401
22473795
851935025
729007538
891562839
255012744
974095107
663890637
703019234
500700762
699011765
919725005
448359965
846341857
631500245
984026122
659984572
744562967
88449948
857088599
979988471
805312825
40308194
952536509
313971652
458012689
419186719
995654150
749229646
525889724
158311348
711821851
178335957
912963375
881445336
714767639
692433784
230227641
685505629
822099646
455225462
425901822
649921933
189700137
775259205
842481931
194960951
135263375
982175731
24500940
945230506
665201270
838874644
23079416
877301807
145598816
91130924
492808504
769075930
720993460
827561796
995922071
611023635
940398620
81910430
181478604
881134522
848093245
195863428
427979659
83111383
241142948
576011684
360795489
379177433
948845940
833493982
508715806
978666180
75063318
21879798
747711132
86122261
155074123
542843111
275128851
593950743
84986508
692743736
907850343
487081625
974747967
963853151
667514808
590445598
595396639
924527315
177249103
335026421
451206924
14574375
796415284
566288530
474715854
719296293
265478862
698156852
117239461
216241503
403877376
769962223
350099501
597272487
138818291
559014058
618302711
403027566
151502409
12057261
763000158
51109912
292832510
919175892
716821727
391232746
563162019
188306752
56173423
7594068
748568617
556236023
56565017
748944216
635620459
472148001
350368583
210624278
946121659
674874225
748649047
797727368
848922189
603707119
377569687
263306813
782158802
158133864
235377368
445631120
945434675
587313104
485346154
620050412
696082503
112795940
213749974
775090996
563152308
273436583
46742613
979763618
146875045
684326954
585951768
861059040
994002658
600135593
74269641
289995187
948224342
256868862
356420279
7751100
640087785
573972545
886925054
57261186
571365981
68774339
787252252
573923698
608586973
976720046
609947194
492340636
587010157
142458663
209466050
749148701
584457023
655388106
286704595
791690947
159199506
122154561
966758208
14332388
996992006
821356773
176525755
673088444
368110021
468011147
40163576
503672885
28935098
208412005
922904310
271459449
966850763
854994919
360215551
38696348
431218302
333252023
18320548
21800766
21920535
733302520
958056561
526660857
232636683
828795972
169229845
113610750
470658472
783709784
972459564
66120230
494535576
957144232
920932934
84575644
247521268
270103862
189583137
361724178
224671119
773435002
304118566
302759806
585829697
19664301
538720926
138075529
208206626
613713340
516568995
322667771
305802509
834021776
689324643
288253628
883398719
45930860
422615003
37365822
550127091
979635224
189933231
416821146
31751543
40773980
985390735
372801420
923723449
300838200
895281156
570027622
60451747
753465525
526334509
662720549
96256655
700991171
644582249
899980197
642195524
907902038
602181649
877048368
727923413
25828545
929460060
845079904
234017886
862774591
466617520
307015238
873373220
268388405
754958338
899145660
92324791
750522068
186031694
21958864
193942144
176952533
83282548
887938687
184256201
860064486
744204931
398185140
746305412
763935080
616482538
966128691
546473906
977628417
48301683
185907474
944208137
998855565
933009738
145978932
45060350
179785857
924959267
455949872
474287025
783688456
155755090
189213230
443237041
231015808
580364035
906799196
171285205
539618868
864144769
457532432
20033609
251477802
273963577
421359681
986781007
515229215
944016341
371216130
161675771
330315410
865058239
934912855
125520476
225798
689510792
961753829
823614626
41741798
833530028
897294342
513544607
862475822
62413864
535005315
219132431
877086823
480307329
597712642
432787085
238072351
99347399
300017228
897503308
799654437
496071239
813324571
8113774
706304869
956330159
865691532
722969764
212780154
256496140
762261380
357354307
697305328
462485344
542321427
941562175
762830341
335490045
994173109
266818928
638202552
901960453
560194421
324089378
589074341
797093843
648309436
480961768
563047586
550497067
693575714
958473769
775797244
390482769
845918519
599954011
276460468
222550945
986459064
89404518
834152684
650286320
148374542
642370289
779357660
656483314
648660351
785619357
973473995
611932793
341500233
764626408
870519651
72940432
720226164
344292355
130808186
905401498
994588508
418874876
494053819
463391319
940942245
163955562
465321137
422381077
920569750
272639299
360410860
80879707
997580802
421104196
519630906
433197138
487403414
266918959
951505926
405158015
808440271
961405883
994617103
688034240
70706677
414169753
781049742
309988180
702711979
59892289
169627200
343434558
822271704
275772057
483188360
623570822
473853516
977129431
859653516
640894022
329988222
888008219
467201133
832881571
307961247
511650231
602358836
354323211
156487162
589022424
600643908
884348011
479446841
890619476
774763809
375624884
997153743
990054352
791066132
969176975
431338215
773694210
994337192
208666412
95093613
933354160
241136125
178275948
126705244
184720409
328422843
885497678
398992393
431610838
200506286
769924445
534288896
902021003
87347745
122899664
750374230
361694210
691363746
268382460
715752541
257337104
221465898
913591711
253289543
144478891
949897781
364767060
591187840
599350641
559696027
357364739
112941872
310143893
187012658
769977408
309525662
64462889
118250696
858074575
698952048
595666116
219479958
418714187
993849431
555976760
540664917
638612257
635910864
22217530
415490810
587810290
461418862
148695380
589477071
465709448
704190105
227869765
753711496
494821311
691841642
50481491
748599594
968167492
467320882
194531932
16320034
610554503
453213846
809772434
726197440
605227675
543856600
925238288
163865285
652293128
384509943
432076321
202960511
132770981
860490898
640749188
234121196
999419035
427225040
889979761
110803238
584067013
227507545
460099813
845406201
316747899
178627269
836496763
209921941
787083568
765819799
799294481
233762487
680277986
16002418
172977632
950492247
695896796
238028634
910023356
184336244
111884199
100833429
114310394
487821266
887838497
451128578
675569396
274575828
421100214
808734592
816943107
970803099
691671807
441581230
751118110
178555844
332812760
292466706
434770380
137326558
692902546
360914940
940447842
684167422
323087428
521093310
944722941
289500015
77202523
773268672
369545177
416872946
576588163
306059105
71581863
271021486
275675265
583870272
403069481
218675747
903486495
145380324
382165957
642677773
320509835
66964152
630451993
68263742
479784360
973081843
865552634
215207139
511023235
552726827
440664800
991149186
618172790
304342825
520570794
422530603
577030972
355688880
426679046
539801819
504848529
209705608
91329648
537143079
330819367
732473419
549368588
308496680
336871537
482302531
585140065
313254403
211020672
908000008
203546253
516330977
582971489
108468796
259650667
932611120
462477725
240408913
264046327
160681389
571681960
703284648
175297987
811128152
694793007
209123160
511822186
863639982
256402799
425523352
54504738
382384055
418104579
553067496
693801923
102101978
730908249
784984422
5567076
522298265
504391633
927871734
364106286
750099197
324355262
333635881
759745011
4578731
611898726
125604353
812691791
733618401
732865429
227489133
885374246
414640292
964272212
638961539
380357499
896203506
931970897
458401619
994555246
405207060
113617087
993664441
358911086
549885417
495554565
47038504
877235566
530415822
653491956
30345866
211549336
347475750
106124865
412865837
891615097
400126374
98626561
26741252
778751780
488988992
745570684
127538420
608710198
498236157
566450498
552753445
984722190
730710086
474165447
628060606
302858816
849454791
967159955
151991671
907903409
77534316
855120714
305888784
825962740
449267856
977405832
225838461
198931792
507712304
426065612
580629281
572798718
471834422
321437927
369775601
776450619
108165178
837544870
610590688
32759460
745867689
947880151
576994202
610605621
833505671
871838017
76987646
855831777
825353557
12671113
862835153
196841407
624493346
119317635
908709265
476852679
169702875
818364805
596971702
358681094
956126375
606220080
460060825
13171207
137080350
205966537
751102473
835689228
286407777
586868845
808199400
417988397
377162578
517866023
517675278
782212667
413170460
533526018
928931347
616372138
293722860
408653523
146089942
99841996
848965644
245489762
635010281
528975061
798810473
747480486
32967224
322392860
321064425
603608005
375631845
423033155
602122250
38421084
128170997
59070958
140060442
157403545
837520546
283433592
978428318
582570088
705605266
581572803
95109274
603566244
942149535
896266848
363117270
418224024
800930630
817399952
25490038
366029804
278912890
138192507
472917344
241376019
211073311
625694527
36673654
125959486
988257703
871902682
339401579
617431870
961007073
385945446
299839698
882023070
81954543
719204526
596651839
227614823
999783783
241891565
715826822
249399100
792375943
818315036
14723949
773512812
949651895
465568883
531521985
419140122
810296210
500064454
248010311
779398981
805197501
18037989
554002242
969109248
732414996
522062969
223310743
387898758
201702893
649375542
773040467
856350924
93252441
854737775
913592144
645002238
227258802
546165242
715433940
730063609
515431694
709539101
478505754
629505995
330246670
763669658
444415052
813629400
578652387
654812870
878717838
43162360
463847177
294262873
471502123
852504490
338587599
837922199
833112756
6629238
873206696
265643927
632559427
532347631
780453211
699875648
551780269
665416469
819492784
790630176
166439187
124163607
42446898
913505545
857880425
761054654
929876374
702382942
97590488
303745219
488283886
13498832
714207470
655755294
88775317
521537181
612088909
399540175
423021144
750393940
848716696
675093346
468232054
691277946
637427775
872692619
135114112
329848563
193589606
307976822
480587668
488123398
997116706
630094500
508903556
636124793
427433909
727738046
210681709
942510055
207424529
728893178
950371294
559297064
346046387
656932498
694135669
714718242
816872086
245537384
216122268
341934368
141112423
881594091
776622647
102634985
66092740
644839383
779021232
396352501
103012752
699413288
373070649
336147834
1934910
992008531
806294738
894669355
997298740
822301707
112366447
299789147
785742164
878443102
994902575
912575225
937351851
980866859
618808935
633681258
44289873
553751778
516683501
446999912
586237012
196331866
553842894
780587470
601084235
56018874
619468293
858224302
258623845
721555723
890087146
735957906
479958771
716658994
280820564
41795958
26997101
841522657
858566192
102890705
930543414
17430642
530591372
614794667
991359380
559977192
30373046
435434694
234426467
996750873
78697155
741551888
168319400
53253676
529572394
203500254
589159339
540828652
660160737
820734656
847871729
785701271
704273920
292289875
480299465
264880686
43064499
408404352
700747454
373639345
401660296
414491866
311398224
879899237
346717268
62930735
483096389
711275398
480997447
889028994
622976634
943393579
741849812
49581550
355596779
818346617
695113468
243517106
971809024
551473886
451382723
938967390
357752394
737132620
308965033
870198610
280874471
932691883
556228282
484106415
17845036
345589420
822429279
140333647
492889309
480750619
693137872
634186949
608622257
184332814
598280679
143702083
363857912
141920427
593916587
495970193
634915804
53555859
634569039
493787364
347176385
997809782
85062877
703123779
102376533
97190500
476760460
579008100
400953676
959641531
823988765
881363183
348212063
140623840
832494337
674079456
552614808
250331000
951950755
677442058
941980548
115748527
490465187
352701398
848837979
830681365
862955546
704644023
195795374
16521539
589573600
160481474
180295928
842054034
936001573
967722749
711157039
414754096
944428491
380946180
298394941
715018833
953651136
964356215
118109106
44939929
902442248
696007513
608435306
396539376
253253942
570206431
213555451
854976464
229649295
96639056
449795664
237250253
759534517
430936359
173388304
887404345
313528457
767428960
379542743
871018743
668878303
433011909
125107899
298193878
824525190
325837213
663368354
613660431
665538945
741816009
50379287
653677478
959201571
119322550
967304015
497351146
804128231
528706963
566644527
799418337
775387781
731116585
334868750
287488923
802325794
452010174
173012517
525757836
41781250
303421534
220226888
712125788
871983436
456676681
896994697
273107193
546520454
550873658
870686069
829821921
880371837
248286488
731927793
893805825
702629340
174413930
995545756
849754838
225750028
277561673
702710206
558022983
246236821
347690761
372252873
31204880
521330604
260509253
270967188
281973280
702715702
766718451
945773984
12073698
902217133
603317642
343518997
828528079
599741932
796517966
290750512
459987480
567199563
358194130
229902243
456868657
394698168
437618994
516684194
546165907
582995615
928452508
507367163
558286860
911233765
363899236
836799356
97197061
885977377
331633219
654964626
132557911
430096171
362238657
732749325
930571840
447970720
168289435
379670035
656428391
552640847
877253330
672525996
994424789
527609905
39384274
373973084
591989514
725933620
666964115
158146536
312919060
86260750
937184966
660857649
498791826
848145484
399110216
923173347
749347625
211573187
961779240
766237638
459553524
40862503
513829765
142256282
603693951
31907526
843650969
949519442
757980666
852611237
853867279
514370792
819040637
216410540
256995394
764607869
789047798
103696651
583516244
657563800
817452333
691179695
739040813
869566528
690394958
746559358
351643707
203869360
875071448
49187737
39912504
211827754
602197216
493390694
362165581
336938807
58832910
874587618
493900213
203076174
750657284
904697763
506474795
517240661
330755031
99984199
258831977
512672064
262777878
658224651
292235018
5019575
248834227
109593710
8257953
434037129
965272439
895528221
489131770
890650785
434443977
281811008
158470411
212954594
869233882
33626054
742245365
866004222
342804852
569611849
67036655
228848638
646598128
96591185
186276233
498612224
373406026
613544228
44780340
592947959
965169699
191010817
587255087
843049740
776698684
107200379
211016306
831862980
382005483
335786617
514747949
194091100
960310230
249604177
80826326
111662158
568519771
300307822
293280432
709619327
462456409
24841098
580867080
468029785
62908193
584717961
293917158
77874060
950581409
508699661
100311187
74775249
323486218
838421484
482677698
188433133
340626395
982688547
297423128
491544150
169233677
278929343
198741347
559622316
487099277
806709860
572411517
938022588
691029494
937484651
938844902
133346058
376237538
257878941
795877213
928712268
803124683
443874846
187792730
401482735
208920366
348511051
227904753
438025339
157219003
50213585
136358799
295367194
822932528
606448039
908505978
913041170
306238986
288537127
279814268
995833386
395655351
934970475
305700477
437683992
339671040
489251506
762613988
518456570
857409974
232053923
483732946
445606431
991706088
249678891
892285207
822552544
756140907
41717737
403642474
57512238
215480076
647617626
403684093
704412105
311217202
110339030
222473384
776521934
383642054
342559089
49710913
449262768
627752360
563385338
555670881
767394993
458649125
736757010
338348683
429410826
464708855
670072172
828584175
353717736
12867016
951800152
724092318
629868067
318843066
527305775
730081402
202146001
827358081
990392429
231443346
365724637
529465086
877302407
634106133
242035193
505350045
674312724
906796533
636320933
621252786
745166211
538133895
486285758
950538396
260544950
500899160
941752989
390071820
349664589
688487009
546878506
691929829
661752600
664245186
679574170
518636609
936776512
2003013
849477167
725163081
705858161
68245556
543225681
320368247
385702249
710173954
817309192
884494196
897865546
536433464
293687977
977652866
857414901
107888887
96069449
238149465
400102051
392838870
232892293
179534713
497871023
281713911
242163222
542540056
146371823
212450043
309069498
867496999
255074123
865337125
766066649
712172151
804577133
226280745
885891495
750223161
466356083
833324512
686616930
27419080
423436746
618972021
873152142
972832444
755001970
252591521
236174860
950317752
250892859
534192050
659769981
809001920
906985617
573122551
328577751
682559141
434692433
846139727
857783336
284844623
885534827
492628640
247422793
968138403
234548148
243522786
727927846
14720215
964738222
565974976
976352952
244592135
881877091
252298015
890632106
955910347
140386030
359417638
25944657
116942839
1745484
494338514
523791812
956380104
90885586
115217815
820275537
184069343
782589155
295299824
978305570
395959061
983085590
153050410
946600076
782283614
670272282
634573124
69898278
664740029
362619988
552191521
624456740
845968730
421222685
153712591
963334185
123437522
593402093
821279172
832171281
383066411
589052048
405648465
620111761
358982795
559389026
388358430
107905045
359398411
199936433
395838745
479911301
438736258
745356107
202819762
167111040
172591135
459345147
339049920
918786008
181664346
916340576
232207326
265848921
205564531
6332551
540760015
8177751
140628370
988375949
219355071
667207665
777755861
203640228
61293720
979074422
220660620
613255017
181066133
382536151
593293512
483353754
374996373
173956716
923121919
915165232
642495097
259605282
247066835
869968739
368053247
974582047
697079127
88591249
43354787
729193546
467030074
38424559
136748818
200395777
9365235
822506394
541429967
452158615
960234283
406960299
922294105
778619008
171947128
321262690
698910249
24048306
887132458
844841299
713064300
373154592
197518307
891913989
101058132
178691223
755042674
118150557
642280385
116031729
95848419
103940846
908412609
993792295
148010373
252814593
474131673
624355832
447409828
500408015
589108220
444278287
986957462
769041415
2504985
145873476
616489023
74174396
549044616
150308242
260766094
411242895
474191435
13871547
516806850
780619230
974606175
120771970
367804905
481011646
239128560
619747549
574386019
541560091
434486745
127626231
26964399
106843726
487633502
419483897
893362544
730448021
815158978
362688478
335218499
970696805
869064973
434498826
936850489
308931442
642678158
52713593
907892289
245321729
758909309
874135251
192510423
713525143
208434418
873525498
574931287
197481086
562953122
375926849
604359876
717645024
884562062
969265516
838337093
962698215
498728978
629322978
776558300
860122840
839722530
26177847
239296257
339880175
904638107
369671785
993937543
111748929
360589395
66891193
311898637
91658844
219235941
154353871
316901445
773215586
842665015
264088990
190058285
205265738
497502997
177519009
812177326
111999726
462856948
145462694
475388961
615201348
154110024
61532723
74719324
417115733
692735095
945060210
534598389
919162885
345080799
57129103
413412996
706783195
997146078
551628666
81725433
294633522
133434728
967163757
796257819
846418071
902021482
305579806
75844033
722057643
502214467
71844540
713643133
72437952
687514704
146658039
264323758
392130226
338795820
765277376
353067083
946759185
417473097
992396350
418676039
842443334
346919811
753471399
770983658
605523882
645306386
778605025
603858284
513767135
699740997
448609323
967947189
456095770
872131780
418494367
989627197
854703640
980182262
764754421
496228953
171145293
855738080
802234671
508492983
421063080
347591931
407977452
735854614
486043794
586626539
135832745
459029544
546324000
928237924
537721485
635282617
787631740
263607166
25961568
22962210
104049461
895406360
627879975
905907510
312114104
831847930
978620348
522586764
724925867
964155489
908713756
651328258
908196532
226387999
37450167
651218119
161904174
938221818
102567702
828624857
883974490
732807602
339537008
542078952
557078396
674812563
162971523
875924752
144471091
324835972
522757667
166183772
518058098
966598213
406844354
653935216
826085010
4452070
756271889
897580197
919398042
688676007
611269658
385897624
660976443
447042559
113541812
960141978
651595446
802428124
531330718
636091222
498233694
175546738
153345223
466673447
681962530
2477714
644156701
267182371
889146607
296191817
688704265
982004350
88316535
603581154
514006114
719295386
544426313
526770192
891566085
160237703
45586682
868665834
410959540
911607476
494100803
194995379
507469363
284145935
359604998
390514941
293429997
612609386
799116977
680011801
532466536
931538315
779932697
552359704
504343831
309793353
754738946
731192777
619492142
251165173
769975406
92461126
935399946
491875137
816802984
61169702
465951107
330011198
108642475
85166997
900323751
314453124
461053455
596043708
596639707
437846121
489246781
531596516
940543903
252752036
335288298
102422648
840502544
813791217
207724974
491454303
272551848
556403654
779987948
296575723
850902477
570741819
270145682
611461803
757608692
298498661
778005613
917745881
57769412
712672314
525122239
89365602
420792777
376750072
59112997
999899184
88493655
980243880
400526748
198479615
644529902
333592750
851661816
641948627
421254490
235527706
24276610
77514447
39403113
264853316
351413165
449010477
843704356
209088454
382685637
483459537
886491138
596485066
946385862
445752865
127534134
463061032
693389073
751347878
136186922
934227407
634036292
446182012
362153377
300508849
260004879
444157884
480692917
870617136
869854520
669609826
246157443
527046444
29793815
50454905
473709199
29510868
83577232
682548967
664834488
389519129
996226993
831075742
890849028
245109323
607102754
111106688
227583158
657342176
428802262
484301853
498059930
624841743
462408750
293422139
813124534
979435497
962138568
377724872
980840314
921716779
283898935
136588425
426913889
874972028
57893224
320462576
234273376
575068441
412364251
769553369
830047118
401668783
837728210
549210159
396378491
138009735
472961747
731273365
147429411
713206284
200081660
266727068
145448226
537469697
487986691
53955420
848673651
913453149
354480856
713062218
724228230
824237962
139769577
435206539
449872533
311250433
833452638
647012646
325275951
276139685
840380977
130815798
265199885
222444411
428320491
955814486
13479074
252083541
993446506
525237668
678797913
944240350
204609994
654832687
776265551
282604466
284544260
922159544
215579534
735201289
639560717
834043772
548771586
398020997
117805260
122064265
610891833
971372688
12966499
911356378
518044713
255387001
19908643
828043510
916174644
220208952
235665759
52718348
317564294
254732586
259691046
685790533
378606307
76813573
952335035
569404913
615430988
953079874
182395776
782630876
589767116
302315638
275336663
796837360
634224479
39844055
931692346
43423315
83935174
864986456
276819460
541695673
176449737
156506661
568100129
948171023
874275975
724840935
69951453
472543567
231272295
861258676
387900403
191821900
854456662
356114846
712723916
131875180
6639053
919708508
248354919
270963629
591635470
452073087
395142721
939067486
676560213
865424666
82822260
926804251
207081370
413960363
747563469
523879856
790077401
193482853
819862866
245875346
524251672
409538114
879301597
433937166
497845168
345901915
388056896
206930603
713228405
202146263
634350421
39503430
453944138
757087701
628800597
339389112
577141847
170514346
616326078
448027085
918987583
842387240
447089504
935325556
282991792
546351434
531529983
376969574
293630699
250440088
196879904
6945793
623798998
916650093
802494819
35450793
493133807
411289674
261261112
712733835
158755540
804978541
602841772
845204334
879065376
458037025
140813818
20493259
376633697
914058362
482468505
738750473
22550543
860336807
484974084
143985387
876568193
533961545
432266936
223113093
981650306
331299158
57448982
501845348
531671785
663839133
837557008
477951242
208934724
805454037
356498602
876243677
711046642
271883853
930582089
517597292
375302639
46663673
773717784
415296855
470225810
983121802
112613334
588146173
121421589
526867040
239143384
470701055
693808057
835849421
67742920
227732856
955971427
330274838
555089864
251273266
104358994
686354928
426519092
488298939
234829130
547633888
896598334
487123626
242986743
415493755
33186677
805551524
590932236
469831880
931198539
48800983
912283598
722676811
577776091
640166489
312769313
414144094
680145383
628412585
511012198
973081774
847709640
351396693
21410927
787617975
506739725
290732413
367305192
908007040
996801789
788117992
257731811
633161486
510520756
470194296
920207237
125621540
606792432
323825615
837266647
432988187
225770555
765992610
711764228
666874830
420925331
626962560
448257596
635944538
836366120
963810263
681115497
588911587
972028877
251509846
105045302
315561239
547311937
462909309
590428600
123453013
299962022
157597355
641949283
713147993
393980751
741465539
697646303
7166140
991709241
825753340
742484379
671342240
49400482
909405007
17223441
219116854
451154027
144907725
260311984
232236064
249969426
85030514
87237150
33525121
452586370
798294391
699612310
587612957
373248827
459582843
663509321
793222750
900542095
465616328
132097451
423934262
635579085
339031853
59150448
62763985
743557763
176202462
106775932
800172730
870579162
210136079
877189281
853140820
487538334
602887885
240897763
490820592
955909169
205047839
73776813
937785228
222143124
155511208
451291740
711778635
948377782
568052716
996332813
503603382
105651157
600396573
209245731
272350527
21943456
283702153
461080839
854935370
270390107
194933599
238188577
680757063
890114226
854268597
13553441
655712895
782779483
69676216
721019940
374030312
460000278
77124176
771706412
906426316
748069746
787056888
378867517
340409329
808427685
675173015
183428976
474532186
873979392
482934394
155691944
716407872
485223581
519414002
491887840
55621913
354584109
274751026
217454319
570026941
699102208
144613092
49251236
832347910
106772133
898935423
372892300
713717993
38055741
81240285
136445734
980762380
716313661
968161273
43351591
853103937
34891134
665416774
209125482
334493624
179672133
929745152
817481831
179702438
973869400
517004452
78742639
508517591
477483988
816547007
772953720
7958039
120987066
180261263
892376323
893147097
849586663
462768930
172265920
611614181
966849364
534271495
867078485
975943423
598003619
158513580
848291538
253720720
934502468
208177053
974223860
917766033
629210791
697350209
824132181
286099268
576801197
980416391
212475068
322268494
102914987
197692966
192147650
749556398
558638695
39381979
268864676
216889769
886876533
473305884
860284942
734576083
863836887
684843129
189651719
731536086
748373542
869795690
538259931
269155792
834151638
244368678
335831939
219304425
346974910
995386898
954345290
387387137
543208590
566661407
967895982
671521218
803588812
212683277
624072810
595301204
998035575
646920559
463451189
896900543
845889673
507851197
544062317
299130580
427812735
694955397
713303671
670654786
600275031
669230747
176060404
998448431
190078291
721856439
754677456
936321953
442403868
509598703
259115516
708887364
424050121
986669120
338568275
557771122
107325558
354624859
204299051
965026988
41346417
481461931
557222974
34362506
661582177
968571490
334810836
394529981
350388218
511359648
371402873
126042043
92735954
359384550
422465477
388406020
543650023
305981725
176328458
426286053
819477017
2994700
842529641
625514611
506822843
205057947
209646006
212936409
183015592
367345934
637800073
487280730
376567137
223820649
967214693
946026847
861858139
309594011
807945549
885593134
692502333
290243251
191678720
5414561
245388170
878768135
232119069
943753101
983197473
23129584
668898305
725383441
708720666
65028680
191371792
264814728
162465632
747431588
238248212
747306499
466038498
872383307
663837913
982913570
131156598
198890356
728650247
24034916
679184928
362456253
795608745
536866880
382162902
959039749
487357700
963700230
386060986
433699461
189707839
213259061
761106136
174905155
608265544
257999434
380594312
358782212
885048635
31101967
779053013
966890
919844873
911138742
647772010
109474916
785470234
138473954
505522
505403312
95567672
86889927
474056485
143085362
591871653
26905646
21978698
844945077
715493496
592757042
696901939
172170492
353067257
560751194
679555497
315270818
637948068
236305439
792500393
986833512
820468184
465056238
249173298
748660400
238975123
875331752
81536287
647102831
48230591
903762274
184440832
670092018
494382663
114246694
744393562
20022727
113632573
445194248
797692922
846870649
991383996
381251976
684608657
124358472
392641683
546500484
915910259
286419717
417071632
117908570
6578546
183292496
288648396
251381222
180320951
521293470
296706128
909074368
207034415
215269199
821995341
155933367
67679094
635690988
125446062
280509387
248739246
619370757
868556556
811502017
103553361
120885212
632521259
591415134
680450202
769996708
806018341
482229339
247478403
618636283
798380051
113807661
537417217
89028413
103606598
931290458
346114558
429479931
271224278
679671450
677578851
783699169
829362907
541318946
734016984
424654875
900479985
383780153
387246489
464601497
941318935
770129599
51270920
280370290
98861437
425349442
955777185
353125697
833311539
916610563
350810181
357539533
840423263
425073198
259951096
417675036
588702225
13056650
462046779
874283920
747080565
271567489
35718393
115553920
793722968
249093765
911018864
813388015
976732918
770027587
136005499
114448069
766946717
155215580
838171610
624262847
35104455
591581758
253903098
751096902
555314792
378246120
186036825
488218899
551527131
893168341
232468653
757465875
164566152
543442553
736700686
571745818
201259922
368860697
67505068
885065913
805876810
349734945
944588572
385282366
420508263
5603216
265848434
435935324
605436049
227947782
7924037
99857719
717864329
523915388
802703208
92988338
258031694
243390639
193989364
986912132
508721295
948461967
604855846
926513879
835939890
616228017
915242724
388800566
211744283
801497659
750961925
743159110
428133054
466165024
808561562
806942253
605258141
785341124
646869900
596798981
808439290
948125676
376404209
121005416
620375290
392421660
494588753
334589717
661304497
268725037
949439070
114984726
823080421
105718401
845692064
762069960
935917982
742924977
10360953
914987558
557654115
208276239
905121500
799695565
593115493
377520210
494606371
676488301
190970390
905394715
773070187
672189155
273920067
716588591
903742873
350615268
904179721
568804523
223958641
624202964
439709681
890073577
88022961
603197561
645850513
610101647
389695690
81492965
562738776
100973262
375314113
30244661
277727151
40790077
244549602
105583706
371658258
710579123
491500024
293753785
6728345
962569985
895179044
575541094
138902843
213554497
583252848
582542511
734304601
579950299
17160323
306858179
416965576
395168366
361817184
109245151
17786527
831335885
740842213
126667255
259935857
568291753
847790228
878126986
247871576
955258274
543373226
357787804
311015329
744133583
624857871
436544316
553526197
538794215
880275357
541911062
702113701
621315067
535200255
115062023
362339857
225905589
637978373
827032438
79499450
384526940
95166460
212293375
64831312
117695598
208939428
981382840
927297425
60029789
886065113
688941554
991775463
149552201
740869683
207211507
695530271
472865416
972378416
709789465
734843528
891569874
993545153
795817868
181658554
523183643
180174881
966680427
154271161
491868031
475037877
55305056
454870123
872817856
653703574
923000212
506917480
262486260
792033985
908105509
328944294
391674948
607415832
113810259
910621605
944227335
794403345
811750939
901648177
617131384
285183475
228394120
603414940
409454383
693499253
106595106
445910724
108908172
586025380
75082321
789217697
348798118
582839261
13709606
197324520
142247026
782769237
27908991
992152486
490253232
814146434
2838535
971692345
472419101
417179088
305427069
118468735
74999043
499717858
484163434
475827238
292151582
882586383
313316189
7426228
254955779
711677371
346302518
538353045
184619493
877450326
792162563
531674729
374195399
143830873
72107949
954784085
793279781
811089246
53454088
215824140
199780530
290680901
618720540
993010109
678925096
804945082
450577672
122889421
879988203
340201404
885987890
35833508
328950775
508792384
353029474
542672069
40158024
902122253
151259408
181566454
657270642
261836292
283948163
550895292
848118347
886416736
874111153
941946081
391751026
731342257
555520948
870960819
240005566
162737373
257675994
196867749
114759298
937967875
844468711
353822980
463072702
771181213
743224357
926910535
765879997
857082092
60498695
87011969
153296439
420038191
917842055
402753465
146815978
593579475
943960350
681767523
61436341
725763042
244552983
776408476
31782217
827526379
727620458
740066868
933794901
161397881
212325292
503854753
964323668
646405583
69940800
894253553
894848593
566641719
989445887
912506423
938195508
183264259
181905931
231369854
98291632
189671763
376193912
905753038
791106528
532759049
361668653
214840435
661607490
643683788
33857416
484888576
290174916
99797977
81844489
650672292
751302221
459519088
411521710
47282018
22768799
350371094
117168637
807402330
239339294
276725749
302956864
155719727
256372124
936736063
93476487
769801008
57491085
520574877
594397200
336718375
418251082
900092048
152731625
445517850
189260592
267341538
578918796
253749305
361865254
185095202
400316591
597686936
924742973
300092559
322692515
553532158
682425196
848927013
501041308
641030953
760356961
603266380
416010548
342714388
349053768
377342919
212224920
818758172
740303388
642050170
238611610
687841366
756683860
154905642
960622108
813821305
529359579
396358621
545384986
916272844
930052789
663380190
578170455
173946247
256972288
828135429
303738049
133477047
326630651
701556254
638744487
671135575
350077922
300351788
640297598
496584673
66558261
685544154
921127744
391343537
753499889
656065419
652523029
955294867
648865814
602457052
695049081
303500760
478353257
518571304
47405283
435344067
130463262
548303910
401978365
291029910
538857763
546168068
97162666
870694892
485088798
862418888
864956236
596129772
846796813
98771739
949293326
13867251
186915446
123873419
879516624
47776402
146182245
402371662
131082204
151006307
698530117
7328091
162636794
240613861
872634563
339879959
258977931
96319847
525265209
736872695
468400937
556895740
840984090
101389928
2231539
596642604
854164169
486669939
670889729
630745501
943102609
741870873
182449221
484652379
345828718
766403207
212197114
310275230
273689202
282323824
563543231
257960752
949232529
913406242
652319295
853772565
417210092
798390447
237262191
414913297
584019989
697379318
981851898
294174068
502889053
131256508
707969129
906171580
736513663
975020591
300840458
900285263
942312672
122973825
310835255
434854866
210722418
952969705
386251452
251897861
480352459
574580236
205008220
999750549
391272215
153340191
719366878
969127334
889934429
444588492
719304139
42942187
670546065
756019566
208771982
549544371
349985852
184566651
789086571
735619723
149771402
991372779
253786266
388750598
294306217
379232532
649684054
838399548
815338121
992431619
953551467
290362388
601804346
318037695
162236276
757683087
811582391
795902417
37865804
806008452
403694802
86499988
565507666
526067356
333440622
329031371
636240407
239724072
675943005
918938466
551237112
376650597
904692395
402926760
341686734
749681007
677148924
961420876
746478167
70750993
789545815
54396445
548133530
765135695
225713059
877569911
246945107
683731308
374725756
190079772
428038929
764311673
579841898
857866866
221470984
920244622
640425785
700372488
342319876
608423114
927585255
370553272
760178973
449010670
929981272
251449922
932383012
290196165
408301290
134166025
401235929
402035780
159984407
96517219
410379826
614594904
108967506
549354397
691471220
401485215
833425085
674986805
267704275
539465216
37350625
184539500
868081652
543025814
9505380
394865405
784083215
830713005
685082818
471768382
593130045
850561760
302581685
843115694
254088222
770684257
779857951
977640499
657814889
180672839
644015941
124928385
288848808
90521490
617399097
316658968
58801202
90044581
185652946
828460193
336162993
218700713
691126756
761423199
51266322
42901150
203507036
995833945
107992405
555493067
714376083
268699102
782002784
805460302
12372404
279067012
139288478
305139850
775904806
824220927
856143810
409786513
464119380
380201506
371052665
935267163
23341454
636217434
777465168
601359192
447458450
939436939
691426642
81414270
719619351
478737225
32137803
618864776
45742237
891026725
152795329
903362277
77406399
687975638
441544251
804823830
633362374
497078752
72126018
908967014
799649872
202846295
465920768
146224136
183218214
375430666
981670358
533481714
419253596
975212629
571084789
649481968
335879589
328446905
216138950
310358237
145514246
844131466
801776856
722549075
788558098
154039761
425629256
107991071
941387650
323714495
730453193
799682297
50308650
971183163
607779298
153107161
287686159
836403082
723783572
128024987
348970532
687979832
894817722
909455904
935204810
354262764
360475539
224949469
612043480
624574152
321644833
288033753
501912118
458291991
83748824
229806455
706364303
501211795
540362603
497970357
653890442
596680646
922116561
552138810
54543749
270156777
938692613
694386569
872572647
989373869
136580095
90876354
200672298
927166887
939942385
299716832
158583294
102027017
127087922
108029330
125566329
352952462
974437314
97243235
819836414
240639261
475141902
293856108
720542720
46636089
59206448
55711730
903689430
426009724
317875521
480830139
518100373
350009119
760470203
140252409
617128390
443202401
152507056
958436526
53205899
502066159
429744626
628176399
719045289
799844814
109784027
421755332
119506876
428836964
41434558
935034586
616804750
916372888
957935829
982791096
363333398
200602011
322850460
733888235
948424270
944673422
279968070
560552280
765991922
956586054
58142320
529691117
862734056
641020896
978238045
538490400
985553161
824595203
335216402
180044209
382355987
788187430
845018312
431893185
991134993
712113088
812142800
790975811
259710933
935267685
658478509
521237446
319741481
968469652
972332559
575969119
441558277
557357959
129798023
437158547
328703258
935971341
644332617
74621510
422324083
173190550
918937439
527670373
41836561
831428986
246837469
132795555
627222315
699522791
814655741
390853361
815409018
495131821
31356030
489604883
552190912
157860594
670635634
283952968
349290902
358844456
91859527
608830973
953970746
503320238
253973327
579030585
964077416
21842256
618571646
61924765
406727828
277684552
453712395
774118777
744027270
22922296
659482879
889780030
924240956
56237352
324991250
306677585
451778226
788218
140163364
6365174
341807279
970159959
754897186
269259863
549890219
385215690
255315363
66991937
632589055
64574136
885527072
339464797
253229111
858289435
573880550
692997138
181519355
394118368
315007050
406765412
554434647
873571212
890738494
241406001
807981784
573306385
403602419
552089339
194416569
60367593
949208212
577910407
464352214
935685450
156294354
559150225
131449348
678080602
139886700
288937847
959807377
183328723
934422538
140529922
983688473
107516404
840871908
616871006
66335451
683569712
507878574
102593020
875002796
711850653
250665984
839319441
608371298
878702506
824312734
634233314
203597538
445134564
967021476
982490024
169305122
169555473
821911692
626696844
174605417
266010509
551398476
626736716
683785776
676213089
284122179
538093486
494497435
632037739
382699618
985270071
545674065
21593260
22063902
105982278
878101344
130804902
935226350
318926447
295542598
937666497
253092866
206383850
48937539
955145086
33787884
853206430
285471510
900347414
568644007
586783278
307971343
550467574
193204778
768495167
740014483
530947765
376071075
816069422
794313000
820486653
212417321
70875179
250228809
591271567
839860854
465828759
502230797
814406113
637788401
109519039
76655489
103636784
54313147
823009442
848367672
227063862
970614428
878313631
75659293
110421811
40850967
100833609
505885155
311264297
468521357
945300969
982097776
108916473
228605148
945265811
749662965
293708034
675557425
146637750
929402404
153528229
454621086
886514268
849726452
280332454
317098784
668769467
592122131
251359814
394893084
52355228
593161058
395352979
109774640
301041353
482148170
244322541
892959066
205230283
189587406
573022520
350984280
943696019
174677756
207007587
492676074
440031559
841800153
7013151
431015128
119992936
539675280
208175829
808955400
420977344
26571831
320017794
607894975
150222329
128422755
88322773
957027194
561057626
635104447
440853791
843617435
118507485
21611515
167874910
494492290
712630571
132453963
304154308
272113076
902466262
743635366
124287027
474126616
412709046
984543249
925291585
651220411
95642071
514337362
176609287
607109231
647571012
144032930
71183998
283235399
280760068
290570852
89331449
257844585
613710772
171658217
31788904
175291046
380966790
529236553
447612630
996475860
666242764
100002379
946003719
692359808
261856499
487677755
287199414
210400255
982231163
870461869
74499722
604522674
787922826
62262507
461163724
655235624
306657289
478774439
245427920
65375404
236429930
949711254
83415580
627213113
747367036
607964008
347728606
115852362
290150278
450504451
409173212
210517109
371342516
462569633
853779127
711736210
10185679
107925042
470555454
135018675
678613287
114947627
873110699
66968110
64762682
871636507
139240605
239427153
435286888
403087913
231596241
685535329
837914853
748857448
936702034
224894494
2039204
822508603
554530567
197255554
593433892
877790387
332659159
894955232
686493243
902555442
695792678
732760275
903874785
744722373
412023374
674254411
861957317
12769507
716768960
668351379
793212254
678030081
321292125
794815502
823523732
772968250
557155784
390679561
466773433
64858839
858231923
58744511
925988113
604984554
58795620
432132149
359616253
240511787
880043607
191183746
891478922
829982429
690503303
144490679
481494080
630053005
788868697
193377492
81258921
455394231
469467293
213308951
462848056
818654570
20993596
524034974
831019086
188400086
280091401
918769919
625019828
709394412
369295155
875346214
436860046
253021742
310949284
609294077
565827386
92939786
392541491
649585313
891510645
515928454
223379961
354579884
787828187
702165625
346116282
761259019
279773212
595933919
242530239
279900965
396716002
595139235
746881222
35563849
432959633
905039751
171021939
107868064
884078980
785217445
791740888
12574215
817646743
591912038
977245099
877441860
884709676
20565320
626241972
216567418
730108579
903331282
760094849
321384986
156675706
385611112
74006915
584485110
801813724
926097644
886278725
956571402
938539234
720242896
648675181
256918242
229401544
805119788
957863441
955066661
246465411
504615028
371424470
659144603
299417526
526515411
975303324
530410194
242178571
135841158
428668999
718715393
99968738
9194229
20341367
98944144
848630374
916696904
675725535
627450428
270226922
35904556
462567054
858611910
677427047
959788236
710004621
608964740
901892865
640281180
918381350
76346828
556180641
299743397
273776692
147017667
182934054
828425867
826414627
456479574
622950998
508319157
192106276
110472439
198452593
235608834
128129302
729111217
397761891
975816413
354706356
189846861
954429105
766318172
257848369
220888813
294540674
241968605
16487397
918439015
118032479
887708932
237078776
71252762
448927950
24733369
557947219
351838960
894394850
686280586
8314055
821022735
429668254
69197
961851586
472728123
205714508
583329143
605905814
463572213
748742219
27566782
858750885
21276350
307571853
791944408
766762956
842893368
479388706
341448705
362370756
936102136
443633711
344213584
405543017
461677742
183085707
303934
103264341
201538669
588306174
103613859
503911782
923572132
909455609
808785532
235235600
71400272
363091990
147562538
412294891
668973832
4410817
182197116
11067404
674350204
819185035
339234790
797580773
608591864
748839207
535806262
817465960
567290835
815695642
676017766
273966120
96225539
382327499
574096312
720244409
887889531
861720740
722823920
649932747
515106541
632560785
233821846
879179757
392240648
753598997
334821134
342661357
600305555
262028275
588039768
305555811
356737927
910660582
605344213
486077028
688059471
798811644
876047643
313357351
947762150
920823012
778381970
993771952
288036856
409733465
237304028
169087372
456067424
280046416
765705938
257358470
210834413
282394416
468546675
927344242
38659891
587306846
449644918
137578302
655687118
826088031
914832064
931781417
612213065
593361550
554147047
971128880
748842998
27984314
286603669
574305222
861401426
251517671
617919810
266415318
844498599
846892292
827450313
912967949
772267355
418591550
907787699
385355273
178966923
975809428
523394561
33423133
789795902
615256522
291901390
213782455
81199014
709118600
855725932
633868327
610746282
382394408
271216308
628943953
684124631
664522568
95808890
606764251
519718392
371838409
544657652
29491226
511134484
165291754
957902523
289375092
722262110
760750183
679781305
803078434
691862232
261409588
882071947
605166321
138198706
796583534
443975545
940363498
414734003
714883976
605002516
74330148
274046242
44497148
912765983
2934367
791103479
742962118
296353566
823560405
283467103
188147607
71816307
369046939
242495950
260074960
886566002
837159184
480911619
854361935
349433296
426708179
145842042
693817576
691747193
497205738
638215202
478148158
420140817
978089119
323751144
709885511
167811503
738407897
643948068
13167151
239300951
104176138
716223243
696688247
968265135
369902394
728923924
595020527
513752023
935630124
784195316
594905876
877376257
992724683
101224957
768960250
638030502
667305250
930130904
897765251
521677550
662180202
966929026
460456168
641250574
160322572
482338164
443432512
839434766
661958458
64099101
820126985
206005870
720161916
696018639
484919289
129014277
326888191
614676419
985991960
647670064
545317667
999887994
397019530
321127300
676447682
719948929
707849236
369380837
933460537
340984688
112629367
640656692
535703675
877286428
373248938
303973462
252817507
178569347
129189232
826583580
714971329
522770957
300120416
357622877
137110176
233801918
139077787
207269635
969865352
188564703
595450748
626145978
628982110
2346072
5705428
103022429
544129693
692076957
955394429
586439865
189177833
654748802
112494527
963643705
125687859
349210289
16627421
643333420
301115947
850837309
170914902
155991491
631696462
84104789
525817720
98284507
962351415
912829303
862078447
796638142
380384156
581497752
691495266
899951963
65593174
205104519
201531663
877262634
405295464
601454806
457232421
336143636
423187458
328081335
603698973
484895872
989425699
147321858
661931818
806896991
72577238
258322433
153677131
582838008
935039710
429652638
119613152
195982493
917675553
957061099
834591045
215426036
367791282
677874255
549525775
433905368
149975695
709024133
695040583
439329489
698034663
124989462
355533940
125165888
676895339
328199985
327568850
410457563
25389695
686018916
927892727
258323699
79501708
142640387
98138350
808064711
983144591
585252017
157325002
896228191
973813682
495538365
581954551
418744545
568291849
182653518
82241692
314987486
73620340
26193082
328843297
139562223
866183297
335299943
156480780
180410525
209414399
666457756
516487253
936453437
885958423
390153277
322371211
281146517
24382028
634573332
977258150
847023572
112688693
110507802
208880928
474379793
700134444
838201121
133447749
653747310
418760429
106796194
686875868
18233501
927352811
776799198
545252229
490658596
829077124
728587433
938172446
830266022
984958195
427255373
213073080
82196932
529844874
370745367
946784210
646451455
197723837
440261948
693865217
926628389
288429170
711753780
574246572
912421566
446025394
307091795
213739026
522357689
765956056
47375635
207533540
380827867
909779359
628437812
243620351
861806033
41242975
789880774
135383619
188050233
867774596
192763282
332241180
638980164
685562099
900017277
672614460
421455428
180273091
379070734
366663197
79595370
131346554
251139864
920288759
918191387
883657168
876686709
104069502
863313330
76645654
839548311
544389526
919143141
351748459
857861638
132220797
789797679
482010262
806705307
795376301
815487952
474975839
4245798
943149196
570831473
169988940
296818264
814492402
33368147
780192301
555172121
330387415
983515563
665693178
569116683
447082173
122230606
585964908
811693039
383232075
534647054
839109883
956731214
568524248
296321948
408300269
189056958
546569872
661244596
590365685
987046989
114616858
980693076
801273446
547124612
212241859
884885911
977704777
888628387
909659041
710277390
713873476
791730870
75435811
235009307
738076934
766881460
691087985
961529401
50315037
109832932
83386254
289090640
142741457
72725627
584148127
65811342
929388221
453311120
307584405
841331894
961195378
908868281
395374488
891858691
681293557
17632923
149840185
446505377
701434992
372859900
108954144
237416398
698863594
640455737
546786360
840796350
689257772
98702756
442663443
278160001
964494462
130039842
536736392
295601933
66339762
865936175
66559082
66972685
100511420
792858917
639038872
409308553
937286548
783854532
302379825
318885224
657092934
3828065
800483498
231472344
991762605
943021723
569349887
798864765
53273949
297140729
785991734
921051599
643621630
510915113
589056295
128447885
142664038
434272926
620158013
816511728
569498019
300749326
580844755
452891069
480239616
308126195
689962548
120231962
584058105
701035407
20014345
902912483
294063374
458991
994158000
767116164
378725169
169253401
548992642
705350932
446869980
520715134
271071690
111733034
18110122
211434048
996201321
839481583
271871517
478357592
707250585
881447408
311561848
302833689
679768113
17986537
517045644
337008480
198585332
627099304
266107366
339507729
476471773
290277517
605118700
583733674
82529064
66516557
148925812
645992439
871270675
843526614
318955623
551113578
972199115
945017899
748122086
31904090
288176888
490190141
128290883
336226601
580149333
418400087
850434573
173687776
223186169
723850269
725432444
734431615
525773678
889225810
707771414
586476097
247724602
448770183
614130799
648563101
624042884
96735975
957642637
556706628
117366677
40356614
262885870
271752211
274640597
360712714
32462583
789048895
739842699
542889642
549192087
573227660
525760745
500320003
630432851
607783173
347675201
908090506
232391221
875751632
787901198
132561338
916904533
670409028
168777796
980818880
308656648
336135365
291633711
726928462
166968981
890368150
686222098
277436582
230152020
970004342
805203650
431300305
505716588
587058358
527372988
223412178
892804491
245129925
883014928
973074438
786582075
143386857
809286399
524876213
684776326
271960747
824988977
503357182
505188378
986401426
435010015
581195206
33701071
80700478
769786875
673581924
314366929
610005803
259161972
923106432
188413734
981562276
23534095
652742614
445642496
497497393
728943892
501049231
576834476
956177263
256958188
405142588
40415893
989438896
616163336
100565979
718183044
433021704
175474572
631915180
393119031
956241377
879911722
92669910
868011128
749618689
649017693
371269010
965844464
325631276
668687444
34114862
39769471
117704772
297901731
819598053
33183237
880566612
353705653
520754130
864915837
290428544
330187057
641186531
859932260
66616319
185554285
349524751
828798088
662481959
338168379
812794064
943164
957492465
772538648
431244790
899854295
815137538
864493320
562000190
868707374
751209195
83305845
535382944
478149240
476784058
206639597
392292576
820621393
433440615
634296513
887764182
281065962
125890280
793158482
892731015
622600963
598480255
738870581
353517573
946801797
306309341
845764978
113587106
583396408
962964249
668031484
841532222
781377651
640700118
629439885
312198723
761971369
400268864
592758952
439591969
345703820
46095714
822293778
311810716
139469028
822953843
541258502
500213129
609258849
509717990
985509556
759292618
181828301
941421903
598342509
855692148
442576785
465275451
526548849
994385579
635576181
146662648
878625021
359261858
878722689
820548921
786245671
452075745
246381864
191482886
405646202
578347988
436481645
564998763
692951853
222047783
881364679
95255155
246027855
183562214
855038378
649528391
225185649
978219829
830720891
249446395
984360283
777055078
276288802
676984445
476914949
861666943
788580568
836379446
314451028
508447012
706295788
526781843
961165920
491717249
155478429
418582110
322986767
915369751
382326323
468766721
959480298
685907780
741234428
753162766
202102953
274065478
576700343
801577260
920768071
664208821
65737572
940132249
480000067
763490598
427614497
394733710
982858306
559630009
619433457
235149516
568963887
484112406
722679683
562668111
768245586
958286270
564824880
839638778
785968970
178807804
337237340
620826467
142459094
479879247
500724398
180948195
64440683
434601043
389298431
610793545
387477025
187535014
874237351
987783971
95854177
158071544
481164345
846046987
293341504
811065833
640242600
721864207
756450680
258087283
55229470
510419645
969812527
101591319
212993451
831055188
62229849
919651824
717464399
136267940
974244864
489133912
267642085
950853060
294586646
759188302
145266420
870290102
751125458
907134808
951972905
480967207
786896539
119891566
767797856
173538425
621516279
538383421
531497722
166377931
699539768
523917002
857381163
201918452
980773008
554429721
488419464
198216444
89806018
770042018
262599323
14016708
151828365
985345080
786525614
901510797
917578319
535630347
438403639
264945677
366501973
261585149
982053690
442991652
474257102
191077050
806551710
628613197
567151844
682774445
220054548
269489330
529603634
693395206
243301043
595322672
376057843
264818850
486357663
303889993
256163491
251868384
814960457
443095624
720560166
300686525
778595214
605789389
295835452
382270392
447478258
227517029
89777598
712591133
498571635
727619249
324116640
902046398
788510950
1945354
317070809
6821437
6245537
939313101
958611203
994441632
560570286
448705544
546009699
951181172
266159970
965829507
371104515
406851999
173695556
120994846
18968545
746289697
298313841
179818262
228717001
661640475
527078981
691708780
219587232
366686421
268022456
822438778
649186492
522479273
15583169
437248851
802897130
923636808
311774429
295501730
291261403
352893840
538441369
906351415
815829672
643537090
174790594
104973839
43809911
135417539
548978846
164387862
835737347
664964553
333751458
396845983
670882365
851178211
818317055
527208822
247420903
905813682
356211630
410972982
988323190
9336613
269619956
989806603
350417763
396690097
851417789
649406483
804087189
345996013
55670109
117191430
289450865
939201356
531285722
686938333
504495410
141399991
320962835
372244091
915820532
335562662
443307546
575849615
792017610
347491725
990376796
758546085
672909312
574051363
656850510
522934213
65348962
126199437
58483351
606603354
994436126
747842589
89967067
257132034
897531733
31538406
139015677
737237543
428939720
951097498
555317164
868678837
286524959
719204432
819837196
309535159
780080550
664151894
439757462
601131522
18858344
512239054
236834686
16567377
534159711
238686969
390599304
857428707
27362688
472008610
414367763
55463706
6898099
46542648
166518901
483432785
23103522
37318453
682093348
189107798
606534460
538796981
760974313
755060645
901443254
433778957
862144018
357675440
654796344
465670950
918868344
45723328
799565933
414253540
574566393
107629401
885964873
191925919
402126232
235858792
404614135
195081197
713618839
471730279
635514634
517197886
326034007
827725215
30327626
727076359
728116661
472080803
724873900
305578589
441852243
353076175
100111698
294027123
380443624
1450970
574383682
814484458
576922170
380958306
684255757
382626983
714592757
369746160
897128261
927342285
410928031
160742864
696005649
230699962
14205774
543833011
950740516
621214090
60061100
307258014
439935363
700711551
275070035
511515022
912518628
899983124
236169140
478288036
378021045
109660149
123624376
412326839
869680558
279286182
886837085
743276549
683083174
543901481
613708479
40283304
388370921
810380247
538135801
577429419
485413833
711684888
610157097
803496492
215025694
737017773
582930573
658787561
143019848
590042506
463437762
511585889
906600110
82966631
2280788
577387227
379180615
248574531
305850942
289673678
970990669
543518982
794101983
553921902
927529428
768619476
964580178
929393856
365919693
662857279
833513318
575910435
816577449
838516169
737381809
297356505
162031083
189819531
91755149
640143457
117260584
346599560
177815712
426931898
54791897
296582663
709261694
429293357
905911484
752099256
442552367
570114716
328710048
977438551
770723281
889494404
390732967
394020347
612684504
205402575
638760817
491901702
531738362
490740416
415380457
467820508
42843377
294217705
414043408
190394610
272518735
801234291
530036772
302929185
654953169
898125663
467542059
875129144
880064000
696053897
27830819
957697068
381438802
889859422
346255284
227521488
725980675
856159682
904547431
803654692
990212210
764382600
304089331
476149542
853820586
151437867
413631683
358421486
95541052
885330540
21061659
360328267
55981746
252001638
461714977
615747662
530636855
978144164
605356972
632591076
831398745
67675632
512088969
55573621
36374386
910962641
803459941
851883554
994104055
76832449
556366264
17728397
196472765
116216178
640639522
774684772
160679133
449039424
162772969
15055266
597018958
627396150
333516324
108201826
434244008
179475191
540781038
642553127
781786260
607991487
19003777
97026592
100397950
678052972
369901348
19939485
447321453
741443424
582398480
328016421
301727885
472708847
540045726
87243380
278291101
887873984
728478574
485550572
451877568
471658841
840780215
986826715
503959352
363830594
616347725
982691345
670260983
666414257
537892474
443695117
81668417
540690482
682014053
656228628
172823243
880287612
190373765
635294181
649085206
348977911
256436521
116891678
164684992
965063544
912342612
334700939
945691876
999797882
717662713
925268550
683696897
648596312
812121547
309540535
387120996
531122598
594080435
515415564
657892828
830335625
199407283
203944466
55466136
393450450
940557002
533343827
211656239
357281624
607737660
742078471
466623680
802334439
330771917
740829153
518143153
236617139
422838710
427930951
824074897
274158827
193243129
197387207
809597659
621864656
746808772
855003626
694257481
221833382
441156057
611650884
118242949
790318996
472664838
617784581
16084849
788627427
157678663
653345305
968143796
875023990
304287200
726960039
137955201
95473294
243243571
983434847
177195889
429239586
720184019
950169407
191257747
387650836
732548400
369510394
103447681
767729360
15376518
688031223
661588155
727800732
919195393
681929213
410413890
107555856
82998927
573843753
768810732
450967115
586959777
540537353
429360726
491465149
626278668
883347280
695263555
859326712
258769892
644965223
370526936
729066480
256312421
427865254
712247263
755803946
556475970
62330254
116089689
166694069
35426342
957318315
320699434
658456984
792151031
968851590
571395947
881382345
882002404
202924355
232513669
191826356
931664379
311119450
704103541
23484587
120058034
411596742
43332606
488575170
246948931
70380943
843148648
512818278
769184903
780157911
87957344
518045200
344725582
540999042
593138187
975777416
858378101
43831239
541729156
648260999
68024833
45170503
466568371
79373574
799996296
997966533
712011459
435398613
108407019
26691697
765910188
487320664
351366496
245517195
352107682
22377237
862785765
199595858
846346912
900538073
746769952
406004926
122830918
258743675
654898435
129720760
903320170
780330181
930095598
700792655
340186864
858219295
472454218
179594343
660968154
412207538
45132478
770654246
198813621
915052408
555742182
456141739
708889953
694743576
90597210
361963783
144574250
59508526
215114550
766014972
289513213
326120230
36774128
594726831
222012617
960123043
718076861
382016745
829017330
651835642
610601045
776932489
54980665
322741526
441792074
758177899
402399958
612075886
567074582
328862398
316151884
679029771
542764747
745707899
243460917
107549809
149181543
615075558
217714151
702831432
767683479
244741730
81681317
571659181
819778502
68117522
359965580
370573739
555984335
512166721
449623436
18095662
40237296
600145339
857453571
335284355
647970230
438737132
470235456
133872689
436458676
633974149
993969973
681486905
980653581
602514308
350070756
13769596
483505596
405996510
33190041
583383491
37087922
251615013
172187723
942940335
3273603
651548967
883495926
440530639
475160171
766545726
623382075
155248577
276777525
581948866
929532764
891412777
757880043
700034082
41778243
869280211
173193175
203064005
255659152
514804845
758368718
743878153
56026283
319135974
780428204
854294196
880423132
532657016
535698602
971437683
835134682
837515216
767942398
704617739
266726415
343871984
504947520
192197375
505804985
121338838
443307802
176772193
601133925
678514405
727039791
785266120
8425819
949657015
415698989
556595299
806286926
403089485
902650548
430733756
36207857
163334301
54855306
359864233
452355579
538071796
895852040
513800778
432839363
510811670
570430205
496530151
432530388
493213166
365398549
731995379
121913742
292980562
549161361
795038881
434973490
986026280
425350943
798779063
168201011
969324777
385294255
145090285
494801639
973010069
703954960
143679968
637759246
18763377
972649028
22623016
440739389
890227181
170820296
5215945
483169850
425035982
608510677
852066350
636518971
953291631
639654488
126559089
145857334
795260160
671177756
19079694
598838408
333322707
899910142
170007363
877911778
823410737
914270492
55303078
895422922
534322906
863078049
301615356
678752093
797071761
990377292
219588344
721824994
887750743
687761361
788231269
155022441
696058981
417935001
522840964
873460610
513265129
53757565
856769451
65908010
930695693
245203999
413222577
739939183
298242408
491644314
668167764
102405246
731678993
304202699
250034264
424075722
85231904
808613597
268552360
981595695
388360960
986685317
111849543
619931321
826944441
649572095
974351190
357233193
484135507
538593508
948387453
275123848
786151255
389456875
470750665
144685739
218822678
367261555
880376819
428699851
800467054
226725546
408687926
976071703
113408181
852334040
862083010
301953520
634151670
770175984
537549485
249643334
872954187
180548449
316630510
538899773
586333728
804406350
357212746
716784747
739003401
976838396
675798023
723835627
261833500
839242324
754626388
559457180
270016982
649819137
298207119
993706612
823477827
459903346
444248179
675573353
348641019
12115513
375166324
256761944
437644516
737955879
86984874
986666430
484116714
331316305
149448620
957266804
8447572
97810460
662655889
806157495
536136360
189025940
502912581
614251953
807379238
41980369
745006401
326295226
63390156
707223714
966426625
968662878
279697529
674023175
789451583
660084146
962417194
356106327
973537245
682726848
510888482
888838303
725298549
331990053
200675018
387052396
184108326
970596769
160715616
986463278
105249098
242600125
318789310
43211003
589078090
136350992
326326714
760434095
789622813
511764801
431608841
931042732
292375070
509001901
257165428
33276674
440562987
774931997
815074443
511382147
678231351
771173163
118139359
253271142
531722346
828270318
666520145
682831134
287828244
461705844
317091051
849852738
380436203
554365053
229365105
8105409
127703770
566486656
866680187
282434193
879828157
175627550
297731961
346909399
133728048
355094936
387907963
616384815
190301781
310673538
597785261
233530541
39990303
971083033
637512670
714582360
936183550
406881201
394686777
739888264
161879612
53078838
651646584
457508452
313919144
7129863
339868200
732733787
546433240
435425047
767612658
84667606
981063219
726284957
483500032
938310439
4874966
74450692
524609755
395906922
482532246
127428326
727007743
181680372
184681083
962534435
456256422
918391471
432396571
465039564
353474409
39892023
903949489
497589210
350516753
803372564
367967900
610316609
731764351
129982149
743784693
147977087
170227095
840589627
218339797
790323845
555398665
34263425
938384120
736119788
830061276
651484942
823696745
79768469
257719773
407564305
138665700
654162987
778679408
256325536
80920370
487553534
550044651
785465742
89152205
52875821
800171231
134890226
134132225
766657257
74801064
843376955
803474793
350766883
271307381
611837051
528358577
15921612
652781638
278579272
228803807
824015050
321149890
1465800
781898845
581039310
457498561
219941760
729934754
307852655
553974597
494379510
146212308
94042641
34862653
496742438
666476628
283485844
569211382
220048183
670706286
860282921
595335585
170742676
12635215
126719711
13904727
12643272
725333003
306933018
235866900
715105585
644244768
739366242
71098461
429779514
362128622
209274081
276370893
457834331
63546605
935139538
465593899
266684690
929099242
642070031
3754438
370484183
308218380
34908952
731746708
969624191
415374284
481025179
18255040
776738746
634509627
450463285
911301680
914907590
997738809
274033599
574785648
259912761
301327166
774484744
807057485
108140177
166379314
620159713
48322270
963793376
344482675
878789071
881507760
252654656
754486999
63574785
94120806
989734736
898740579
738163928
938484856
197897807
154001818
25941377
437939080
13441627
208842529
882011751
878354681
891659449
855611289
869602878
15310806
675153303
364149787
947811850
338783501
328242527
352281725
872049590
623831309
504591063
737703054
571868068
412314379
691443550
400576775
661574344
826781281
561563049
796873728
64474042
685411026
95993037
420405228
819879297
292325305
830781668
772318149
185014969
461276681
923223609
690262708
717660156
617165469
790793564
253134052
594154944
851865974
110804657
497581879
361021746
748074373
708105392
6286101
682152946
253819477
873655647
336733117
41943229
786956761
715246686
727644326
456087268
608598258
436312249
488594833
715303052
912418052
164305091
894866440
206195710
636376178
750796902
117564264
92721997
684855748
666219449
850619088
179453340
335583776
697196587
451165559
535119315
693786637
900133996
633848000
814698567
189992051
110523630
310495429
681140086
855758467
800486461
273829982
107312804
490874535
983651361
645921366
462441701
597715012
73954837
27250004
813562491
816555460
846520937
479790849
974102399
769565427
380435141
491901135
560243421
530477313
276232345
170630046
284566222
569077872
836712072
997386935
632788702
600037918
378525219
67572825
857088564
528381879
397769187
99567939
407696037
444363069
978233801
294354889
241474053
53842272
476503253
693829648
897990456
612082918
57324703
1664475
753924314
142083930
906938262
541805145
322029585
724917178
835135899
636520404
138067219
580976228
2351291
969540114
539670555
815800470
248705319
67222633
888580941
280009422
431716237
403124801
154511620
377595573
349317521
428988751
881100070
282835789
274373528
930862689
699583521
512397570
640143434
904709990
666385122
258187571
335022582
98230024
407756204
693408214
656021120
671600406
838733040
974765145
287936244
786325729
222455661
711247359
123265224
542657046
818619673
131994904
243300631
164677679
407260633
140159461
356177646
367617763
870355284
763031982
709540869
82704288
373936396
47281351
141163606
860681494
955640889
895289195
657439006
940337229
651962064
874208383
206540751
519048586
548805428
367724171
76193234
827476967
596528915
326588143
378265196
265077515
881802238
559526914
214300066
260250415
721257921
541077547
30264344
22944767
446999791
279479402
109040992
912112141
540667835
780955773
211070576
833894264
697501118
236568944
356822223
839075663
544977081
815577665
600790565
478687635
956639738
987686688
372734727
439475148
791355623
218141836
999081671
628525854
506583779
8546999
15529084
108091670
873959959
388006777
887018245
322292879
146211196
552917527
79891402
261454468
377679776
919837426
898750866
9076444
264674280
296880276
333745266
638810175
662849183
310516096
946434236
899208590
986400799
552769781
964452224
400586813
957030160
940717540
437086770
139967187
59251405
173032064
386736767
692364312
854384322
511226865
259128196
515645480
414550570
570229003
749961349
904556332
406199226
382396816
51742653
386268864
177056274
986635502
604704467
546764453
66434910
15394483
434934925
165315353
232947248
396225533
524147439
469472273
224790577
347581882
832578085
168865017
85040194
656053633
95422787
822207541
891833831
305179404
303530982
546618563
564772609
518061747
625080387
84827412
276172147
533275407
594292364
233969999
888597382
58130550
345148816
704251427
193609448
902995905
908338704
974237950
854244533
834567304
233537992
19979691
204615809
34611242
277623635
609538529
243910432
899470433
759168476
643070373
415734305
950455820
237926583
147568526
486055564
692998385
995772557
996602769
681086902
174737263
243384410
923165569
270205654
743018096
6625803
818277554
38819486
580379896
924161448
332579484
81981276
370404400
124544936
14029833
122624437
34916100
492961351
62811048
827590467
319110191
682926351
148135044
937212185
947774171
221280152
158611785
50337066
649295453
654440787
886220917
461098768
287239140
493836466
68309718
911934405
866888889
375539951
808310370
386755762
144643922
434992553
166087797
377863273
516613223
169890366
980556832
730142312
419934950
94570658
542814206
478667278
311600339
341396273
468994346
830875887
488814975
380073842
5935584
816622186
130888712
169449595
216896289
454775467
23614257
820171283
418442709
451999513
114160891
39030405
264950363
127028183
381589609
381202424
649722228
256133346
484213497
892293721
853769114
782038203
157256888
799950221
413810099
854650182
597676593
712641281
301711815
789131727
388480292
861091511
822562158
936140179
219979793
151052329
988893275
220864704
229154981
549485903
945140464
600788496
764515921
964806728
726545077
328217837
607300588
831712798
388178152
339756530
68407166
248514923
663258038
623682592
667158831
357186085
288261483
360191056
557095665
489865148
290624337
532928129
553565709
254816286
756251973
35382148
385975409
792044039
736810609
42273053
947624322
382787708
836311907
313180228
720081577
581392949
337746697
858657267
791550596
526818669
392449266
265125038
871282223
616498422
674616230
870300429
522588226
886291596
189455926
847005460
455410270
7898018
78180216
818931580
201012561
687348278
619117875
90102605
152814807
427122751
978847263
268087613
163903788
618421976
282632593
91146437
981616877
977014879
206454454
43433386
820023348
829198336
104822246
595647796
444851152
707300367
321963055
753384221
110568532
807288441
101883842
625946551
677430528
246691091
58317035
147000732
915552391
689294189
820137830
525694170
957803641
159857045
471193300
165227236
160664829
626580166
823211831
361452913
77433404
289756594
586541319
228547030
609849726
907015159
448694229
335856987
943875587
667742687
478203467
175697173
134228108
480475192
517481004
623091382
777606546
412478404
615613983
194975710
605058397
335466890
38961571
4548010
45078951
234449930
329968939
469930076
210776589
668484854
775900972
55478915
999389011
212755617
304746714
160968255
678125750
275695125
354123217
876305916
37556469
91250709
329392987
642760828
755052396
464103320
963199785
569485070
929426890
892167158
246157862
29617427
659754213
250183843
116712204
881787207
750857747
687658901
631718135
699520543
960595478
286994433
149927836
392715392
192516469
392892681
158737225
821670784
364118269
91117963
820130232
950825706
354255721
611149198
199645161
596750884
243084952
407982467
118393213
725266229
64432210
707151837
19496655
699661511
269914432
942456354
634598870
636097551
44714224
999351714
16789316
165790301
838327330
126777243
108038567
584931249
959966185
881317100
296189129
750727001
999080754
295805032
425236790
89285171
474872527
76076602
131339228
556914619
535949074
131620145
458892097
619944235
193025549
522093665
531090947
222866983
490400271
658507529
873450958
675290445
297807921
519799934
694588971
763404585
474745352
874719436
596879570
94999481
524451018
67345533
6223176
864191104
553027347
499587954
573378337
590198988
471180888
94373292
579996174
591379747
379658216
846890087
175817537
203265094
342803411
664584169
631557417
567516428
554151677
598238608
874036696
442673044
998697082
906259575
82947197
896618491
208124095
487610867
485448329
937807870
590107714
884206640
886026246
317832088
38690773
899610835
101657789
798278934
622811004
476649733
890096150
563120660
945375422
272371449
31349352
256635102
537633420
408989033
851178744
194757571
573142074
850422970
476744981
346039015
142728479
663178486
308454646
263441638
963330329
201729162
255841856
819085337
183853113
19870164
179377805
628323511
56650108
911260024
347057848
276362678
134378900
431461100
125693851
5736686
598720694
406044059
525822614
97504916
992015361
504777653
855164329
349921561
421993137
985472058
199796701
700732372
647865106
469158963
548183100
467581087
170554776
30565683
456372798
746518690
728189942
198291692
628977293
411655317
197309601
301219316
401848933
350557486
603775138
913844228
740957536
399819009
651197675
941178928
472421036
223650391
581792317
392394609
928154587
857142793
477370351
577649001
835633005
172852658
295230533
733261115
365746861
204346227
203934137
581029459
411488695
961961890
788461339
117753984
832520378
982209337
628427645
242778180
919549347
36343802
64877045
979401559
236655136
328884017
42794736
431211689
81128820
403152868
382314881
992421145
889360081
681495815
606552292
702202016
977141048
150961796
599023749
567878973
77843393
852947312
481505479
307435899
825792688
967631547
144010470
831392426
826554153
840195779
799205827
488276346
212408318
319993479
990799415
31340979
798139831
273091576
678651914
160362794
488039745
982842539
866720684
689560723
928719650
215730147
842828712
814239765
194800123
516471914
807479467
584574291
682161414
735898755
762711200
208749336
557108652
354332607
861615801
399780580
528842003
105488673
541654738
431455653
910544711
583701455
944784176
154135008
282025643
886759474
785030295
303330082
586975022
503822038
693351946
170177342
533731117
713111871
629619498
427489237
408544960
835445670
58841535
249202766
716458541
122982863
812670717
68156024
176907928
322381433
784775291
669815545
65316015
925616839
580152461
795077112
402194419
568865269
972004593
453041268
45471982
47783270
548979638
757242279
742585262
802745346
386803492
74287196
356896081
183844348
844631006
107702034
215494548
413871596
472506915
152350627
340680160
514979601
678344689
926374229
415409805
672384507
725334169
957568174
941378580
7335706
318359627
685330660
760243629
687309443
252682027
597741551
552929368
75202931
606853539
854898801
750248789
841877134
559584166
428943839
405032442
461428287
659905945
374299081
530275922
555497512
887282803
962793106
794800300
154827816
956561644
862664924
828919853
1490439
217987835
135492876
586136746
262480126
226548241
652106699
316169746
598911168
129682823
643605993
676444631
867973564
106824624
692651590
45388978
174533347
691134395
771297612
37241790
884806654
23023674
733883529
709848328
570067664
860580265
681673354
251577717
476270951
335776296
881712627
50737137
231329681
231212083
712721732
150541856
681780371
766654396
584635940
64476371
524517387
875321599
597726522
737751672
492743982
619253108
33319329
470217852
312925354
263431271
188518705
68796890
833632637
12702088
272076143
770049823
147719677
521969425
149515791
391274140
659030498
407253583
885989673
425483946
880435863
468764720
298635623
772784747
634558900
483698584
376416481
77470063
996676317
8103420
684614379
695841807
335570406
829920009
201692961
822125674
98220199
886874031
683722361
989475854
988561144
499635602
193970173
413019204
908496682
670344673
375082885
52576158
146202466
290960054
309721470
704370816
99927578
61727242
564700506
805474841
595313136
765506277
833966244
716535301
279122510
476067853
443489204
759859404
162893510
574369903
589229611
803555670
413718303
165843049
171884400
29813465
455818829
511140393
493004693
363455626
305112350
130115995
414220053
429629449
103171568
253783149
561652923
79613979
27831416
77657353
842569370
7820041
345324287
824980219
96169554
704591903
405358437
931006285
271553422
881151262
968357680
147765951
485172412
383197919
713025133
997315814
25131059
522818953
243163048
59257142
809522842
909970792
38743959
62104154
836496579
697751939
338268019
925461736
414510870
860395043
44693966
170768569
255220955
349346122
864596177
911929282
960502122
215360175
84405501
379278689
946477726
529374361
832496073
781875541
806425072
883526986
808235375
767149490
551409017
657065304
82125360
588147404
164259754
316580220
456688565
298322980
875109400
1963122
533278499
365915113
314257329
47952901
452559462
468103402
998606327
13530115
376162685
429481833
309601152
934318178
900134692
817765827
346643170
618497290
118666504
303770471
246250955
612925903
29205074
212521355
460786209
579090542
109010336
893523389
837524702
55852301
351284854
238959059
316464420
111377212
260284939
655289978
54775866
247174723
992869970
85410763
625573007
448527642
138274112
800327416
106459565
81502266
896355051
998488830
932613212
758260428
749207388
759320810
15803817
328121783
437342803
233269462
824810126
87045015
881635344
692028720
116987844
782621985
337512719
302654486
526504754
465581964
656486412
944368793
791152027
498845049
539105761
9370256
452694850
30293075
404967844
651837276
395179168
800287633
233966731
217379751
974423950
651168465
531794979
48387364
917742089
221941188
698968445
172471237
921876801
891590616
746253577
459864737
936339536
960771014
977096453
192004406
149716512
799558756
458319036
337175432
694277344
890054632
460518272
886040091
810050154
705252442
100856602
927322278
959172128
584771950
235069748
963933151
892177939
627221131
211167921
385217533
210974442
862688621
885298188
208574486
976718382
497381207
777897353
75521253
758780151
217300171
10395138
152654751
342197463
250964904
893146777
444895213
497561494
20477301
86594549
971228996
912200640
44107459
542227564
728174902
25689361
473590562
267655709
771048419
838853455
894662901
525133328
315415455
174450631
398298825
162402888
48079015
501271019
994700062
239005869
823136727
514861508
3312502
703283221
362109804
636985501
704618389
497763651
145018941
920429953
56285471
809501611
599301462
470439074
263145231
451766361
971738613
691862466
434345484
882117604
16252478
233329449
727042383
543947808
736391697
577332188
682432945
888309297
444456758
200285186
360707698
871104786
9661851
249888224
365592332
994680549
303950647
524760102
73317128
251482791
419340520
23797397
590911751
993324693
862283599
280065396
801786078
37527172
843740717
497130071
640680044
273770126
322626247
799043859
538450503
72945651
511705070
206417234
514641283
190720860
613318713
757021543
787605631
917104803
31493552
969647459
714857061
886771935
17055714
929847407
668231696
641095079
568796524
924603556
856765458
176496696
872610381
200128004
900762710
257903439
99634516
448837229
970925498
696991405
954350249
33622633
34059509
179420801
769191712
35822133
456743852
614638698
860498016
984328388
433043206
556319632
286040626
481317997
455482361
194917580
119949207
338890214
640653908
718680950
284660191
382561815
868843165
935815948
183057963
423736679
213066471
202599913
669908759
498199603
674466744
565359758
335314551
70209757
251827034
305064770
225570446
346779944
907550351
757029001
876878002
262399443
888550266
760327160
495855856
56652828
713928493
931475567
955228126
556440203
474038998
163119052
529106433
374325649
356743058
589560566
698308449
453198477
77147717
601515282
185019530
878453152
635663537
660273260
679758497
532754264
2117344
508936177
766482582
145467120
281602841
166254159
516668546
76226075
841512145
751676399
944067187
212672070
896658035
128087318
215566488
338722092
397518987
711599633
925839050
905756672
67361373
253414383
948892732
926147555
498063874
876400334
847240726
327371714
381112539
553608932
526306024
949414909
289470564
925655744
457989401
998233646
283105467
73416937
389383181
255831137
842999785
257783337
431505808
818082923
633098838
613279633
591668771
58252081
325171104
790217071
443655319
299320268
500006518
652396520
126658801
713757976
622693911
626862736
626318437
591137165
584984989
98460053
757983090
779598348
563497345
583301442
310256566
313106415
249178532
221102619
167559254
67256947
784005395
165307947
386772163
596833468
818697368
153978839
370727479
202187534
660941010
896769856
141707851
173338026
808369558
338687776
99243016
197406334
448729874
147556266
224183017
261474890
394471977
680928108
856111649
739574969
473121179
522440354
12457405
737527336
883679015
85016255
307211205
118311737
793516357
368580065
838722906
268303095
234984144
460162752
796274094
191478314
950114704
626084058
306676674
235078564
220673991
317139417
206753385
47808687
366605052
764691789
254961160
525682612
770311710
663648393
75875418
4517435
770410570
230197120
437825719
154765434
449586250
546516698
130935328
130927140
326433702
614496712
907357036
856818949
328151171
31155435
649207369
443328928
631559173
955379494
310292959
436301876
407011229
156442149
13244877
112712723
458442941
205803376
92741387
500637822
222684530
336725120
343335928
793273246
749784332
752860712
728671460
73341170
31985092
782963281
941737346
475250202
907752276
205285290
454164249
732433981
155879561
184411668
377231445
408375538
773388404
273887636
632706960
609506277
424273852
761757727
349999495
99041607
21957126
222399733
941414750
510159221
846489902
147646929
620051716
908808234
1988395
92711166
752453658
500913291
739304986
865876357
719405675
590512249
674521407
735345493
425223922
393663615
291713739
306177946
845535245
188825136
686427653
890548518
408109959
332811995
503576598
73118963
214741599
134088607
367577928
749355558
780210283
191363534
888200294
317571604
407131357
664114412
817499611
250029267
698072709
884337127
364074658
53741136
522055568
94234225
975482590
282344252
467115144
29791039
243984027
263421432
261327471
750425872
993119018
164399636
144491417
953649174
226768549
763360934
857640223
130619103
976520117
26773120
182960775
286010722
16518021
821818325
877185291
624477151
189918139
991911941
976786459
525460406
638095176
780256214
796613381
795666924
807480875
214182186
234752337
322453951
597380844
911270387
832709663
538597489
542110403
501813800
925786936
71943884
755822605
785381455
140696172
598526962
171078768
88897409
35853283
871554869
281568337
995590506
84577285
734680681
679599470
968394962
97194225
515837831
978915837
243824994
373004749
66231217
274469785
558297168
644030397
724791985
858696218
65576465
999131719
775668657
903893566
910304850
517977862
240020683
8522486
747418553
738957747
832697463
802300150
969240032
773577214
635313549
697545740
892816885
989595266
758507791
452341382
654449886
506090949
206489685
299469756
201143522
877944624
561821669
157265704
989839737
985553364
508713719
147424326
141745537
671223438
255211712
725748765
364116341
442300300
895210690
347989152
981018022
700189058
581672802
36848394
268662741
608352422
396182764
466443113
556118317
85823983
981606406
326997526
172326281
411957096
964670120
667623662
584929881
639488011
372305644
460607896
218517117
77096140
910483062
615257016
734555646
629010351
413700259
21513304
90495151
249470452
650205945
560662693
231206915
913954341
245440918
369697675
106721537
520045867
681644741
750960662
468729270
65881831
513037334
95545102
823268009
263726053
288042068
872672988
294878640
103519955
602169633
812690487
402842344
848899473
502313997
237494363
887499099
586329020
616114334
295124599
635729046
223046590
643115974
123062322
187408150
38689619
178100394
166910218
779600983
94138270
766864683
450831648
504963035
297538723
182862691
275194059
418176660
415398452
630152888
284617544
3131954
156259380
129392439
396643387
421057439
728072437
800802954
37945192
296410678
189572450
386972753
933177532
242857568
560753391
868799625
187621864
777769467
824978422
361769908
229563415
443781260
885313134
413120521
113667924
548134539
332233460
124926576
72907510
896110678
203983140
487771883
633671279
199557810
868853271
313472850
544128115
91691566
314361008
66083614
417753970
294306343
977526555
236164363
924626579
96320472
127941648
319414362
139384886
630256574
602919486
515730839
660125449
721225763
171883621
813027360
642059200
335099377
28349973
116237921
780650087
818120007
707788538
779275443
271993019
548514357
477079146
26742295
941059541
997060775
95522730
964920969
722969501
869329054
753465867
837831479
261220741
282165026
604239012
554336113
597058965
512906630
280829374
429575437
512442888
813999172
262769504
300079890
733624182
631843417
957835518
786598447
584164087
915007924
911636199
964573518
537569336
75754480
284335826
817224552
788847599
172622120
823628932
753142653
636860167
704918646
804456405
905730224
347312832
810966497
386357419
477320998
196021007
990784287
868470214
398686773
954408918
886714508
235817237
534730576
292151900
369020206
278663750
155587731
770782354
803996466
423109249
226690444
304530001
683402914
263955753
81845420
875650193
34605483
472715456
580306211
673979533
108777888
522374101
868980051
809846108
675547303
732927714
850271300
617689761
445868734
350502599
875422425
516945510
112355206
49827926
144694732
930407424
132653673
680398060
407122073
784345022
216724915
915956163
315808315
547810942
609153479
500663466
763577096
185507483
484234674
614781744
635108389
95771946
508785697
748104054
206149148
179657189
560978134
412792159
480343013
937080674
21693153
355680131
463984741
243882246
163350713
785508588
126850240
642668633
518681979
475286004
674385576
216153576
366261997
555059199
770511010
434596755
935364522
222921781
729675764
56948949
917652203
661793364
299711166
459356852
88355290
763171823
496904513
254799330
286046218
893603528
809273251
39999573
381257821
640460305
996900032
468598902
415624497
243154659
730485978
6774934
863180651
595307997
444839119
106670956
256466717
716074721
930087855
999194442
318468946
762118494
214470725
795294538
555969165
611884070
254078380
596151256
665322360
378907526
514213079
874209392
482735228
301195668
458741307
563021288
740556292
412405667
839647894
434652070
355981858
111713186
200808008
365149196
353861984
659793782
562577424
909341564
388101891
449037377
968319664
691817326
975252500
787021528
657933245
613743618
610716912
267912848
699451090
364127714
752367403
453607360
813351079
43643835
666727861
576441612
964187198
850718990
213199161
522625785
449346612
764065498
476138037
780617629
103051288
359444507
662561813
349274618
599332387
131450806
604698969
23230739
158117891
877044282
234776787
744585535
860366722
189059916
444032901
468038296
694237061
817597221
299021025
986768619
672101585
844447048
791367008
474575775
286107303
726898467
83712343
676745064
935118352
597383055
411391650
25579012
145542660
308220636
248959400
843351756
615055912
908753789
212415897
561444726
113736307
72297609
103330213
422006759
321626737
695687694
982545918
122189414
922124604
170832366
274663488
114225151
412087420
248134040
216001699
759631615
101033442
559329760
65258060
620912231
359527720
483154576
278413051
405178725
616437346
982189892
590302827
137032022
862894062
221494065
585682231
901895401
788675821
928007802
943075957
151693207
396384242
637697856
976694255
952398983
891176457
424054930
523185135
653821357
495854340
399013141
635491096
903228393
856142204
484073989
615564103
435371789
960930280
226612777
973290389
620012789
63908684
648469356
312381228
205955342
627893634
679646759
885433188
985496310
7416925
741366707
928298501
198744974
784631771
959665378
855995638
987053613
456944260
226685732
19479274
852097068
911803733
755701304
25477318
330041764
884062406
81802546
874758159
322649382
524443477
262939936
914669926
247718692
886959015
902644356
458632615
415383765
370828257
284485930
436406504
894928228
898123626
107017113
825270996
674616282
594851417
71103380
578413085
496441781
667340234
362628020
811364609
304750823
472302127
395743456
817446133
991621999
195120574
53922557
10636816
917270288
264991340
332691748
195017539
520313999
312363154
977592234
164189259
269398476
203028158
770866024
224755012
570950106
197235281
806809730
631511782
678683555
355090511
981807200
19373292
579317230
923888514
37699102
524545919
667921155
369813367
152097525
290556205
829007898
984706040
329429872
148605303
264852126
536750685
696865907
741572204
383662830
767549605
150960708
807966003
428424949
190296769
718846953
151915420
720693226
149233880
395919355
612864386
12177800
69063464
925400969
355014098
273092692
228249522
241994100
343597967
173676243
433421130
18056541
353354910
118731230
241431099
542478332
312383009
288381380
58698771
785254104
778013998
844482476
991922468
721343055
809779889
386466886
289144101
527800589
654492210
335482110
79724738
718268426
9688406
282005968
668798186
904239262
176862106
394721197
744304166
835155963
9722373
524081966
881838626
625407452
109445080
303068898
263372809
576598402
38649348
640083763
383316141
80852857
354315561
601275115
271838397
20263316
434891511
266536476
440111994
683042447
501860910
959578211
507222146
917442312
798548811
622929257
564058397
572171200
996848102
88931471
998479658
463750655
693448549
529653377
968297720
44330780
446823524
785116976
317527630
714155297
952489740
604900836
601462313
305423139
714544851
714072810
216481159
495044647
772128255
295084436
944546614
791341719
797361557
50204762
50912025
781132432
71009323
426817896
412492900
598563335
189811034
344673388
787174215
14710331
44202358
13345094
542427911
213559544
794310702
924890392
305541663
177742705
329843400
634653171
679560
70369202
788001814
619731195
166543078
605788042
373749725
348407064
767280037
541344440
448841912
263556773
838161264
31781001
189125284
997321664
561297
574708386
579553590
142812654
312573140
144127389
874234348
264552384
914604455
422232670
620565917
326851722
740845599
50741134
113401414
410377100
273335628
760631898
17115120
670802759
157774996
971130793
700607960
907933032
504902860
601563352
273242476
881056148
13922962
309067773
368174094
731440134
213101823
988852151
374348992
908831656
410786253
21436432
556362964
475641657
19241532
379881128
183318170
658681997
277815066
468547435
340252275
741391700
98614399
790884613
513577891
870301303
369483011
12199017
890822360
657090502
878839118
392523559
572043194
118527062
106874854
463910985
811364192
660960898
946388384
637850455
343910014
721749092
521615742
778735992
293220679
413584049
968343873
827247708
425736537
600566320
828810832
377930617
484735462
976685735
58824527
888030971
621822328
355284988
958667065
515056057
499774620
587053736
795783414
698944010
551506665
917932456
957655855
226541717
664354765
425784193
142088437
781615343
512245608
5080027
32594792
500108525
845714578
549383278
602456812
967758505
790871992
74786116
360691429
972663524
149651237
936240635
799553075
944934372
651659564
743249231
701897613
985653933
732821692
246678494
174145785
172280967
62202789
322491341
241056793
973059078
609570377
103391921
875493060
239016828
100812449
121237871
913148252
934009293
279276703
403821404
540199689
390850679
701518835
289154612
362692476
841024507
8716927
297411451
305656874
74869746
810969877
41532671
737437645
922633425
236444339
728987601
851948607
696079273
837269163
218949413
62613217
36282362
403862135
927270978
143225109
581597007
391680004
65650290
118201203
763760837
380357396
864498356
468264764
35133317
117624811
426688038
731881182
972378383
88547226
62138364
290273023
827288554
838901852
523967181
181288661
571842212
66361077
628390777
499950516
928177755
454338610
191008841
776930646
809883144
722201395
537676275
460687298
923683169
228143282
158416338
735965647
19002977
763758686
129525778
2947464
444996444
335694684
474340166
160302033
482585908
754544046
665670489
356046466
733479802
596835300
35971427
575924659
449927458
606360645
515717716
569506168
1383482
131544961
440582298
479611592
40746684
414884852
286763885
311241968
263145896
537804286
789558561
311802021
249626292
143029181
786133766
379288475
577113884
530136453
447343493
919425471
500930466
673183323
797855213
40289589
733376230
720017825
915575388
267382824
340326973
138567292
698901906
253350179
464472435
106426946
94793123
461024894
125813610
773475439
870952988
306497330
180361082
665196001
91618116
95749117
111100300
48076910
262945202
854993862
984771600
462256436
295768302
719339957
466607210
541921958
257418293
377402264
91871079
688812823
972063873
28465254
965096506
404546704
407595577
466522348
618548423
936514809
885611441
182963454
414215575
773116732
749053816
640622711
64610193
30022472
378571057
861751410
98745368
282673004
519889329
120137743
239153756
4673846
443749331
172262458
571672956
504682251
273004684
292064180
187615412
201442178
203533875
717397362
132145715
891419334
788115487
76145384
621827884
171352045
728937126
568758623
292623736
209287977
841159576
162252247
777049228
384956072
437273626
97379996
46407533
561700293
218385132
495735423
158525086
113720134
735905187
538524836
992247405
384831589
648296003
65747900
59131339
46202755
132356026
472809994
548667945
633273315
450056686
700723380
49438841
558993781
326832319
333535237
415893476
303411867
739421369
852772285
459151538
952603723
655267638
680621278
586720107
228076424
882568020
815054439
716981150
192039795
305340231
22367243
786130819
31016231
348353730
283777062
764372999
167009440
171779197
560662012
75753371
989082825
528038330
272456284
613942779
389801850
926025583
360600966
73391145
740555035
410355168
300717474
192770021
474712886
584938457
555506503
427198619
526242076
327854190
798846802
720842342
927315610
557100357
694900597
461497107
517048790
640978575
190944748
375640148
291365428
741966449
540439380
326563389
512622113
92242830
665677492
563368803
690160467
823945602
443162811
823148918
255289451
945523731
723679540
219204248
929157258
112387763
530522817
370276093
522769667
174662203
743585508
895830910
935184213
228654972
450104242
449227263
892858011
590035468
824925880
97662491
997296583
787242838
277188511
290099269
70593091
456170825
643717027
19676027
941822611
21621525
601011628
498979492
224360578
536498565
146372022
370264284
725151318
200626995
945532484
202832794
618119667
35904945
446976233
622228909
949194781
576812768
123798980
340131719
285697887
283786830
667492062
461451779
420454485
353541564
300675732
565360448
574985710
363548875
810735999
686943432
756911986
478241785
275600485
362398332
110481336
860645689
16931784
875582202
915077118
204384203
649567409
525174458
733538952
720842990
25377269
38831842
876950424
392659611
176851301
898657876
831036579
342643587
453858769
409540764
782904354
61782207
350962907
802285024
308478624
39082920
955898954
857036547
997585201
528157383
819910351
78562024
731508302
547712900
111038713
317572880
390464240
971719711
422941191
773824927
705127027
15318799
874655703
601571017
947241766
294391592
183030725
329003382
418309985
303767157
475271291
631715982
386206542
386977728
276649310
100620040
227569204
669081860
171412563
801812198
431061079
108299204
199560163
97803964
851888570
633239850
716801804
311986723
566183015
289818062
17340345
992354586
266247389
433448254
454455189
403663183
946652531
545946016
837619569
994041953
983653586
723503168
69378025
951611816
450635372
478917995
58798716
217196507
501333530
831414850
665257353
312062814
992953393
644348250
658938443
147418870
387294668
270601076
905362324
452798900
91458082
396802849
764288524
376329942
706927249
577619687
816345626
153227548
300330277
264963687
116904247
888349017
167267575
753994635
902595064
368548736
393513758
285164439
749714108
355889627
328232887
857830411
199462691
721182402
606087714
322657239
644310615
99712353
626714923
152952686
931529476
402488525
276871176
386453334
907137326
825705788
772675381
778481569
983167730
56274942
36625031
335968601
263306362
537781397
138429513
279969751
158663317
542411149
791247324
858764375
404011063
292213339
374131653
296752490
320764463
425250952
705259424
710823335
976119833
367423032
964401046
738108169
596762969
479896312
256775016
474328905
513221404
5535048
676860220
558551358
676961691
797865034
87110702
95998850
728877833
554187425
635710273
157597000
430223076
913605597
380449391
616195120
689757164
343796038
841533794
623655974
723589711
204398967
340931429
860062824
141941915
748110763
544901961
877216499
904619665
952617149
289475195
924620295
572257389
111080853
873149928
362928157
724435027
309484401
533678094
643906085
661420464
764164265
54618734
854444952
874210148
461704081
479871331
862006765
434217122
563230702
261378015
676813691
176245910
799513192
88308728
415032643
315162215
409678683
185316296
451178944
607644786
728866258
350847055
945859804
514709266
143411129
171837851
114734220
456066781
696236732
933495568
123946078
884356983
149567029
33766555
872680936
574767735
910912796
938565899
976374009
796705937
595480839
327811758
139932475
622256900
226156756
232718216
338396835
112808850
430570678
426446988
64695529
358019389
253702802
483766330
947915045
590503409
663737347
156416866
425847835
671785960
134759366
784107082
442917647
379194720
844850142
286571316
939681970
49462878
681537302
315351775
94118072
812613806
288114171
748100175
187146041
352857353
944333855
525544154
231858105
341948112
555270453
330097874
385649420
567590597
890354453
827105360
125246550
158110543
448718946
743464647
503132321
453313405
547257217
967138334
638273351
854911194
719012766
181111929
937225084
362529874
596163871
710805633
631923656
103830839
111822577
792758641
895016637
951017454
590181444
611055160
73161743
848490960
612355865
448953450
58271047
493920595
250381324
144617622
269904555
622886364
82718113
51409108
408678478
802057691
584758553
91617813
442785767
516411712
261796281
412474184
847905962
312870216
478149929
727727814
685691119
261963208
643781658
642143257
338518495
36162829
222064305
618676085
476561702
634392935
264761571
749638911
969518380
473058210
757206429
987838850
207310883
588942214
140589465
448740625
855824036
117501040
489020751
71029074
795755318
341284146
980719439
33538025
516291730
838073438
14583501
811238367
61922116
649652863
384833985
723588617
937630714
126034524
692863981
543444501
591840407
149006693
903930875
453442042
245059528
737744256
102495715
1508349
22118033
651982013
567027832
829478882
753244691
460316426
689687271
455807886
525162282
736052263
728357176
413784095
165175386
754643781
850092531
30000045
954545531
955439717
86701181
832167730
490395719
699534647
525507278
224460190
708016624
708307814
883059567
181884870
906482146
627766186
159851245
534193485
477126371
387479737
76032199
939858873
97201335
662378256
598439926
763668325
421907485
24618135
960800521
77579059
749176994
842113168
313004141
597989907
267449087
809223165
206362941
313193219
561943825
968117617
528261205
783445472
888779511
386008152
58368546
488877594
551821731
958410011
519703666
988817529
493165679
174020482
781430741
125808748
761207482
681451182
871581876
854038617
488888291
239313687
874557534
953973987
704835853
999808826
752980594
934951500
869091694
2987878
528799633
684566035
994758548
626936585
371901895
576371095
4275301
161275481
236719006
972241571
725132186
613400632
562585207
921934347
161102420
388566429
748396870
70520703
616601403
773865344
364132001
731629356
948918493
19953708
218332144
456755724
162104346
686400759
983160212
854853584
25668370
841796205
282713424
170451034
598740188
246363040
975401823
277648675
380830284
639666892
77376969
103540120
64805699
564591598
270890428
54446512
756016131
73590431
497004881
170604103
823527781
183982098
383570606
437992192
719713090
757761252
18040454
302044495
376495229
650343366
952894197
202641624
637572312
853120000
46370208
937226319
603250136
141099853
875565080
888182626
428679649
149557565
965992314
592711458
333992210
808972873
289994340
884574808
26974650
813316105
16650021
633526156
690008880
161115623
975279105
550708219
141316520
458178415
577492994
49108528
764191442
993724602
373013838
436675499
324618865
642507109
460633903
47616079
175403747
496833683
79408845
103994734
497044574
631707644
672195103
840451430
789327500
921109579
375771965
27521226
906422622
638462213
408361351
916850467
702417621
957734577
210623149
153327877
100454311
390673223
632810247
974524313
482521826
502504017
61648376
276943799
154175618
856353738
811030064
587178467
808416884
766490656
158279030
829669784
88478737
101114623
526822074
695402281
10048304
442257882
635703070
419027509
780132776
825599399
162722300
22443185
804300757
718316638
33822405
962033291
934921171
395276677
972722025
271848021
395515768
355244813
799308663
862683654
851888569
936325096
50440592
378173877
713767380
631541789
987224931
128581717
74617711
965391789
503843257
579182168
591498049
987173084
923172276
362520115
748380096
642443655
616045649
384961103
929526186
539826338
660067375
528205998
968492268
965931835
902853454
875547969
890499009
296346773
250511995
758777753
11004195
931260065
965344560
375538206
392848791
955013315
31158076
174876310
167816515
468669423
207615584
449767263
337776612
102644850
561444800
154128707
147805540
873733984
819523555
141405559
701984885
172619207
864740406
212028549
710239414
856199812
76589760
285441579
888037860
533537792
49902475
688198517
756594419
561992143
915462459
80337995
31895428
486524951
767693321
11729853
50129861
25591603
157030056
278081752
495983070
438133826
852495146
524567478
203094158
983743132
689923228
839421070
336569098
604026297
227602046
74018584
423554685
376976074
261984559
549818841
989916231
857375804
678310363
336722408
371783827
592085810
667513108
665786999
265587449
215908313
541613366
136875198
408765125
750697640
278162456
561330345
747640117
305230909
803086052
428564553
261675924
141352264
403804076
332789787
896491912
636482610
422166427
478594400
147743422
48452242
517362234
354001034
931041404
756291836
530885352
660656497
65242541
724669152
334938391
885713470
258910586
921496222
28241430
308524153
428728481
493932265
883861998
368498667
487723259
581252902
846262602
578975130
555928750
658572526
570734161
687899221
444247643
874870389
220570611
375943950
133112913
494725434
76213533
763451052
321243668
324939641
672974009
744930214
952802530
417136409
591350381
141914956
496584115
974136554
220884837
270549443
714005914
975109762
722621190
439795378
678485715
469136372
928966563
303344536
696433221
676006528
370499208
12436440
999560460
675519991
654397201
315820403
118751769
37281387
574650717
390735432
827075545
239310554
999626702
857643683
782458229
979779793
265838846
100332267
968291639
296414353
853347621
470427103
125953697
332340990
214869219
315935400
703570260
900389400
506017983
602006438
157431257
999590802
641480964
474144087
580964974
942204041
192813761
441033022
752286429
607912682
602372304
840991066
714047311
598232399
635208713
115487100
147010328
603627931
713629092
412854042
934775816
365466685
558745273
811160696
611702529
993296156
748934672
607720085
265349146
963571095
425310351
251472303
612958507
286883557
309215532
92694699
605017814
167168348
981773852
248796100
598141961
905249371
831570020
69831989
217764512
470051125
169895973
610835680
173917800
764194980
63875311
349770942
482516993
63868298
771345814
849272059
591300225
768058519
839978274
650776996
932111888
279854893
351157212
816219171
884710166
227574652
955833343
938732363
535804677
15996588
285256222
320858582
937898759
476181447
348366038
320402676
331698784
89155305
348533646
712800131
911047646
216314438
810980927
576965371
394747198
528840385
103531295
457698342
940244064
937853256
27839205
72309410
281261034
630453141
405050191
779374837
243225294
833911890
35304255
396650847
887067416
864628672
116086226
875655699
55402829
469229056
215096833
19816652
446954270
642493318
815136897
929824306
327967816
171125173
184332966
262342993
251012278
290512946
311327074
1744495
679153117
907695973
940807112
405865774
497500277
76833739
693429509
293837784
533076146
45569012
694027
873263792
254101723
225529633
347468545
573044110
629717417
968988586
749621607
144448526
379640111
884765195
298608810
196972027
350860509
543046167
175950176
908330465
937336935
428197456
899366338
481418229
609553892
548235578
184785396
228897616
595060328
205605181
469618584
568971575
506690419
210667079
598260533
870268702
578281463
784735807
347585255
406648650
626978743
335998670
70967983
520265734
826676856
792160855
102969730
853092311
288073837
3776912
228733484
478391368
976795673
560498117
393227544
363880644
35908275
311264915
573134327
384197817
459268676
232353045
729824936
492217072
388473483
803982367
471569336
66076703
528667519
545254266
448591232
131545128
929484056
47960918
355304197
971109085
928459581
664564872
64163326
74943214
458899021
285064800
910306364
672383727
366382479
415831635
813707809
723418485
122611583
873434244
164933336
638003918
379092295
482466517
908813983
854127230
42820697
672382695
54397168
357968027
74255942
118315050
425195057
436464388
131360953
611117564
708493756
851306120
692183978
546096228
354308414
634620672
354714837
499276692
46914867
275377938
12440536
547054893
696226083
501717145
956424578
734447502
322587589
389349225
302029349
297725155
894685635
186918525
459200822
958854872
268341380
394920652
419418771
677393476
837790971
341142343
615728770
723226700
281584700
976007588
172945487
945198384
311734753
412616682
886308601
816574178
425383726
873736060
710262783
143982457
857100477
128750235
561998845
405567183
670130155
966281000
142460119
11753163
756162620
192594621
880276936
457745309
696382215
808485868
990732063
869318258
979942999
750772869
660842927
329953732
676626541
625707637
578413821
648452107
388476881
778225813
784454889
453491127
976848094
554918994
818068274
115345877
102139502
806815801
47742818
785651776
347190625
961709842
46605737
783444905
334091397
66289084
772817476
122787698
516866506
809556608
309780625
533594073
594758205
825522561
616646306
587496850
331358296
945724797
833866492
57273132
715460286
220104531
951593069
61944962
522575722
784220890
283715271
351068705
11891706
728562195
437430858
539141810
799808761
693294382
519287872
311721238
232255295
342233561
628612353
446951118
890545653
122765562
577791081
479752270
169765373
228790192
406765160
335845268
569509591
359397669
335895772
519462105
149791003
11430410
625755725
247201919
855600296
728472001
881254324
148656828
273558168
61469045
938064229
897625855
473410326
742198461
489980132
321574940
193861384
804546245
121733546
62775602
571323654
591718650
18263950
801443368
469187498
130152375
282346536
473492208
555833985
795006477
679151044
624739429
834725614
696769889
113106023
160385672
490034992
711538718
147277605
429436743
136846705
647941557
117548170
801964620
413221896
577848540
135700392
627748922
561700655
523918619
154533155
471732473
990414307
373619249
288823706
925806353
337842421
523681516
994695066
246665807
62503035
926307335
590087324
546395153
440373851
719192228
735090980
567353369
790453948
331158923
991033751
423237268
329813047
41774141
646503902
424416737
48434527
659940519
693265914
375803769
804625935
515002142
201686914
272522117
291564283
626679289
781182081
914883415
956194931
757412932
291520184
88484623
902578492
552763918
951502594
170030210
651022357
186006895
772992181
304981863
542894320
569837233
563682830
319318964
118279437
106969453
999159314
629853397
144926397
164136670
764506424
35059973
767718054
163434608
401258246
547041533
531940700
115338881
432842238
771520885
387640482
174911010
872192079
879394349
814846393
320977417
664288389
938632556
481629754
211134102
434138848
506055097
836034152
160730698
310935808
807910236
810935616
46231397
338251638
522281277
208151250
38505430
230547357
341389679
227880009
610047225
724965063
671368571
424880612
575338653
760282167
600804105
426963574
981589726
315817672
99707887
388240429
597231523
437015700
172619580
757348201
210805251
638236685
630704974
808339789
911063650
525807412
106156009
825131376
909831
876425061
252301007
113873347
161955052
856405181
891278924
825501895
713046402
329444501
691946975
554323217
635461164
300158875
675760529
860075990
578163481
928967986
34633805
208578114
354225133
925731521
393841312
924107620
83047468
944181410
629657941
32789102
375710588
344346971
756358376
919929613
491864549
247785109
409771055
146358548
917302724
850703569
365252050
78886703
949650144
112708639
417910497
32872299
340573760
514739467
499620409
816193807
475516209
741770360
125454076
827146471
123316193
908311283
149458401
597162556
613812696
740964808
643566758
519545514
522332418
924380931
535413140
724505001
840792139
930109029
857622329
530360630
946882924
973138023
150965223
357894270
811351297
922378191
511221303
679791488
874932765
512234756
406113095
3343665
980776455
992673899
183959237
976480242
414481744
196756950
930472480
796279368
852046185
622444834
682896579
376518235
476631251
948975769
865528521
116617481
734714515
566936206
569183563
848180040
487938284
513607355
528111834
355558277
520126245
493428613
370386152
224581744
761491234
573622756
966899974
682096540
706346651
602123364
822215979
941992309
90334627
871403634
360906062
525459489
683080179
203586059
538721271
692152920
349059528
939540892
473661005
7678979
205317468
329067301
732114889
9802200
536071255
408215294
648006424
420931837
225436445
856629576
764261939
97718809
969759150
704826499
130984421
695202100
991795914
908043282
736086161
325623729
912344682
832875372
219563194
69107673
76556883
422744776
620948780
192884950
332570832
247719
455920152
874542875
240660644
128453352
562170371
887990726
766214651
387770706
992927783
489960782
325997300
879624192
838925458
802197069
988618334
283244343
823730249
983327668
184615643
831917408
978134093
805898817
294172627
943768747
328791781
884183594
928261472
417828867
525507265
397802818
164143989
313352331
775610851
894372926
709492192
500626077
342401111
960757168
490277982
704679493
313060320
137851964
570512897
196210528
826308669
175638122
613762984
624654876
745761406
116703813
885776774
536290344
30180247
832902828
767315101
472759435
770832215
331655652
503378953
557932164
371087449
128696299
815295102
168094080
880822487
372688278
850257685
807708676
954795571
640570252
691217351
456447314
977811080
125747667
590825089
777179160
757317171
145240218
882952650
866555825
668348138
545531395
454421866
38558161
87080426
781616205
43928678
527172936
888993859
605417027
999573139
616456874
472690683
433300701
921567342
946255871
159314121
120609894
119531488
458855075
688485101
479697203
989020298
398224953
465450561
153416682
412310296
866665552
447170113
161050409
410237161
549615833
383283460
757812054
376033694
322950418
353012311
659711868
952868585
613892448
277565432
1861027
830114817
290430505
288279541
273495866
808182480
392016767
131401330
693419086
22982792
881472209
317172283
861865935
14862161
23960508
906733899
650573644
528213495
598249856
668979876
107014421
877792498
486956839
240403988
908155593
440590175
274604272
753940646
701934333
805730912
125763024
832309893
328687767
274910259
34378780
388686094
638120340
229846834
711964983
62908502
44804328
666725836
175997950
480657236
836005840
27866798
251354926
31686281
339867216
719789880
745568876
311644361
42520485
328804151
693040045
464628280
175186698
609273224
721275058
883475731
798216645
515884178
373391093
437273041
652466786
275019663
805086888
391054578
686659071
726638700
36673539
358444286
429841848
628454823
934416209
731727932
736651069
129352136
941257376
160453127
483376595
976633192
908452588
450089273
58861706
444355844
530003205
457328980
606268285
949167894
396047182
933862659
554291530
427789082
447220497
966070508
452488051
19788606
20137831
98449259
358742808
153864046
539636775
928655807
228384542
779747255
368459773
163822215
460048615
759250379
393013085
526751588
635679559
395394980
323733795
883002760
393196470
458025721
712291605
559826456
202747774
937309347
931758729
2896600
424261460
534073032
314445373
98787599
197701109
825276980
582955157
835730247
414008642
694460835
786933465
137887872
247382780
697318301
353207490
880841778
58112397
20391691
129925463
802445045
169838162
557829716
257090274
165246469
213897655
900174336
116751753
503397551
863152572
112922862
184852166
707624276
619393639
757607041
246319054
820056552
581656841
353035206
524448618
639242220
578621621
503612836
854406705
612057822
363791634
239900090
904053519
975129970
753386018
359446587
28179840
479704913
566967953
730111514
794078660
459269333
371902875
659000091
664391854
277259046
195995509
817391756
109925686
207547286
854937729
423771111
126912440
405999764
368159097
864645749
549773469
397253789
924563623
535758141
299634912
540355468
628130777
708020895
433395660
846641091
789851657
521756846
472148676
751293939
874609653
832952811
29547446
736192292
32151603
964369877
749306313
150427152
482275535
931639006
879152299
751536696
236550705
85704701
330315964
335329365
808139287
280244847
872838221
218953588
147679190
713145303
333526058
709855363
747894067
327601474
379671686
604330381
35467309
325818173
250796802
862213642
886334575
877391781
43423126
299402379
985720991
202583910
42722564
784680447
291118037
383832155
528331761
602350269
39520161
95802700
882106906
698576094
98302256
87457003
743304500
621273439
507882975
889273035
613181337
764889167
649196591
705379405
152021147
662549947
616676458
274603867
583439495
302834064
818352852
235906571
285842488
680075514
66292882
933047867
865799334
218905488
290003646
192784467
632017813
408721959
987999067
427913798
532215085
434035481
535481683
891820748
745132817
518759332
659815408
397080171
123974162
393200602
990950870
220323431
731840864
994598840
823509774
116897544
61724698
712150545
61436251
491755707
709714990
62603767
896251744
161639591
544027401
100001835
44518807
975923503
956500382
666476275
44819450
307528023
513697483
644668469
459793682
835963904
998971174
544882173
191083608
308986955
233501780
537385272
47493385
385322740
487583778
107924217
673547875
746702139
710066179
539644796
608587161
199544378
903944250
844227526
643767097
377933679
508484313
33787053
382113851
92612873
550872036
657399107
180711499
559314074
441378337
501405765
653169451
368886081
675646108
1378842
737259477
737800112
928941048
106070832
775963251
375006185
36382090
110370823
391052965
91258077
326475127
14132850
381675076
935440352
62749855
366924921
117662021
380967800
404199279
134070501
877026518
89273736
229932834
245730193
988500038
824703429
198106915
754184328
369455800
670663707
207592035
616742973
847912907
250735509
1612286
842748963
368025519
454182314
487904173
472685689
698933387
986697270
214572472
545430608
615258966
932439626
921965118
673535271
337368899
179977130
610101175
734602470
221526193
702791762
798294241
374230470
293438471
259951977
463209687
186257862
677585379
388569924
501780974
712120317
357508489
360989640
183741779
677163551
190668652
792817885
515644842
900443418
617701408
606792841
708856414
378186673
202450078
879638270
243984533
980116730
791892095
543998693
568089348
231572509
714658441
199403317
595720901
226374566
661278370
892048894
285684683
402708980
446479268
713178554
293800127
586727394
593813544
544769404
586684542
220674639
16112802
734683650
515415114
860435541
345353518
350681989
766331161
995675064
754946148
607392734
930055862
718736458
286044984
986939308
965474396
959816952
715282524
155389320
38298740
118637982
699252968
278888091
584137665
627761641
398316488
332331727
190958051
914572149
435906347
561327173
530027998
135668902
483251517
294718996
178389693
792411137
319029611
595922860
453491301
399318230
292596645
343193143
458126781
628659279
938878072
737932677
445061122
148186219
393892904
474640089
536849688
888102619
347172783
328513488
663226359
961564117
833012941
894295610
620139481
5952016
55349712
200684288
833065220
310038526
143013082
602721352
411575583
845279827
958368242
467738567
58998022
461489857
544223848
313302175
125903156
923053163
362285153
82740372
919331184
68250790
994470865
972523806
730849865
973130666
884363240
684053089
271798292
45383978
817339461
910687516
127608237
938562255
545427555
386151029
522841813
624018317
434597170
498752609
990067014
296197007
523463335
50828420
468071674
687910786
936889983
635495297
200596507
749630306
815894892
649637320
672260359
687507396
621014294
651453826
710673873
609788654
591926475
885139122
312736517
151474513
471300714
758484519
306946082
109173558
366325737
267043108
953810644
185386614
896149499
229654814
132651804
304898532
157190285
473924829
186692414
411785227
133096786
604750011
903185480
694303648
373230792
133828234
863089199
781574523
434874911
294001501
818027709
422976659
702063613
300960191
814426129
671724900
818996144
981973025
73992561
831210449
947094067
695716643
188915857
475657860
591960012
769618466
632289213
466106059
195182034
584602231
775261420
885130466
396771721
967391387
259400203
205761109
785654356
38012871
400131488
320862759
242130561
194454765
564647324
32379284
231672115
769654755
665295057
213160621
142134292
440399775
101998993
289833051
321854640
318587147
890854273
479164409
198724616
493415011
802318403
806102176
194171700
528553971
481195407
388703107
385423802
844634662
127825372
60349344
891572337
741426970
368034442
334784804
245627938
575539337
436663030
177415755
198566372
904856688
758534112
53052267
989726810
956974238
229331915
104737013
291653629
230392216
655280504
787403603
873939340
348655530
49125914
834017770
912860997
697662610
947757580
788238108
338250056
230180030
494039192
340203048
101571865
8799062
36105194
6976276
177046043
893961052
264476393
457860643
661630077
190135528
771004142
510097942
333001732
246774654
372072309
358236046
280262826
528875681
430535753
666820524
45302576
299871774
308644559
813252002
112834681
943954207
626977569
944627546
465141864
662520140
311375669
397236530
275855636
207409286
117777542
817483788
656866822
684413133
48998901
355051003
672556896
39642146
322696828
893911267
72257555
84733677
385488362
674530576
174988573
870411026
685582338
134501369
56473905
265567343
184455759
777369171
557178022
569422892
278996371
568135033
95152632
176771633
459225480
454802198
537461396
242151001
300071367
25204451
219034143
211208853
950584397
327709830
860228118
951116332
442663499
375381513
354072309
124762462
346321156
536487024
355570630
480336641
404962887
535680664
707752433
46722818
620444081
348752538
789005485
470959649
630298695
826207914
1273758
842496463
611903702
410888114
709531921
698550754
822919711
458692859
588262065
430527978
408302629
317820464
785510397
711083708
33277675
170152346
440075424
950996486
5372436
954094757
607398371
74080629
967111920
330523203
493587272
364242239
275915625
551851288
951509291
415732213
166625543
648523598
733217193
685237672
302172166
30735055
209493227
214511836
855648193
733141437
548417861
638543284
410928395
124057455
372474299
281388415
804226515
782084783
701787681
269074528
99760904
630039142
274869007
950729289
379742583
73336556
122552912
348530860
373957974
854911756
783383518
549679210
610223849
310993675
796281109
112532112
257560070
532108437
399122548
980819310
528716097
462353187
659121443
827572682
472564979
279750532
699852102
753777504
873409868
1832257
818818904
520461482
215882751
364164690
28235827
780340830
58220979
825815156
657366948
507190910
632645076
503506811
550926564
999047158
396811045
619173575
569424587
364810493
199141766
491437525
254054532
215167694
10539031
828969230
463447432
152339563
914743222
152693303
243415467
583436637
439851162
585314052
166534725
518526896
901188882
576099939
772904409
111740954
502040005
486506381
201553007
66581502
686619539
158170331
668860451
423695042
852745227
970684989
899561405
616151288
137582859
974400013
301515066
686530348
846361595
917988034
266502443
63572556
76219774
520247531
357531004
474746478
23900924
753009149
283692471
88072902
227434687
717867218
375649245
866417208
919464949
159682531
772839674
63253905
998605299
632013252
835209248
498744938
394654681
619282302
12060619
661477653
448235903
671244856
392361992
687820322
991272370
723141203
208737456
386339580
971114530
481045634
759079050
192754646
671888773
128373466
225024018
601811062
810360859
544967648
554078565
894559170
329602729
821543084
90824032
324906984
662163401
723185845
901049588
703914442
457570040
180633714
795068673
334814227
816086892
219740333
406012267
505409064
211041566
61658754
841585630
960326741
981723137
418533908
221402464
138346217
310449496
957465379
757559880
255436400
939006344
36099911
394374841
732122469
41665303
488515248
196430198
147069499
57505872
662001385
297270407
663526352
970347787
961913636
898281681
231030357
49321939
823761757
549072953
438698006
79461040
449838599
202598673
176910841
674205916
457955863
487463025
293864953
564381108
349476213
144646927
230529026
361546548
49663260
749739731
356283992
885353082
855928765
801219643
986049529
88133269
854990806
204092471
864534457
249715506
173310735
373808104
501794627
745819573
514457318
175400001
271044783
851950040
472450934
357801919
358873295
933981960
468695444
767531868
131055822
986198274
177532993
170548142
130134793
367436929
622166150
232453196
750504443
494471667
676529602
675842032
748436623
960725366
254634311
361072234
275985852
512934224
768408473
909677788
890523673
423148660
158568245
898904227
442767968
888720526
218880659
276496931
273950335
193183281
678224010
89512846
206712667
546082508
211473143
929580932
304124715
916267508
709581481
165757318
598414641
92777084
277127009
501436064
117421264
729450808
751291685
684930963
366715312
763171216
917227457
496962371
440241705
744402025
782273084
90575606
126135379
689591895
865758338
853710794
197185293
609007270
191323617
352793558
604489224
375189163
218348316
761063331
913310543
431187883
324403841
644751825
973491416
187224559
306770670
229664909
239221074
235760450
613380349
340579863
30158250
34695306
298006812
114722400
46606923
551136425
362712971
758433475
902499629
789593234
305073708
398464092
437020680
348557613
661274094
833231378
548950527
562347560
466204626
890628563
754289107
408545516
256072929
417058317
989981305
534859734
114479382
949986678
958914372
891558286
885357114
878771722
336657311
413352736
167823114
714092072
131275592
11772762
632786313
134752826
369270089
998502104
902937593
269459968
679901776
475197891
307422510
782871549
326703301
934892556
489235816
672172796
441584673
958726215
101240907
524831001
59680059
513518130
159806803
246982804
818674459
132980593
426391705
723399455
647119752
958499208
497531789
501367821
608397757
988546550
695052419
527308215
457089093
237463485
516465453
463800322
400014275
656850373
354646616
782126679
578244677
741069695
946592682
792700426
927405062
210859932
644211598
117009316
845195693
515118058
392643611
461639802
801043836
326424485
309757280
85003546
831374596
142033904
197157540
606461015
899853033
498904651
534841845
247952860
411928148
148006677
290200771
429044133
774410741
431007049
772079390
737381373
516244665
792015230
720711421
463055109
958159901
140820144
681597704
20917328
58360298
814961453
948267797
689614505
559321528
733332856
775445042
887594720
991377607
268899801
610779583
594119368
267437909
177384314
603622390
200088676
391411102
338203314
41267852
419764583
59147179
563299460
172957501
938849079
581679886
489876102
693138688
519887454
624379453
820499945
353742886
453442533
366358550
986728690
516361509
748726745
388186364
49562021
55262555
241956463
544503095
529485989
845844300
862136146
919828251
793060096
536996644
265667095
32522478
573229270
574443334
461196596
102512139
338917833
64074432
91623244
782777623
652639618
539840145
760754922
569491545
837293077
743523488
873660656
545800151
23600140
468956553
476631700
996776134
532909709
333401344
539497149
564370960
591644280
715006941
925599857
391603899
854584335
118867526
835757396
684830909
889080441
359770021
856483802
878030523
978510801
577506918
839054178
832000437
446278774
46935846
19203202
484964139
647740617
987040732
478014774
996516676
308214336
117572619
875326647
753995143
484749012
676087401
461732224
101999285
855185720
919596373
971580883
800542525
178534434
889982932
36187427
55942570
629944431
506498892
727966840
338156835
993398133
111241560
309060528
215853942
570523832
986734151
433025107
299229747
416965520
828297833
133274800
286090633
67512274
491277583
558447299
116263560
869965104
990198020
190379538
635372274
275661321
637641657
779860315
426869913
774997727
303780028
350257448
204789603
233280767
604757315
315170718
452250617
421163424
785603424
915163268
447118578
466456494
910850090
313193065
935969815
141199522
565629759
699849474
916772972
605145384
831976535
919766339
495965103
168168630
39942156
847451815
135581615
747614180
150782306
96842316
350110965
532138136
498884370
500985384
856628050
411533088
321734949
751327583
877349879
626870596
113276835
516742656
201486898
800596915
359331580
222106108
32328016
357805094
148613168
61192601
640669055
627748257
738973215
445883673
623072773
692373359
808030333
213275984
870285000
979012726
677665697
321586175
820358535
293647914
659499588
497391824
237593432
364918983
143796382
421498141
582467118
271803999
594148920
296086875
896678058
974774143
396824408
694036783
299047609
714057812
782342676
234713280
43256200
902210625
540484249
553961474
194901793
534851558
868526927
310911622
963411832
596941654
756565429
486118415
304201190
326193997
181343321
606135188
610575941
102236105
499595979
371908351
995519638
691770190
564126712
61760853
817697181
449853565
110187683
204803262
86557150
784191212
102083164
325300645
905278683
734771759
759656919
652079398
433707448
20344309
223170079
29906036
362824239
809912546
551133189
718753104
886296990
931038075
499556864
687231196
552211986
47817207
736135995
971500865
497240901
165080492
859901250
738827916
36737839
643145944
168809823
911021279
397716012
393566704
778771614
330349044
682858317
939300156
64548465
223198165
635192192
80644381
10736545
292813152
830734477
208618166
912534798
680192360
555119930
993877687
138390686
273379255
302088791
97991444
599989296
587063861
455304746
775282742
920306755
178261302
593960905
550232993
612791532
996621063
845304521
635025389
452792776
694200411
528725753
995303002
405107029
701611579
117179586
972754341
51720989
527084754
684174044
826852025
796251037
35172202
405780678
6490628
746103518
44155659
746839671
804993465
639034859
270522381
941055197
100931420
687119039
434922932
455020540
65318812
962304171
483753241
112400474
796207054
800939176
530641752
794510891
707028895
403792844
87960575
784632667
763796675
235497339
419377533
768483778
693073851
558007576
799421703
736345096
679215709
757078393
288919794
314662326
473443013
281290154
23203977
414908430
346866562
728198626
398702712
831100388
579396632
882721378
553604406
444340290
596389972
931831659
737479347
365973846
97529153
283863341
262903353
528903881
425968075
386411691
507186191
452501824
111056813
22543941
286169579
715464476
123831176
365202828
822830241
191959389
622674272
555234117
926930142
256277560
707423202
553324362
86205512
421123595
416391394
992532170
810283131
116170424
410480992
249802009
811893125
927657195
41613487
931097557
564185467
975520759
524228965
742190251
241854762
836223331
64194338
772140365
687033368
597986924
652489641
368600232
155095696
245490275
240126458
198083777
820421026
55421073
656857857
832644822
818589727
592264885
717446522
997829898
152964426
822236361
599525391
681300420
640665546
234389461
208111292
636897814
387718835
113465790
610432475
54999832
376585954
167822114
356152616
763446450
64451464
836455510
751683701
259478736
793954434
291039303
848855776
281440913
228465790
711071868
178692035
488762081
346672689
391305062
819733151
514374380
817366885
133141473
689602127
43096040
430187569
130391842
142450366
670593597
837716072
50989495
691756867
234395833
563557935
329643055
292749608
616829923
499235990
854283247
169680446
557393663
572918638
472216874
675475794
164082717
362148212
868849017
714348624
680082890
155996116
917307496
287894375
62410000
636951062
177942776
790721072
858711903
874829666
451654815
988601602
228851547
24479567
967581209
958365528
672822097
816728362
989932678
651254705
862347291
687945015
984931860
102057827
468593719
610732858
218998622
280020444
774523085
624349300
793358042
525721597
429721906
198551843
241750134
534203352
29902013
824565942
12720124
137576155
313718953
799836085
931634705
766597041
539931540
257661817
273677135
740696559
597441331
7706551
799725551
533878298
52071353
542545676
845335117
151748607
62951696
47966684
976535502
614221187
4263954
404838988
530009185
902097585
868394575
155236106
289814111
208497271
655555932
500168302
456715188
450638882
936132370
201044229
839262435
196034496
598407460
878600751
612299433
502053656
819917354
311277146
969046999
523505899
578706412
212366753
712522161
574953981
884011358
943949160
770613971
497011513
198179931
704641339
980510181
568917806
664546731
300297241
280878714
401973820
639166813
628455879
724095658
768466034
675657613
243360867
985049206
201731475
675216470
68298977
472072370
12826623
943713550
139162098
932413031
160753916
537274515
466510596
606649293
71287959
11980224
710350603
798417047
932899940
766434589
9909395
299521212
845223181
719839381
909711425
95787426
563339917
771407373
89478927
155033786
74431576
305730229
580104967
304987919
836543169
34422138
917069013
983429795
252217196
266650349
174532270
748647134
392228051
783801541
312370593
567700084
111112041
263607054
384132321
872426149
320386414
481674293
545592748
36288323
652614346
861885997
416794064
695430254
883003354
839171900
739057609
112864396
983665861
515533898
336896678
660854010
551881736
855463826
860352176
19989099
957487588
957605538
446199324
434496866
562484001
914649173
945772861
841907239
562528850
555419762
6598425
526413999
715111162
246572994
14562645
245695907
748333583
275063872
646069641
533487914
279958894
271435697
516969881
953029513
692851640
695766650
845908631
177855601
312213079
25182328
607170387
387180484
559998086
551459752
696907279
264568769
43947177
3223946
517207936
371444167
431935946
615472722
309318223
190638386
514062634
367245017
352354967
499806580
901476694
750221253
713366256
746379033
538628121
370985054
470251192
337127100
42232104
111464281
136178529
744486728
754412083
669020631
21671631
543743975
100703318
827619226
635170408
818039911
925785390
539346739
744402897
670130359
248912293
429045018
728425111
928909477
116901043
373654562
930966852
848021858
674263726
77487242
872634324
694104218
266628592
928869002
710344690
847744531
588640760
662742758
30996660
676614876
460725431
41081194
211556202
381255557
460524315
621686473
642200079
251582571
285066729
122064634
596198522
421679269
405941975
746136088
827429345
730825200
994058346
476991729
132848226
49853140
104707988
929500014
573177929
271404881
224556623
882874758
711241125
931188762
324557757
132104971
330692651
771971770
792726982
554369625
322182141
993759643
185587384
677619621
704630147
696950119
386243915
335234797
898770277
472303644
108780915
389520370
682862739
305404809
186361035
240468409
952784977
601258533
564168610
268804394
676740165
928501653
995807792
13501431
634968424
11867162
985491025
439344523
991745211
654079704
116772054
465306644
465399652
751964191
242295036
507022713
482320901
907116145
674388627
245489005
83706347
877446708
700802716
842293673
294785855
893347594
704636883
150744058
883486413
988763602
94213659
516706192
864916605
916143379
606910749
891743993
19210237
868210477
707222579
932629364
118246199
953014345
695323780
410099904
384629218
4096144
422923748
969191101
184854971
89698786
720651565
710712542
726315072
944015359
57925680
748478045
885882446
682522919
488729264
389036238
660569638
113388401
125846559
640195223
882821416
154451840
727522068
258531686
212302952
172335019
862093217
176401538
593280148
847276138
203910464
130247450
109271890
647274320
478806489
657327024
670400952
553366718
140386855
256804093
472758149
766650818
513065829
105783559
889300747
909418507
548550849
205669348
258341107
14347814
20063210
396449005
57882168
191130423
881046378
113143383
562018072
721251532
783233885
17454081
177766791
672649887
719391767
814134333
975677072
320359245
982563781
494265144
843140051
922207409
14904656
800670875
14836646
264446907
130942273
172092068
63648024
788079160
861219458
839351952
286275252
850972066
844067107
456263908
340882417
585988172
657696396
204818831
307429616
198450889
352271488
459151383
433480712
961428710
761995834
437513387
46805047
412499904
558091722
901745403
753530256
438641999
802852743
803993831
801225269
117751627
286566446
585096366
522837562
660457679
828034922
558434741
443470711
91114825
880321169
231360104
910602538
171424190
160021894
729971792
781120884
616277301
352598261
353170136
479188915
648623071
265963943
951198487
437799828
722786248
320774504
52189356
347570829
347217160
625667057
537390294
668357634
684336305
422089392
804812471
442147545
794561708
106690268
936103821
774472359
447198832
349131899
455880402
564378986
58568090
141967403
48029073
603893024
613899633
460408231
924824744
828780929
641239677
591569572
734128544
589682708
666421577
90556055
263015042
388126554
445203424
277392236
664325819
369117258
677963219
591084647
525286630
20316150
947891906
688842183
705249520
841819591
565575305
351134753
353442686
55418268
108163340
764901449
498476764
178690951
586440213
818800739
588554853
890707704
854633163
844105929
585174736
457288780
91569404
458642594
31436880
14928873
991412970
318464030
108755788
878491154
623818888
661234656
646953323
177298618
667520980
563403651
651528901
401953553
385842414
799718327
91719224
124479559
526220258
482660206
198502510
367113608
179416331
156065608
179457910
464724564
112649774
858293662
267810618
695541151
594989443
900376130
413795968
478058704
182358570
979371720
139314313
287074209
423635706
616268339
299479329
259305565
170060153
178202655
85914988
735461366
122583442
260200891
640340118
813540565
520699074
60189154
866753727
348956282
581280739
131057231
827072585
133590357
543977902
204962599
805333248
990766004
644038305
73981634
181917176
130105303
536956286
631209858
450587224
975107396
543191524
177404209
854612100
555300533
132598547
243649872
554999723
923838178
735191549
104718878
780323064
417287610
896461668
412388533
793342362
698914425
321499841
602219925
185699295
512641654
342909785
984060927
991950692
217783118
704529371
699565618
311119685
286277543
592116566
825425137
242695206
21092015
71072136
957391345
462659161
163162089
419441678
766260397
105557922
457113150
736487108
100263756
80993593
201935236
602247741
919290160
926172508
542991741
282702782
308642151
291967478
585681937
314636039
25523390
39075814
259259229
16789532
945891836
742355020
366116087
289881146
123927020
692251728
733035788
947286545
328619081
450923864
667649282
994805560
969513034
711296321
308293603
772176727
163727046
832372237
581581494
681720271
638596365
59557650
21325899
819389854
702813203
875949321
497365234
135002179
291937255
774204246
577383000
751817368
442994957
513148375
13872503
864458335
3951107
682822962
752691656
790989846
168673809
992443986
361570261
152279112
865201198
724012599
838480724
301145717
747814221
59836539
177470289
492884903
53071641
427827972
497065341
752599482
316764099
830574595
897128038
597130236
644003264
592526069
755895466
961571789
723326622
599138582
973259705
204407971
493924928
222928955
93662619
772852678
691963900
607593929
830101237
275803954
294559728
971199447
364341482
268285609
732548267
306252604
944140791
853370702
526053975
886608592
633105343
279319155
626984216
320558945
427137290
251988665
792271467
204314690
911175267
392526915
610662211
708957093
108323773
334774418
641248564
391403758
368378564
866616927
356407037
161255138
156502184
490021369
208886117
748676936
707476415
145293674
905072250
706279882
115814364
422022855
364500603
296001873
154160283
39154720
746874140
866193475
602648969
684059722
595164951
656196179
656775028
485327194
170897186
177567918
709434535
404801760
156940370
307680311
257601720
373382013
295280954
333042944
560962132
469767171
155531937
788026142
484511011
842601380
256951473
134316446
337866765
337602654
702523654
314908481
695452539
204649996
57723906
799949702
220685918
812549564
701131986
457008010
414676769
281276632
625122559
221512028
540570517
891905065
642727979
70531851
963157907
113635990
866473803
121930417
594439003
307538034
160195099
189039031
819815032
162637811
483906773
334046307
458551092
239798699
363529042
573054787
865059866
517564011
848987357
221623344
678541179
513807770
494294158
351009486
728867899
753266479
454976317
816272180
345970200
990561404
615783662
741180185
785588053
787296140
607102149
219428710
192069405
267069088
953160339
616269714
492842980
149260434
110458399
434575592
456257445
823172354
142134271
787483024
216226821
494011559
984555679
385918196
915118050
802387504
620875652
292761702
649857786
884130859
568308582
850916563
859324964
623421494
236609645
122583177
280114764
190521795
602024166
382704487
457838908
579435656
508573765
525352593
899447340
664239786
956979468
29016880
689114509
915804448
204171586
983253966
534847744
773258865
86623925
184829229
234790795
878065053
472466160
543677412
980056795
456815433
557791651
831187147
176940783
364132601
869070282
544020887
310103723
9628594
131506817
253506407
381498243
458098116
799971390
230124211
13703042
807005326
850911661
793648730
145086207
409080893
627814003
603365520
537865395
231218726
859634150
633191586
199174368
373437990
642706794
287969124
873873344
258875208
774544091
443571586
807953138
465263231
390222187
391123707
20317434
128894359
128137145
858196550
689560104
499248377
438708809
821531650
245765234
164074873
478359729
616376311
200773386
94918445
666294085
40386893
625885508
982134583
754403490
642686308
24701928
315830917
666726406
292811635
336716084
160848258
336200856
478420060
414379678
705351866
962281098
526487660
87903334
769189631
401225562
747951479
453235657
771396059
282532102
1226906
79513857
994021192
185374285
212357985
876659973
380839881
844017577
764831707
827115201
168249413
227185396
553392532
883980301
292224844
998646881
420263416
408067577
586891969
18043825
112593330
965608056
80927922
182254704
11753943
332713937
517516562
353359131
70906307
908619692
991632646
247138876
735397810
461142229
684330302
69379267
437545163
561264862
842705523
19824641
257583042
872269470
614068667
632619941
304118450
156487902
517583856
878169515
536215862
743190503
283877423
945422056
956638051
971398281
677050720
32644176
48880075
351687351
175142979
30233088
264075406
314871957
143941860
561914027
471375254
493616908
909095265
692745382
491585881
741247676
152143856
580007240
692078324
737040056
426380002
126605335
651322406
759456005
551539520
736198414
518959540
713910752
847398304
91713181
981001679
403399359
866030671
58751295
119678429
357209410
1446574
921622058
803391358
232100851
678384877
192328381
655344342
875855841
823138716
679313713
961495282
49306392
622460639
639413839
128321279
484504051
346590459
318370003
485767448
769488146
193169193
830456945
433057696
664226170
903572079
896597405
917642498
748407048
932769639
159953679
647956848
571533516
776220309
951657050
214086405
584591299
493041844
52187013
403858263
737213814
724863123
676777086
338787001
410545403
193533411
878821283
727079023
791497871
323701734
418676834
28976838
281209231
480590228
202547817
504012224
889018176
391011379
770339877
458376158
957857832
563766925
738282092
495480854
430143182
822265939
912934090
980501595
953778434
329796097
245881285
212879801
421888309
940195944
695145697
185487393
914049604
485675573
704000376
478111262
688445410
882414090
486416325
99363186
360305458
283942757
233407617
642325883
325706854
306622526
522223679
157184135
383220323
579309229
906208667
978621811
175218965
909577544
326791735
71413495
227498708
500150569
292520667
57175265
829063167
557369430
990906428
628172581
317167187
630601800
792940820
106636978
802178914
162271216
85919301
3587249
377098138
495313283
69911759
796946554
184307697
200725787
216980421
46241863
849697176
345318893
830874899
31226065
698048381
283361008
695136250
528025180
133077493
347756482
358002451
934754475
56356069
236923723
959444447
479739960
836659690
301860269
487956236
115284370
964202181
16392169
292983451
590878675
726905285
471846652
340232868
279180167
760507443
464875294
466757844
80841690
109040288
254442760
600630719
42946857
376132989
287759855
448957936
582305777
193428863
819063930
632272920
806627958
127489276
561515468
21642556
610084543
800353142
729628887
181445749
10189259
604666553
52484868
902736022
557648966
505774929
632124913
590942009
367085247
440642424
677453708
213891423
764125437
497627795
72745627
505158282
810535419
541101026
282399230
261233831
40193082
742732247
156041292
836171482
269385427
71401021
821107070
464039472
556276453
498690726
671820896
927890076
145865705
404748663
949919353
323423130
201559237
308461102
284493408
259224100
713118092
306872770
386436596
88424105
631552089
417469960
777270579
43082336
540291574
632869562
142606475
583200877
226635140
674680150
858131209
61755063
128034194
513170633
198490947
720734382
252934024
514776545
250136838
734189807
458174201
646820679
448728101
183414559
70575757
661343031
870320448
865289289
972666676
792532429
947797281
851059948
686805326
713119145
881387581
739894668
644632153
911717000
541731599
198062056
624748971
233373941
736471530
7186747
471448523
841849256
343680379
570975025
64616373
633512024
817549970
838207850
149357674
837989489
82269526
249193218
202303856
171035847
3151320
867434247
81234408
252347046
742260562
291404750
885759956
666588423
482628198
859163893
131770236
21976203
948899909
276670550
215998685
435100079
860446154
859092898
245406240
31097212
128596222
984079708
934092059
188532881
843366345
282531597
836157122
761238423
125178534
38859280
9207220
491404730
501909289
794795438
702432592
449532292
499569462
642588806
223882683
821797890
818787064
326155017
18666787
929432752
906118610
182308795
849190287
722893755
80756118
912070029
65322883
242427390
481017119
813048477
543760596
810694045
6869663
547720869
794612752
771428911
245789516
212947054
986920417
452353003
258216349
42723399
338564206
759273038
139740774
901568360
273370796
673694892
899146533
438509200
914220656
375874219
752710307
767120035
291863724
925811525
432174256
90331546
19518780
715038
102057256
840774007
637178466
722085839
249829429
316622265
403690342
83324969
868928474
417760741
779588142
925012575
966895911
635737692
983946742
611684736
733426244
785951977
615552827
370859562
73590997
356239716
349680795
397304540
328752112
172439075
251693777
540866376
684786982
610913945
403517309
70803393
505769194
744519032
376314301
801895112
573485704
282116320
712557492
988370919
116671947
752129959
939537248
615998629
106282764
484305912
154024247
983577189
203593984
780150583
926982015
516646098
646809190
411687748
523393050
979620995
125362301
662469431
608360192
268049103
939780824
97992026
532809553
517126951
739406399
523240078
643464
475558103
743608656
484618671
866665177
972467538
880367320
960815892
920538960
390842509
466415736
295679466
355939898
86419267
561140110
598820265
480772958
532580655
579380960
243728904
856237234
570881905
386519237
746116642
407932426
771219705
923259933
5843525
582159520
343648041
648933835
304726388
688551437
379551943
983581882
918407322
844625875
137862723
525133450
862669347
522664926
941848716
734005347
780570059
477750840
199956282
336460902
76838298
247639717
419558453
255881180
860575494
68211928
736036218
504936956
277015285
248613529
912598576
527987832
815200630
616682864
913846260
599847486
793229607
952555164
128750752
839283514
628750593
327542609
10094742
28990677
855943264
364751784
999627153
821131416
670745444
314144259
466102901
912862886
709445539
603361889
17868508
178836178
408263257
750567229
424846667
419755575
556252912
128400876
896456634
659470745
774671231
394988189
950023166
500069711
678319476
683121011
982660552
697213293
648435512
35402037
752188948
603604293
545987985
676081195
475584519
35048585
789051087
838671031
463488938
167013352
573792608
624016131
489128461
174691689
139117363
713372033
721387170
466800488
939095679
448858353
905772198
485355029
5020512
30556409
725510863
8101196
329371809
911798349
240945325
965704499
417055889
132678335
387887768
817060532
41706277
873198446
47624452
495840600
908644814
523334036
230264274
391356671
385380420
186621901
932514599
811466195
540915724
855224319
344156335
673912642
740826564
357558077
549105425
638909981
486028869
429864697
892290102
251652355
405688017
178330641
947672085
587702606
966392734
149709757
22565104
292750124
993099751
930408875
47402922
724327125
180873831
291859590
359143850
649606961
15018096
874950501
914038172
489105202
855907904
334521170
799054320
637212488
62948729
715755747
179531722
425415475
42446228
182046284
326304175
990836136
709633050
600141269
955353270
83197119
289938916
340139343
167775216
567180258
124889642
383453228
53122652
547115749
24758666
100418036
86942069
385864186
894631438
354072930
346616495
443534504
112459263
564540277
542339654
171990550
990849174
358082504
197471796
397799546
636549584
690669616
18535140
823838818
183971103
431638475
392648956
14344175
571713118
37043964
467942414
754954629
368084383
604085234
695519278
367114140
404356195
25901691
285698810
890218244
495201550
252684252
103535459
26353489
801892520
488842105
832987576
770377763
296129335
195744670
875431492
939451125
545347535
828903365
245208826
767723380
501219883
777337165
307689563
378123293
756819967
877488448
640982791
438690782
288932004
675429536
956344667
581225805
718671130
719073280
616761199
969949608
887625513
269877826
671964514
392200282
594963965
773854894
451551454
37786049
467912666
168537150
192258343
682127421
963475602
912532574
7900845
506987046
721897720
843499488
377153053
653868238
535862748
378673707
995812917
37898785
670757619
844418411
870583054
519310357
442384484
134726737
136240327
552761895
149273151
559308484
361278550
110721525
771968445
491474058
560997625
716576962
223899724
883465732
687990202
813878327
1271050
855146132
466217743
31345491
484933016
382452054
933464636
817975134
357926667
717882477
716283936
732766068
758135285
556805197
417041890
209943523
111761440
20716832
843529210
529561868
822351051
650887324
499061392
601756729
57052893
435305653
965782403
508806540
865305161
205571814
931484384
678552783
628153584
434637800
283092520
591613903
82231220
311496951
318061027
492793161
20601220
880755650
489032610
405975794
390316338
64209162
932524983
23517781
406420271
361587895
228492533
633337075
588862683
628789134
198053088
371308620
774727334
800926845
949142450
2946444
505016788
959575195
730647129
602289664
570673130
336720420
328588746
815060938
572299741
586462887
305981495
320114761
582918351
645358887
508587213
734067419
458326049
778486207
88151145
337690387
136513912
452005969
643617886
331709463
199447880
576839316
296563062
597106453
138375667
478774958
281971897
693949576
317939610
499362578
861106637
531636711
794565470
420314561
835709909
737497182
299017591
263630475
896405291
817537124
436466801
418206932
601000050
944206635
825103790
526588961
694820467
197458640
890951747
446488436
747589208
188725676
637689990
260822817
911885014
805551314
445135978
825962832
721427052
215042635
469226889
18838053
487421713
235326261
914132692
102097802
873431494
993447249
49758118
583637368
200242294
878465811
735328253
643179817
319584423
555026121
727893589
422366299
329702257
488435972
128063424
240298979
290761200
558184271
276608064
853541801
796899243
735926787
280948496
557406000
514831790
436536738
504718308
215739723
527243860
278889780
942562000
64274492
30865306
309862320
419058113
283018040
681877270
313748888
636927239
217792186
911122023
275431884
229464733
452479873
917770821
193712081
850880895
837478580
96974735
21308728
556022913
822378441
155017306
171273701
110759158
228391258
211571544
567170404
463894393
303568534
172337336
945194816
815055887
8031094
860922698
374645260
406103751
875607934
215326335
17580471
175182059
438923207
320956990
229982911
152650209
417576513
272686447
654291463
612178399
929652236
657532143
78481835
518543461
310969394
409518774
810696717
800974359
460306018
868359257
83820121
217159495
844172114
180648445
833716589
179882859
456212135
232372072
835080906
255238711
824462380
104618018
695997317
247402331
898081712
367407799
160972892
702810277
540180319
567381160
887701305
85691892
591165880
34644783
873940699
457425010
706689191
15105683
148166467
144329865
693419026
327046234
350716176
732139859
114042557
463907249
513281468
270350925
714254437
468499772
807519680
831684009
519667862
481730778
688930317
547386330
97475847
197751023
883165685
302154914
584094178
141533498
821764244
947230974
810491634
598325256
754608123
598894253
480366602
713124234
194146089
917695904
272304631
70657207
687528216
526334917
634163996
669124435
836098309
334684221
828919320
89642680
467772749
299904911
303515873
53744063
402972198
261613302
972124010
621170579
903765693
334846504
532290738
214590146
220932985
70338769
19299722
316150204
895332531
398906694
307356702
160863956
218354842
344768567
560734185
573320506
822693261
275332855
8846338
279915908
527703805
997695005
95957873
916005064
718543483
405632604
615921236
797515137
41442610
4538610
718469228
541877695
69700653
529142022
704236013
25669192
760920342
605090215
214026809
519653446
574606760
989980169
486920547
759320955
888754095
658532806
557595169
97858239
934691110
609402129
648505984
487646110
475079836
783839824
931461566
75451345
370874618
570504475
423068497
812288712
2452838
453170596
67107487
816232986
499367918
372569619
6558931
327762107
905493483
29063880
420971835
158260819
778177478
790398425
16244525
797991775
92274608
565549480
781759469
454836519
699753076
934594365
437997302
573216451
702304915
585146421
307799813
891722481
44114335
82129179
646669045
960471772
215522673
161815280
626590613
2249245
156734901
49460415
345501567
31810451
932967071
746302771
538750379
105439056
960336151
521041332
518359120
78317880
233380638
573191981
797497442
645060397
942922124
68111565
784736494
6736142
161136351
785333299
784598884
891086664
195891258
684517384
498042609
51645536
403204796
763128868
490702251
515964296
668030459
797764018
965599378
123665985
409197040
441021656
277104806
493418648
943053807
253571841
677216564
869390144
849377274
774074670
790286521
591333951
248447271
904776859
9935094
424247506
828022409
226996821
140232232
728735354
665482109
953321818
57328932
744343530
643104874
193570512
344362353
835523002
332676611
79738813
819944298
141450302
173109184
258239583
317787625
712026661
392203883
885292912
703315020
342586518
528958879
565122597
251337857
885285296
386116263
705484660
700979709
757954969
173601278
583438964
616987507
367262476
57179451
991089077
715286648
250812598
208187161
305172608
773345908
776623060
81503437
474352090
248612669
312283463
477180918
510259421
832521872
157457313
325279161
398690916
46904895
278079417
254194656
237929401
310565069
644471006
75745734
789737794
969417693
179213151
800177032
726223243
347827518
499475758
713782803
340162654
647448230
565551172
34447587
151234085
677583539
352130286
414173267
213716462
105176893
160730804
278113284
677057523
762454923
665329086
201114152
394373166
954139340
68840129
615096660
728977956
605812019
545855989
15540029
591670664
48873897
272158969
676722613
440518916
467434831
992373538
96472294
576575770
495840627
622291585
945460900
297465193
446135772
466197316
918964003
959618140
240114930
622241450
155650582
615104667
846942651
449728441
608971764
454908134
438745427
137220095
236081585
343501182
831015183
41626606
559866852
727914138
836957243
702410295
887527316
704247337
563155230
211755457
175078513
111846954
896944646
734436286
653783146
773031651
489577444
151883448
472203509
957512132
517101993
568980240
576044060
544353373
749062838
807436674
739035101
335710205
745247945
659095602
632074447
71169536
611447152
442371070
888085112
435361714
304394275
632391952
685253174
229153266
781540885
335894511
656794999
569976571
563892623
39753564
478083108
866846480
184107777
600199636
633886137
967379572
908089367
39243625
380388892
431710198
4045104
644038324
587981267
150464814
293154783
789701483
333025206
310367761
833267422
590436684
829671701
65308079
491976426
9299824
598237796
888606770
959126336
812779033
945790952
895751085
663501240
65462982
906710812
912413707
350474807
759147095
686528279
751788539
25900258
682950659
827437302
952858849
8888048
445155911
22410069
30796279
835392195
109317424
398202151
941398613
452788313
698011222
351570716
856705271
227913556
799781244
955111038
349057214
237109989
933862779
663521349
416375134
613724120
304939827
106529146
210921582
872865213
868882438
981041046
735240396
369915103
386507816
497404230
323019321
119272825
121367255
759877308
524924196
30968381
143230372
10409461
335419243
205381428
957254132
931058474
544074354
120664086
752675255
575164531
712061114
82950802
8314201
608442422
745393646
351470919
869098981
18455798
624552759
598569546
50733816
673566269
457812109
567508995
726301226
846212732
485578401
127165777
39897521
90774669
703915128
582751815
379184257
816743842
4748733
965164674
87688210
95442432
548403775
657291600
757044850
137821325
864994306
823629196
83248132
719793600
177039356
535292244
653774137
845510376
909142153
430876232
183522159
425953915
6615879
287662943
457317823
454939695
716322371
935013642
868468573
164366092
274766434
398075939
525207687
772090300
828976931
706546823
703739251
753991032
171853546
866100559
841444499
768350383
183954933
399635980
216091496
721325499
662472685
300635882
552222814
419378642
957650996
644494137
409787720
915409009
428749116
950058873
250901959
647884831
211470245
181203486
5230380
306691764
935857928
138546566
560529004
933508316
88261129
377543026
158159737
276918421
940889872
170352449
126986255
975484107
750323380
387504077
417144154
457819205
328797163
182055630
377817588
26339154
823400642
672798039
488686569
300522025
921720468
339794716
450905990
927921941
845741465
703936749
674304271
895413840
676843110
830070974
26833740
723285648
257712294
964037578
285541577
772707353
107858301
994860084
412971258
362381398
470811342
6364976
903949557
840814822
921369964
637273995
421031899
708286151
612702120
467308631
576438865
385085258
616686683
262252661
967899673
149123634
830531794
248119626
2862256
119089207
578933347
195508372
180089746
924964349
946718090
715011971
955889885
932396877
805801892
379831527
70159033
294737229
328759207
525643952
654381887
567443462
783791995
170338587
916159553
508617372
819977226
337673971
839981686
11187970
378181997
639363032
578482497
460536139
877181530
89825196
393269725
808701266
793114589
107018015
736988198
100386736
876662849
571762314
887738380
718581922
351634912
993038581
509536341
672924941
443844357
451847577
307619321
668612125
59702654
528200226
339959175
522723229
942142977
354310268
35717658
297786697
564070147
896819053
722679329
1197204
792384078
679304585
337089311
152862825
531938044
982601027
889787415
22682863
755037008
719098812
394285220
203960778
740803979
588996217
157643497
6922432
491368544
437067450
129238834
896859718
374092193
332075228
715698939
215833805
861323839
589022107
605152995
946849051
709009208
666810525
596803424
164065795
461344007
613820035
562915982
591008080
982848295
871003066
315328113
681104426
873655661
615391426
756234088
604474856
307524164
242361643
384637523
590510956
427494615
235530934
561516162
289139876
355102740
211716128
300584365
650845512
959532236
264867834
597676234
980920133
607677356
53915891
307440084
409209865
262228410
617390136
549879363
931616648
995879765
51246018
940331087
195225288
783619351
947102365
662859199
804940613
987851377
370321054
497121650
488369063
252394363
104429486
344179270
82851441
621171321
329617605
142547279
426086193
193632752
617334169
574172840
939444936
579061408
595533325
339461592
325285651
174660688
867847841
688724315
524965919
379478172
277165225
221546064
410209388
362092045
320687776
727001827
385087689
700766690
403755839
971542825
871918548
606688849
870254918
519941319
188936268
760700868
241621975
296317787
292152269
607576500
676752156
997415245
301210861
130519805
57520094
305604494
257375736
390981170
250552775
917522517
24424145
349257595
199310243
509492708
324144395
275267743
37932180
116233490
725988333
210870328
320586238
211238336
237863848
703054790
217451147
959715151
13968026
563730330
25126309
956250165
598962681
836868639
28990936
45596414
906301186
281613046
311401984
656189496
44010124
608989567
34062261
232080912
397964434
351717468
365423560
169901955
876715367
273135444
759299075
198470849
52112879
257052457
286538388
30171070
439387644
313110430
564268012
545524822
866112640
932396695
812800519
361570940
101062728
110600696
886529370
567566082
67752622
605991098
61639091
862147640
685089065
253870331
958495480
42847089
548165565
86100684
359323755
363428097
355686791
705952555
927016910
324079639
233135654
156216492
872812901
684963767
530023173
985857421
579854129
141689457
178718057
800206349
488727208
600346821
400655801
793340547
194567438
383770190
221953221
777398939
278769745
513356290
980769113
619296435
372283608
346522148
582872832
593665389
384572998
89122892
332810270
145227782
719618061
902763136
59250084
761262802
515775661
353408525
662655227
356095881
551154352
558991973
542072191
873321637
969633131
507194831
897711916
485438490
874731645
530857004
338536166
51507392
204789289
509705087
82853159
40157044
673076895
340053787
866236593
618483522
656758132
860776236
738616464
393235475
812756845
173684589
570199923
946306923
285534224
513037470
121966619
587010229
697341720
644929581
228770671
938801972
264634671
846379567
304729043
946023344
728917884
672573976
764197717
756032065
632027882
618814191
258339047
651565280
728354927
368849587
461421927
447891542
449830570
767749975
535403379
423318272
857787251
486720911
672322513
175580113
56841686
24743041
904040669
416705645
496864372
879213088
952623501
461771166
664038268
339118994
675498144
873811597
508086819
616412588
337881405
548431412
916456683
281494598
347665250
815816409
298478506
478431532
363352709
22421568
49620410
378926187
727493345
59098663
530996647
540504453
89685634
780910327
245448917
15130139
547179613
890159627
204209678
351891961
340763761
708961419
147089852
275289907
635998824
504171762
684858702
951146940
720418181
894828315
88642889
603507072
785941613
887261762
124193487
51503550
261879408
611048790
172118515
771099807
96052659
648719993
778559229
698054852
908641958
585084753
161851222
973082225
695427989
511723551
520703032
187548809
652076758
792894014
589042402
398827767
718938166
37491848
151698736
771377276
4747664
222272104
482009854
313116949
230885525
797364882
651548157
498365179
293825438
546875263
897430565
960378215
329998557
137105792
680453974
846924289
344061977
827949935
119117549
67106723
751586199
304912326
495020064
700131501
219061937
68139930
491194526
880993962
294269902
458271715
910138101
410080935
863279048
591766399
159197772
959193214
730359939
167519577
565260217
886237323
639753879
463470357
698819437
580604614
270746968
309843017
170825438
886540799
84057017
776679449
719970238
670905663
134609476
177860816
587719799
30755787
704149908
943235167
348355375
703268212
396580461
626330684
339915625
479688312
24721046
26999475
98844518
575049135
281893968
490518509
91514503
697999512
759698848
553607116
622868108
512117409
651754658
699847089
255575882
702134318
832977546
261353020
890161342
118734037
504747813
71603745
847001765
559536837
142979346
851234584
643445080
802191360
901979274
883635415
966048951
386025660
655021000
615744336
884116468
284355369
210697771
221091077
483255844
524532307
45912615
506467385
279361777
729499924
882590700
99720098
637056414
998208509
722019775
488425970
899266051
164300639
279959777
583048699
14575486
331682793
603593003
84131725
124479253
156456267
59866979
560305144
758156367
21138429
633756138
427405579
861326548
357912938
273919847
28126456
201882900
299755163
112845147
65375066
700122102
376134456
204273997
452074438
899016525
811987271
298276841
63261184
820059231
863853573
109699110
282545337
501823039
974266247
90163053
90471541
578024371
177217053
847826795
118171451
803596927
15982746
141887672
536803814
654124496
773158207
869703919
297992873
871465678
221989838
451563452
259120627
30046492
939997259
825274059
544160915
938889990
882051275
530740227
642582673
664353596
776764786
885398709
57513332
52980602
798962395
972104918
822583329
802989776
523076967
152387886
649890111
153815066
527923955
526398436
153823009
741145546
412851859
578624065
489067159
871524549
819888557
133689597
800612645
360159377
624865858
90067340
912996526
285576458
849291087
962098751
481580533
540788816
135040051
617467507
138078911
521675584
465797959
920879090
72897204
729605354
296860420
357867919
675461011
566244279
215911241
696431996
648022545
739255900
112405378
575062842
123776258
447998819
743379656
740939885
996724195
461655608
782790111
456381137
448712385
171457093
443372144
410453313
709645772
390186784
485469955
124412103
777120915
149095234
367491356
784403028
230662820
963278999
111805495
858420278
91897221
735738266
174644158
620773652
123426775
366025299
643454105
722597720
461124808
446375736
460449737
217680590
945686537
744551657
79289394
11570004
534493944
576871064
74659895
19827004
565923911
905255714
403879661
376817084
508670255
564096677
373369289
293989675
412027487
84922375
103024196
776007779
580267945
354000251
374338160
339668866
747774117
277974500
711294010
359534015
5407267
947397406
696391067
746028685
583561153
528948698
86666934
626387180
1807120
355870064
80272396
582521117
285379687
710811025
789230742
400917598
770400167
231634879
160091843
366628154
340445021
377201738
386308651
643549215
826336647
292933949
27815450
489748988
493401636
681259787
142323550
998272227
769215964
709850906
618630800
530093773
815455979
85976035
330754958
648611149
986528806
121805150
70496136
61958820
85601928
384862080
32959330
210548460
998195404
531712433
90343622
894530964
513533990
592496412
574480863
166657001
11085663
787260815
949174658
649257617
258980907
209671363
809050877
151759415
776129896
741322235
489701752
106283017
577065806
755476379
943834231
146694490
812235258
473599589
315954617
962740085
25462732
580775762
158987897
969510527
312279924
281390901
141463573
653754772
853608837
690145652
565567838
284374867
706378133
131792259
918219657
537290418
282886286
48826320
29778134
470065598
21534853
401033426
323211103
666191324
609051264
525080961
652806357
18413153
437883648
998363031
418707742
492518787
797345450
920988139
253534484
538986739
137220915
34757906
51163935
929315243
787374307
796457030
176777297
145264995
199871199
806801136
849047523
493655590
385662390
372818346
293601207
216978793
860414977
316790312
977493857
765746673
144255614
735470083
579456789
487079301
344610858
438608372
494252412
918390776
725072275
327114656
175383617
932898631
37886078
298866045
361460994
873985429
822190842
630898876
502733910
836273193
930159870
253253338
587745456
470277132
870388216
729853638
259447300
608740798
863925030
549015782
867985724
133139392
585193925
426658111
641047957
961453822
474282836
935675267
241159875
751976798
743285406
677117992
224708931
576008959
513001394
270713892
272023913
291769011
690789247
201743066
193186982
205894556
946637201
562367876
411234926
44643299
509706837
124607371
532440668
461972385
34209658
66288627
236521779
377635496
216279358
89873503
308628229
872270903
717854984
74971319
330180892
451408764
607677288
197093475
565261148
310877930
286245979
462724807
753003211
569253493
347134039
405925835
555272463
29885243
774374456
613844689
989599829
976210968
649229853
729921242
177386218
609417977
368530537
81875948
772963696
825360772
245907809
979302847
603701029
727748564
995888466
136448118
621158563
810684659
303457432
174956141
394657114
481808247
734448624
553702580
150458873
19211104
317299838
942860115
191988078
834931684
724566271
47564421
74144744
188394432
798847011
662325289
444634180
328365254
529292507
62139545
544022545
380063593
364165446
139306015
35766740
134153561
285646728
904893163
916798902
636831747
467043565
59682200
625295732
301665770
969935094
615549912
828954078
548473920
840228377
201491238
583067308
426120149
591109327
265149920
544579512
795761503
2604634
242593273
187369348
917467656
339090499
26904537
225140859
950453306
192242196
95713592
270690746
575336823
918989607
253552437
258941265
543909089
956008741
958986114
571251818
892327844
119205260
454385052
436420310
522492785
611745406
826608067
798837862
212958302
225390049
589141535
229468978
734735472
919524776
93820335
170038071
784896118
141266236
163491475
84581396
906169099
454065813
19795819
140023541
564666192
824718899
788926727
837974302
134790424
912919106
969618026
378739992
604216139
146389865
744290932
555193967
146453976
446673264
11174567
862499029
164135403
205607062
414526875
457435697
297462351
86391295
635327960
853011648
198275748
334795489
739598381
115947147
694520580
262171327
234337002
106052134
755150786
353298119
852859643
478555765
902718571
48620922
833887675
530742312
910185982
320233618
877631080
488770003
482110871
416150118
128320617
210778511
460700959
211799804
906685647
748137274
621931512
944291123
645352114
65594398
487672992
158708286
108901400
76721086
130888039
161661894
839744912
572104571
478803529
17640144
228738631
403042918
847273726
673309785
534075058
375856431
788493985
78052685
2274036
502280786
261353229
316394126
453791552
559574393
429771030
355746937
653380853
642758696
316719065
841353566
622536899
316047996
431775214
353163046
984271788
763389427
637503915
16990882
320519213
707455348
649156553
931337522
183689767
789289225
475920127
994669571
226399366
92452905
587137886
534979056
140130462
975693197
723412785
247197362
876407910
935396618
896289768
29146387
289271264
934580652
678505100
210810522
992065385
892809582
352072653
204877128
347090025
915251374
495158165
287705013
295339085
814330687
679364768
677363227
964594609
249742200
785711739
948756113
248644306
210619120
729123297
169896660
479742905
674335656
277670913
211116336
697911108
796894624
265066650
870435688
108960710
497499413
755945959
646206370
139950516
438500934
345070333
329879173
858748004
907375698
937380458
69484663
340593802
35975966
737769786
851716343
799053654
232549772
422655652
537210961
18309267
374971534
312204837
444486390
645617526
150314546
895319864
580173616
738133184
199382202
116490241
452450504
134497247
929137225
12161781
213190894
624136514
820632304
88454142
343726771
53455851
282172598
260944971
350474367
574328891
360512931
592994242
157292962
676821873
950818587
316312594
931646858
226776480
515729248
251671468
615976541
218535848
93303808
317742332
706204489
950875369
181454097
437974793
817134755
693689965
110584385
219005512
787216847
745097714
215496540
290857844
318990603
392522454
517478967
911904867
329218790
614251947
693519418
830416081
869403616
625422205
427820638
868817716
739316959
527501074
163023668
583051574
893967489
690341164
557170874
752810200
57028410
720309814
657093677
601444312
845454383
265876251
233244481
78954557
827831461
149275625
268528466
443544942
968840873
429013935
112444246
343853089
206985286
796417484
833993813
57631391
39286836
681182166
756569222
713760440
229004603
756060363
45308971
145457939
234540200
963017236
328330866
459795340
337662942
211336669
775716311
369827782
33790238
954544932
844682546
48544592
784511669
848189657
73835508
978877654
352122610
677924719
702817735
33191125
777298610
106721404
604456922
206941052
708059776
130689767
872226991
217727215
76718974
782974945
750086303
376250078
170911783
766419560
281371634
580186031
264985967
677278767
854290622
154564366
312538504
390745844
136026506
393342710
703819933
778568337
274004497
98465824
804593132
989678045
883571329
684486494
6895018
939982124
568473460
572052804
991260547
985630472
361830962
824982424
338580749
396743374
445677893
841881772
934272670
179193913
681768239
676120253
237054346
571562492
377999428
294638121
522781134
70683553
700183962
159637177
597905127
709983077
280908603
225239723
160834077
568105201
864684069
824435075
971361562
548104739
844117722
643570620
607460110
250738123
608390397
977445395
410817856
540108374
958902073
634582852
944661087
270281744
465083802
365896056
494812699
599090940
830251003
322136902
685972419
911110385
449480241
404881328
366623527
88619452
36766309
348515154
647907061
576172671
879722351
8708611
748139218
2446937
122742734
990784241
720535696
415416823
96816497
949075597
470518357
415347811
720061929
727211011
77135783
244303017
948173410
386162445
809410297
529249760
823677500
377011636
23629348
475715911
72331335
517415877
726555563
696339329
921483915
572591763
861067676
683668797
610656684
936230844
399665582
3753396
298879914
828298199
877777290
732651431
299853377
439301743
265098161
511604506
703470488
552323763
201212800
302646039
425142549
440551826
426702265
791810713
524045603
712502277
492072360
782647152
730109090
736974942
187221824
622820050
875800355
196355196
929109331
521471891
420477778
908030766
11360529
286451109
142015079
273363625
71073615
957087563
590073324
797970765
449835058
914679351
121048143
675212131
929522814
154921770
403817067
579123470
492023605
981223577
154269322
146028870
572375787
108355160
677571719
719104503
636097697
611269153
207073371
498175984
357328238
436832011
394638120
334934046
499455798
729339351
961560653
644044252
523762517
874780847
446090029
90438815
346084452
932855131
397295998
223465297
404504196
622065527
563679094
834251524
917558474
500942321
223697270
825029106
890868249
307910936
326141421
748958670
437848936
689318538
453406231
838813951
602395828
853978262
206432817
582359009
315746134
875872030
537200569
951053481
891698834
810280
85410734
250929333
566461136
959019050
361754795
212024455
339401439
818525683
127442882
297151114
882423103
375832283
316481750
427874900
644929138
251872271
286128505
928494599
284217821
136307342
699946532
327469118
142312190
535946255
189321926
14209274
94301058
682120388
531934943
688076542
35358125
452984133
164065870
327983786
285750817
180474851
239630958
522905962
245123321
267379272
953739046
210557992
240010714
494206935
849825121
429676515
37680866
252619483
866719001
447954503
839192501
937372738
837958047
399111190
7381720
944670197
323082103
611231966
985766553
325576813
291750290
329587547
85257856
412099135
497279318
607653021
317827108
993010976
313710352
115007476
105892759
19146781
63890433
925209669
994211130
673612756
645961874
654384363
868575084
5011281
957588496
283428614
785394341
359459908
774694736
137964199
907948245
79447587
935697159
420657020
746720192
30117953
720610615
175331021
432678873
875060120
949588139
937882714
164340998
678444842
193255044
520060681
327971129
365009406
132169183
708342975
222951726
516442825
413628696
192160931
688340140
24886648
197461790
328844566
166706045
190591422
226419445
54397443
226983828
291427096
298141023
196378934
585554707
793260289
595065271
633647911
68647953
329044758
671921637
243841575
597345808
161553095
839522111
507188594
270003537
652420750
37649057
208940098
573653154
119946247
122304294
834166304
896354377
596305468
951515860
500753152
284212380
393137036
715590583
569875501
762722904
951962187
77980960
90499064
365432712
511233959
92083458
445478453
426664843
706767713
779564300
376055237
833404807
129077316
216764718
296243461
387110461
28087331
196864628
902260405
872095849
159468466
360779750
439930171
935255577
384712993
677001988
182120411
670162222
656502344
891000012
230349557
132834751
970614389
556610331
690628611
846714987
176679107
853310656
163830807
164444834
167038398
371594704
936759781
187220303
276429670
462405504
807988252
544333523
767598401
735334742
255227330
423440478
201493177
294665410
546492095
457037674
623135337
212039665
48461676
548641594
459064210
662814978
40120235
238857781
8191505
673646526
472283752
3260477
459773562
549658364
959746715
881605870
963225814
818469306
887113525
563737002
433131268
919202158
534441028
609427959
372028638
381400782
62975347
503632967
917086393
84176331
750049728
10586788
801274663
968095743
445754750
648480681
880269732
192446505
958788761
161017845
446720904
60539989
545459180
469433565
34226486
485236129
912623700
441753180
10290659
637900748
192134170
361463569
451534096
806134530
710243791
704511914
441717002
844418373
906552354
218810797
508342490
74879947
368745669
948942242
110103014
643707397
772310692
10630156
998285761
32024208
892855904
684579595
619756202
824209001
358460613
463759982
919635604
583552043
450232619
963407860
672914829
567239415
71023981
633566193
30608294
522526659
215625108
72922688
839341904
907450905
157663976
414337035
348064111
790019036
397268094
193715028
375240242
213575271
672992715
990120730
721197747
38098825
549990746
915663330
980540579
888391764
295391269
706034966
749132523
967988365
490418037
496115724
433289868
168344857
162078247
988902167
745631239
288518661
784965920
202751409
723626457
154015308
493859861
126889638
362048279
869446463
938752570
888915671
222459025
604801139
514864784
109628637
796920264
34966723
524248735
112665661
177278074
505879439
277015045
255854634
877903626
679111945
434799208
762668405
882611336
220058511
973731133
592710472
500965353
234380461
133882774
135129823
381216502
215944349
230137388
942752615
511937698
763770344
358962489
325240434
264206202
84967815
292943396
499225748
720910363
284523
428724619
20106363
445115837
415082827
148748688
733249423
578525844
125765806
738526752
720061105
501491893
782713417
872896069
487938623
902362509
749682548
416697916
23667260
456074413
160374593
607197022
503820907
187268008
471511398
329602187
456169598
475259937
542344715
658234458
193175552
704125661
675984910
906140054
664554098
30336281
193070670
933246362
589855619
518233479
720575278
498755353
804758961
802103629
577204873
122569685
398849462
795298824
115454780
473904632
763447728
190771249
475650286
890261078
481555830
378452304
31421182
289776601
111227928
811405647
384134533
146477345
361201828
786868531
876494156
342167885
86947940
430293866
252331499
946275413
832419146
97615466
811228048
123402536
545738708
962677992
129711549
574363467
64820373
9261073
52733220
735103058
477134824
776297116
137631535
309264148
577741989
708818248
363451202
736765182
305872765
639640471
90483834
937015896
197952612
632317851
773155622
589555482
75430764
312065034
376442727
892562455
16331987
149386338
63874992
718298270
184490820
308478660
461343325
862219848
61135432
89253036
348286351
721622864
980129082
536540323
651815848
289039958
591195543
280203931
284535309
137867353
452264302
371702238
470980111
515339179
719269088
914240966
97045095
68178367
38944362
925780460
910567512
818516298
121141844
839537144
117702903
541724724
164586812
858796728
648152390
36709269
876052141
331478584
110334940
860826455
512567487
907129507
403230762
411021109
768454837
477149185
483351359
772568664
85236663
673114884
290873429
6264848
582243897
67079746
684712269
526214154
693693373
526758264
354377113
910067641
919414527
37005046
978778713
155836920
630273595
885319710
651253826
197657130
858618240
114053978
892037741
54910447
757092020
846493475
612312973
505111555
161044979
204920826
804976844
236452052
371099670
56489220
686924203
428180155
697586079
296091882
497678980
602508202
797312706
805613908
383204600
869228355
618196106
785107772
98108844
115081369
882551421
778404320
827151526
161939759
845445874
689466808
535122672
360431293
248206371
661741537
635427297
714535663
872550193
135617245
748278736
764270213
645631845
983892338
453887806
252233100
23024827
328057098
289599564
103752772
69366728
890501581
972675062
229621478
21802407
968812858
729702873
567751059
688592509
372452197
779186139
984372052
457814739
864422347
345801584
647629337
227668126
65997891
612606441
373343198
835711521
140223061
163265932
70903215
995269813
696441390
338179122
454005585
74924371
156658052
138204136
54565972
642519012
470533066
919867222
305799907
245613313
245769269
881696867
176449712
11642049
338491299
736794651
43965327
231155710
632004711
239357377
754790865
792558431
214885923
616098375
110167207
242289844
426511450
955546522
144833276
343802814
624447808
975284875
339515780
537366139
899081820
859586393
350517488
74819959
789216729
24303475
59824312
650477730
218920785
110638927
85549475
458278562
108872817
983971389
136661880
901692754
61617088
439291570
87652740
342848069
665952531
680837403
806019433
151633537
179771040
149325694
832670113
504623199
432975829
954798026
114516586
918423470
754445076
817897195
36930850
278106513
624374672
962439975
144757339
989047859
787406704
339417897
929561367
94668981
55782108
747554196
806172116
44023937
695820333
584528855
259951737
949302985
222751976
707960656
823992519
304928667
636403330
811592382
651374572
916330645
819692103
428252319
688861957
972514495
786800877
436938400
561317425
831918581
620505990
460973889
666642137
9741481
555841376
441961186
145652795
475549820
296574525
644697827
798951245
268300367
449062017
731748503
705843493
81156018
106791157
108197726
579015778
854957018
165335665
322732951
566925327
428922693
758174433
34900670
117185284
612896732
261153863
438390554
73090962
47389075
69154293
638083919
632382756
241458123
981651031
593064864
266399913
563340777
369472156
626547253
424122298
989490089
517190585
106774056
357436061
280302992
347132352
184430625
306318515
377258231
900577980
649233726
629883857
560181982
337367072
563160437
786747769
285698578
688588034
621879195
882925294
631293735
166299585
484315342
228521694
42098224
693059955
505300234
222330796
706635800
930874150
914346936
285939001
126812050
182962148
620245924
634157060
794552208
746463567
312698184
255760177
706351333
20196931
142174407
857917215
847752062
878358552
858649050
46392660
532683408
514888138
929840606
437349468
438396338
976110855
902289871
563391599
288493171
58939042
452589050
868221384
329795364
411257752
693442676
828887827
398991884
495693827
694943170
584656379
752198376
684091354
469091859
877641048
469598049
206999989
357114396
299163685
315565217
838844093
249026981
828090150
60002622
156344762
696996058
120599281
475395229
318965059
941850833
791187061
146378698
291090854
56204571
352954980
502174003
17542061
519345209
346732057
375711877
930660944
571242369
686656357
703492342
766796010
871233171
162082662
458797495
508913067
753973424
795510994
669195109
403905184
88975597
358509321
853335720
757079699
264817004
656483447
73079603
146022146
274027573
211852372
1351926
775964091
725459238
563957401
694968380
849207065
787058604
502579629
90410707
796305893
3956328
286402808
3586239
940699369
116241308
571237094
154971095
16166523
58076277
526479641
924462351
803468050
932326101
415213175
744351042
683674142
714198253
118555388
498444261
107441370
203632177
489719670
308362812
852212509
865252947
134830335
471139404
255150263
970355419
985273085
218939062
288593257
654389476
419898705
305423579
63829874
961141724
896026307
553523832
827909181
341941965
180006791
754693506
247167900
785166217
610602208
422699799
325552989
96380427
83065360
790891251
367665528
37351597
958436311
854573690
882375285
498815098
781816277
161092989
463260409
904664953
765344398
550550244
44469687
877197494
772889388
888573943
143178223
778560902
237735108
219288604
922866301
400346757
682588073
717498192
612549607
286648616
206245158
83686100
470523022
244110176
523949627
926456070
947888405
199804212
316392497
213287377
198399971
22124602
890689960
448146814
519307510
747820997
967350624
645579786
642583402
490675839
622879501
965286569
618595216
684023848
344632637
790204707
100710935
249982754
824846160
354884769
410634859
958863751
295943293
426212452
767088539
655202990
565846642
362012916
612819809
341604972
73407109
244185908
905901958
579428398
528466680
451441569
534288471
982649421
890542738
22578603
916191404
282016117
280997300
359157194
230273362
273330288
593166194
928551947
405586880
762769300
606315285
305457251
939630459
7645072
678251803
759269434
183593872
480311675
274225149
937129499
580893430
675835559
34459425
588942652
575761963
901094649
228129683
961038101
178839154
911770425
474100902
178061545
465658142
739675867
192808218
212450824
116018285
601853331
966056711
656127855
64977028
823741898
951758096
720212598
1604183
272685535
155247368
880989530
81966386
137706662
412054173
21719763
225118217
921038458
573285052
577607945
227705773
134903090
197321958
996549071
7839310
558445629
726010118
365461641
203977697
696947597
468683660
246906844
916392584
25892503
148965940
700711847
354496295
260940319
979884141
779792351
835860325
1976318
33860353
812218006
329897545
18623952
914640415
418824255
195418685
264295620
147719872
475768621
408070871
789066741
851514391
720622404
109125155
42770260
735183362
184840135
325272944
149613733
378842933
59734359
82376111
467902536
804538077
83224739
213685364
139340216
193989513
6687693
992128593
57333128
508222544
58139495
483130043
5655116
97740749
363662796
528805452
453466465
723773680
566608098
745572413
119482037
586641817
687192399
1126129
75833104
694626714
283597141
621098919
467556735
805530672
865789405
251864542
790186628
910439315
26664652
713781279
741934715
997316271
263000787
35478150
974533947
466465100
463149120
427715719
658032904
426664234
749547565
171668648
90838652
364236401
78222516
857829186
974686220
617815375
259149080
734337118
845539127
52250255
711678634
251434630
668707518
919691553
792265576
415642667
963207515
905157980
388960605
238762547
368919204
513008458
697702555
650197911
489479554
961387159
199894613
674167967
326566984
533025201
101513743
136737335
645316172
551246989
152859430
521467684
686856912
406486680
163214575
884817695
443553670
868663529
236392772
450021581
255859343
877129488
462194445
830737562
740339875
403164363
251951403
176219405
118224352
170993057
113476804
568541692
27346743
238944715
441151045
450242460
784604185
647136368
104984732
841509806
513136257
653794288
795747598
932206797
14255920
106056569
467046544
193699847
798704025
900284600
869660003
125109226
714226396
968770753
735715940
433396246
119492965
241683874
461216399
40929180
704336061
624634145
835296947
4682368
836477027
665946892
902084138
532226088
814506593
477971873
834786419
574812560
195507602
375965246
628794461
183200581
412184784
793329873
314151028
82997303
935159182
136940578
321391509
54570343
10882439
304413098
573169097
639808243
516750290
629776495
283455846
259455178
400729987
125003827
22051049
180286339
986971930
947218665
884374896
603369338
756693901
478623116
15210052
501693989
329640119
114911654
202437066
339663930
493772353
843109677
880933382
662798972
446259554
812544890
598904615
227989516
738368354
722727252
86405563
206726828
732380992
302577487
116021533
593655689
185669688
833788321
263353895
636773741
421598072
753534015
716321771
905389563
812447135
828990971
272463281
644359949
476951682
265651599
875986890
787144137
962179046
293030732
787313096
930814555
516667789
225964529
997451965
428990510
94919435
515025039
304548022
795415460
491712333
696063733
89877255
290683578
156245164
759890110
544310364
232259864
542582310
925061617
383385501
187678864
3020026
94029901
251689545
362643742
59873990
693173338
610707325
497990155
829330911
335084808
693110793
704432781
939459268
12364147
57477950
469182713
780121378
782166051
433756672
812680840
84842282
370247941
137082763
179156397
470447613
396185803
629089828
173606979
951521913
617111850
488488499
735468652
208957181
799314743
378301194
962846947
290297760
816886191
666135931
651938185
745993371
809360862
397189202
616347618
517025200
846674567
320114133
161414363
818619720
69984654
937663969
567881210
411620050
24486528
550755026
400066883
309123220
603038627
590538738
642539060
563135239
299963499
764226183
433534235
718186290
316632662
121300292
211219314
124167064
973672189
708290117
335744078
409195354
129731467
418943552
641432023
349533559
879185780
613640105
922656551
509922909
411297276
824397230
652634280
65047406
986202021
706478926
395495917
323028716
112866198
936909569
57820723
916742920
156941697
838064096
540472523
586767421
648589626
523681504
502078887
636030785
760451421
907536943
523273250
245631157
596889510
797439577
549468232
100001692
93122516
903566217
991409382
125948503
367436958
561621461
44118752
552899729
435366249
40330160
717841446
104285644
329013258
621930241
201209441
629922578
599254067
120777839
829032460
165051652
501037605
826266260
532992229
257793088
474801498
868581215
120741116
748445479
19904451
400199723
6416774
799077950
660474648
564530429
200275189
862868819
787417897
944631047
611843652
609261609
271373261
48555963
582687103
157767046
783480333
768437747
104755585
473062034
864546390
882703056
125577331
561205464
907060092
455151425
609074271
208016017
679531748
181359729
356105297
138854806
538609507
664133746
981809817
676971130
887862924
86764832
244130501
129952798
481333873
383469579
302543204
363111801
113734781
128899054
970978878
940415953
33660847
76703178
842917338
260018721
22749033
102682947
891474870
281231069
44210052
589297637
20782002
678594353
959431260
391148780
469129782
982132809
859426603
458652858
527918141
999738722
613747444
522104176
403625181
388070961
488767238
910672680
74326834
190488984
156172763
811172373
260125893
283581072
31705615
154525000
99647117
524240069
826264448
202799889
288884223
659135391
503284092
261899654
301837140
504721369
277645762
761853064
953463144
990328083
612195944
186065072
836394048
974545193
83052957
850469009
52233394
333742432
834315599
316329201
81145895
140182957
588010360
435601659
965815738
48777265
781272770
22201446
395867704
463678969
856264388
227164524
864123698
719511282
737521981
801108871
978413883
195771781
861269191
94312686
102066281
460835888
121720926
553088163
293904859
149495705
264171066
867600152
952929938
151919396
990039928
360158460
616532372
474886168
992278081
798776271
613397301
911536458
809894294
29374155
635238037
1907653
180957469
518727106
215415703
316043328
60321481
390158142
731358345
946380384
992326061
420063485
620020241
699488020
640581610
42687990
847317826
965754443
368408850
232033306
639818394
327104157
83731823
842550993
298163166
39076495
838966602
658359781
969237264
187267667
80741170
413484274
811102913
532558427
243119500
530576041
457696790
814734771
176305728
674260476
917484134
485189396
264193424
207193218
840761028
657933551
124174175
762872404
814787751
869371426
568620160
135690978
571255541
195547713
301502555
299047595
723682815
390483918
597079804
976435573
922556704
380732485
794495856
210567968
927542431
72069407
908237921
855003100
791573844
44274164
240420409
305465057
287077219
465558736
312130231
121176320
989249107
779929381
146967838
466856108
302097842
399340454
141917179
613533194
902986753
970843507
455845409
993007533
58284780
706591261
459644785
916814226
246327941
789244403
871120963
402013335
574643775
144764667
205229434
795877294
586310452
225106218
199884714
389060290
805559938
998067880
433484924
436585122
223413720
134375923
570868506
267028996
317173832
672637291
160256434
220351678
161804452
642394285
797250491
669349302
988829888
329481891
22241926
451897971
774194683
342595241
252750006
982084749
962006627
739127839
34772829
543855678
422153960
645170694
459283497
544939427
692068042
611208424
547744412
377751855
955802453
633367157
583290917
798155675
629534219
199830216
606653452
122220159
598028530
272416119
43478340
457017166
209105447
202084049
652438051
496450562
281862200
344583658
905908334
131973586
552869040
658915809
265459286
704316592
35890262
390953584
985278203
763672344
806749401
135041054
118786398
609663332
166227563
154659808
531567781
746109918
645791749
3742750
224765353
786304165
177193130
915179664
583779775
157018927
933862888
566999931
669755358
503130500
560884286
97567670
726995410
658751230
157267688
980446489
271678526
738266389
444990495
64083798
635187687
901505962
456973558
667953464
95709101
201838674
314255391
793628103
907155210
963574724
809460211
99944616
150125330
66536168
928722061
389277780
197682640
874250323
982381821
564893752
211069811
355622433
746318836
645548578
636276361
370500640
245185225
990024689
455483700
577308846
761231520
840249179
982286913
431659141
638804069
916199246
84232936
305233995
664974588
521042694
694548007
68392612
67308971
654110778
510957782
681751618
687391841
399801343
783702796
305604024
714834833
662518130
662545
28609125
875166127
742304061
592664050
278411571
561815178
779889562
836031159
820003551
217252382
578850477
88073292
189735597
121565588
187326841
378383687
809955517
215119831
246627101
561105686
653816624
909524258
874725188
346698204
394872011
772555449
757137802
611496460
573837855
889287816
252777891
594641278
757663369
480206180
760359720
707032943
78351158
8815672
598895326
405353491
808262839
149561690
217900339
796556655
176682458
414996679
360580224
375828729
669697016
322188644
748959493
707063133
232001564
359269281
940682109
244824483
182760936
779368450
82296099
380153872
397441738
60050709
270610727
732401989
858517504
247219867
182853575
189998072
726579820
574203231
208848069
796004095
482740063
342160359
521599123
672958508
358832650
347786337
453620959
983138886
311192603
349684124
458847916
93933500
500466830
193493738
779167499
526330077
208129401
636184574
957010195
31709080
663622140
212785521
595012855
541364377
252314628
500477296
911260818
866273270
566638076
431283588
691367820
612376965
154208149
748492484
730638533
785244773
655785416
897503678
399959131
421887100
502056671
662286463
194188442
577164711
254357974
119263891
778670863
724310895
712863326
811150821
138442164
461026904
307967334
524651413
330364024
857408013
981135661
862123821
954356424
886087035
838000571
143109957
243750053
744871662
762218982
717081509
258442575
632824064
189434783
728415100
623623865
43279713
934421368
355762210
432396578
456234956
756763785
671922869
861636823
840577014
645135605
608190358
369159716
492469500
507653945
5613950
819413401
378216165
747396183
61744371
678829702
256272125
548462277
943669887
93968015
910954156
579777101
928690425
264456
858211570
485516517
919991991
9053295
819990128
303932004
528780750
889408525
427917384
470479230
629344619
295521686
405063206
686319300
528207088
687468969
889918847
45449646
736843562
180722285
622306640
242679592
322731164
972143659
468648882
644832182
125620431
224147612
149540403
604048738
34760326
839463182
508320100
552000224
324694101
222311083
14226980
639320359
797592425
519787414
262452534
601778099
541196345
255915428
50535809
764802785
53591544
238818238
23178590
334009147
612867506
953496515
105304880
668231436
264843381
916053237
714746626
206223952
93955044
144984651
448506246
724132224
929321290
416934726
812635582
901524449
212784314
785925569
791599563
405014628
202763646
736171058
692957921
7356579
298755364
766225101
578598876
798659552
184930341
885841156
56990458
288550426
42898106
660254187
260521129
325392474
451782450
185016201
514201689
986269218
572027316
21243114
455407483
876281202
950480648
334383066
882195962
290330356
587797402
790587759
248055481
681479835
370134159
561256955
174558447
263392277
477960687
83950251
609891468
339583156
419214036
105277758
841920544
116864941
971111937
882531220
448700116
597042152
532277621
28628566
799970262
223415835
193586565
93354516
74851503
103517984
747528871
435822153
799626369
891226385
324391339
605634407
390555979
908598366
356332976
261589669
331857711
141138373
451678449
402823732
974428761
659388349
459344361
813572628
127532758
147159663
719110873
3043174
480701315
755833132
29623539
630850492
658312218
773457161
688450315
723975566
514970960
394984983
969196219
717298798
510348724
521690667
642341323
131127270
316263250
782022967
620288662
455774915
569445894
648364237
674520059
336887951
986961489
409654337
271920020
317957675
889573179
271861805
877117725
878009406
596628106
955379815
823633630
112009008
487290151
907041092
448362278
974675675
567729323
226087577
146636896
626458136
412227389
450079310
153793925
2357041
532005216
222843710
819336352
919714317
182042687
141038226
139987641
484561224
507444254
27323716
732527929
802763413
874639733
135394183
323079631
347954221
656324666
970960757
450241491
556898008
729944089
866669390
900040764
761410849
25877383
355997053
143141764
979385472
636097207
281434032
559183746
579917779
745482268
935301914
139930962
168694099
894742762
724759457
64032640
940042488
83212927
822475362
957456959
950335060
248457858
76242227
889772257
922628812
568864771
610871058
525854073
267353752
663703506
804318714
513398997
779744422
692318478
180068012
339467686
564109146
749425523
96908286
162238449
269379490
259207311
166748379
444525402
709738153
40589942
642684566
727751369
957691031
909769796
4209892
653303198
1947407
243919309
159017534
211658102
671403545
374029346
102968257
706440278
845775848
933908192
913190240
338648776
348683808
620240635
217663809
634742214
637581043
608546261
215322123
915100988
97937761
903907010
190241820
319662434
871369349
819395635
287600187
201924849
136507098
910597748
809155663
558223333
676495884
257079804
10095817
575869758
649655326
665696360
405455974
483586433
741853102
332571109
57455958
653363653
642887385
180761815
138879541
117053589
244192737
202603178
239822592
438976858
364174609
589660613
567851255
928269482
370080338
145008380
572411658
700900539
306554859
298082726
138161072
669436231
322022181
87770601
967347082
826779481
335918534
229529729
608724314
753844992
773732299
606604455
342862353
37790607
260711614
453876818
701338761
532209196
541212323
621902631
384036909
469472774
601370786
808702198
493176112
735467766
760790402
933425821
857738580
132289561
374583690
984251263
918849997
471032822
10201435
698377851
666641179
924791052
95027142
880815209
599345167
745404902
990807515
937180785
615054200
686328181
656487452
22605535
606978237
690528737
34186403
401710557
907301771
427068917
469273761
671912404
712471957
804692608
968580759
18206373
990244584
204084674
504501892
263586789
670572862
217756401
94266135
644142492
984526877
291090487
851465788
461460746
120881447
27677684
291256652
603319287
140247608
339202604
741271174
483951534
791121878
199642258
859496254
550130005
968189099
633524490
340697179
90060615
970534651
881636704
247841690
49418644
956362428
226292783
77018947
559742725
367877417
124036608
789696841
319481448
279111966
276733303
883320472
315178219
535176773
212301669
655670670
763971300
960852058
693547345
187104346
169256000
655860396
839136837
804124624
192248262
755609266
903063666
481564921
97649369
710490113
713746721
273865324
187695658
230023104
697201283
778408994
863136558
339352606
728567678
791205917
592403692
609913777
20682533
850306387
588991279
681462649
546272562
970509602
332412129
454051461
224459694
402343719
311528191
383539603
152133093
993454305
172580077
965012303
104762740
723300540
736056670
524580957
230139821
592574907
38194621
12528328
356835611
604015290
56391135
93990993
129603742
837127290
520376910
214517361
790657041
564987492
262570973
523112623
307318185
862730539
203549699
528666348
85034771
614180257
14226142
41799117
373478448
36778595
481156641
703574373
193020854
888800242
915008788
597723360
406852427
847079759
532071334
846998098
856225937
828761872
651013740
362657043
460671131
657680751
484320311
434070280
482942587
333816639
891844243
779099000
514967573
527191604
846498905
59777838
980048857
283092856
250330034
441595031
66874143
987871718
840293479
308157907
223602514
806867346
6002861
672495113
449682054
543204012
59740568
690161438
728060663
333087644
886004065
694801227
629396865
556669269
694309802
800981504
736415910
221795832
261158188
301963736
966530075
502377576
890716323
394059625
623966588
948158870
863671110
958918482
446347413
673285236
493220813
784549072
284059339
919209762
483520804
577776087
967885879
241562310
163121524
558006452
905661014
359296139
506155143
929116850
376539037
956279884
824475026
355433319
425857179
162827552
274322355
46822428
693936444
599116938
535269689
473151255
327197616
298084065
496026920
963511720
948577818
253958210
526570622
524973653
591210402
797713251
655158009
252063116
800999157
782777218
780503961
748861674
818781203
510075321
428623144
885055650
396100130
473964072
701552509
723286104
36873093
126966549
298104241
387443451
988216489
9703350
507829316
646904105
55613615
144323944
121492
304372464
81051101
834771831
69118735
732866701
802043628
602762174
820789118
199434576
868604805
57376960
948917680
891462747
64985369
653664473
828604206
105492073
661575568
784205853
356545953
410750724
341139178
927326016
385982194
389491847
976148617
901118903
93700899
321707
575305912
472608997
706972980
97148113
444190945
659232813
196417756
502001174
758797389
709343224
137720364
249183439
776927714
316251304
570488300
832107554
720409771
675482170
608125820
73439494
62222226
925321474
634774255
886725799
752233268
62336545
35911404
868279524
720004960
780564864
946956812
712109658
131901734
96204292
604220635
786288461
642522054
136430678
255140358
73540939
399932852
785838037
701109891
453792241
992863253
768741142
151885641
419072079
981290012
314267676
437899878
693032310
722514918
876277854
399236703
208788860
968974477
489678764
539250394
15295075
174073442
50045786
382480990
999093227
86160731
313607657
888535771
295713208
290173807
786084555
454510570
311847999
410156793
319027531
883914990
820781392
949534529
22606712
1841274
390515566
86713610
478067622
784367883
31510077
450624254
721578912
141111729
527935214
652504139
581114548
576096161
659725031
155684730
588610400
891196304
287352086
948363557
498491212
992040385
755551851
182015529
481219951
16466607
428942475
18633916
679664617
90361944
866017695
68001849
565442807
318781895
383877604
45227217
483899592
586540630
69399989
946255484
568028672
400469898
790574281
423952918
154086885
943479012
495067759
613776597
751154964
490731638
999180905
355163213
169601036
150838560
586979858
294711546
95674629
675105054
925642908
69954392
83121633
428024480
285740285
223447048
580284185
525355902
212170652
177995964
251407974
641984494
172889916
179881914
353513892
140778123
389972139
949435910
674726967
936887629
693854103
24607818
300426830
283819909
292087290
825679741
631698356
708748981
766926511
484865008
939778456
664335312
831855026
394254674
628397393
528783092
722449653
261548602
840473776
702420789
69221998
47108407
357724711
612608536
436378182
596593973
354511602
643237680
261539148
147620718
954703492
619074864
440884959
703787886
997705862
856222093
375382434
245387385
89231461
874030092
796405912
960731357
786655016
731992103
492931314
166350882
561130158
350949840
678205423
719557623
622643534
564659963
806351268
233989049
61022831
677073765
949971282
403962255
584720999
968265977
52694720
439613981
185106207
286413187
860830751
971013994
233452663
694003420
43764041
473294110
327628999
726502118
211194679
436172420
476389354
717643132
346760104
260160659
595486852
472312145
199890487
613434631
699797028
959784870
903289651
497481230
990461106
658573583
66650412
101053751
306867117
157762522
177267030
68569299
198864089
465658605
933384138
273952984
232654166
937046773
516684174
360462558
754463155
241843980
123073223
814826724
578016836
96362860
859994299
633139934
953873543
177709749
224605997
978390798
387568616
435173329
284753031
882348572
357530259
424858375
480652259
814135835
139273283
539901394
519663884
31371265
73369919
647815652
678720466
487659105
199260555
714532730
916070789
417294546
418285229
757964216
715734175
296174471
989062115
692993636
256599521
59961698
698133066
974235208
107696968
431922965
744282770
303230262
96810900
232167247
6778715
205880821
318812980
25307914
631902028
517830851
924125034
476797934
64598661
378001689
428062101
790750611
805527593
713606092
811501981
759522694
764804804
982555930
711853306
967139637
208615293
971763777
704199007
647850604
31648406
150581743
211262796
74693278
887137141
653776049
268499117
819305959
314258506
147024773
210604306
354584436
796308017
77516427
659494578
387608788
488924196
171809698
534904533
704374069
639827044
815708325
953701732
171944069
242039745
223070063
811284110
73637366
217593931
471089700
991986372
792002778
129892884
855529742
995178251
216116594
33099317
269677576
494228027
121509703
522627716
821000861
828226333
249941321
494889268
693367018
536657467
921136270
771331450
936755856
617058155
816860858
949618254
852273930
330636348
181592664
352038226
425829464
436028459
431222468
639708526
131591853
53597202
51962444
35058023
385177254
270125566
142469282
560169352
498239466
613921525
604857315
973608397
468957607
129831166
112749055
121895498
502599073
647579861
18338592
479295762
579440743
531440855
585355367
256618649
802237433
283924914
531212327
330769481
258452639
23396664
405534309
482517789
833099973
155539502
860564287
296121004
300599475
456243151
134588423
604483954
8168737
247537748
688509434
37294804
177282503
632123966
992833690
310763409
478539194
385478079
393949633
68053274
355112058
607519240
369809183
784289800
687463238
494990022
880586395
276064458
868399946
664665525
303288587
272596510
181827349
222034074
223711963
587376458
959167765
398880233
846615880
486039437
931278230
198479074
29282980
600801827
638481170
249462602
897272706
73696715
534795273
439320506
102964334
829027238
188337429
763363769
187406216
8581208
874952567
999883591
908298124
181398732
543493354
232123532
804239942
156009155
556519704
378741863
3059191
445668719
980244087
323142224
571549343
781522326
220598372
107209627
653457061
238372183
580232904
520764487
362963344
528349489
895724185
321692437
457852237
29989916
91240712
435727936
188525952
637748513
286291576
565872869
755513324
154962501
333351935
917318759
306615320
720329315
494592531
626059546
512120720
503569074
56586798
608794424
28712047
107688179
366781107
245981099
983827502
928893879
947230317
68054386
650349819
893399498
312953818
73019930
638751874
594195584
635746125
361107057
701581215
383831367
680388800
746141920
543555688
870738279
466143447
163183645
223771258
637328232
21189072
27427022
947579345
863329190
545744881
582067102
995743551
485699245
794059026
214217639
720039455
509098714
719285792
486942615
377830641
113372891
295573562
776891517
544114342
424535641
619783423
483873889
321876200
257149288
245974078
31850243
101805065
127548168
424533414
560544379
952860406
742307754
410424556
752107358
399056743
971161348
64138897
824702231
368572997
945131798
444007244
482636553
828663969
102969357
987096702
973929546
770311893
393971753
646557021
54218982
726794421
725442123
716051073
826264498
972736757
405629494
454032147
836309221
378229170
535902014
489976404
441916348
104559197
116583636
355728913
544196411
790778866
750098199
893362670
230604135
408059485
303248073
315640277
967120124
806524294
50079727
829820944
715841013
883870096
879744726
801472902
6428394
148186442
539604559
331317
353791498
386846138
550977462
362913955
937696274
129323990
923986065
229286092
494226417
765725268
787893171
635426860
695823403
248259843
778479510
102130651
76278586
336489941
226691995
568409676
790027783
479910894
826760545
195039472
483164085
912047021
406457886
477172182
239692860
370405457
729319890
88635627
711671465
159245497
103601319
300303758
133651166
65558497
162204654
255103011
738710887
329307116
558186513
680029765
726772959
847124201
578292029
632557397
609643023
936725794
895954802
102970623
211634768
529156186
765290231
316349367
638470420
283028349
778058263
184642233
413899892
128324807
708753534
843182416
332357492
894388539
457165392
771939330
461144298
738354501
97356538
798377407
721728687
242913938
992125751
625630391
952224547
806205385
581900745
166281987
692817615
780192978
578750866
954244065
636316255
374151394
574656088
364953408
94803606
553118816
791054699
116857257
284667277
294015433
639785503
665910602
971630556
64056721
367072894
62760627
920554195
82618915
197061483
736225578
579267704
276753749
142873464
560309067
305488084
271073063
630178716
290891835
993127951
979604248
389020424
786665970
993905428
391677645
646032761
902577302
462151675
86996507
868776777
364350826
725885190
560923988
619961673
143023689
484305695
412346805
470611254
618688692
649159556
81831968
499470135
99819400
526562017
375912846
27454280
273963826
468889801
88903477
739053981
659797370
778060905
782884855
49329598
68286794
882692812
513248013
841786529
659372666
831840292
834923144
469411166
642596076
675593014
826860682
849367222
76733627
516619594
154881686
623832956
156723906
77139258
542851338
226539440
366961642
997050569
241121257
855112441
55520103
136163061
29111262
429519830
869988506
198251333
20256627
747467140
403515821
466989899
746673862
822606613
208608010
568739941
521110437
936961123
532726419
587066377
539949480
639464358
930948106
349897663
650818462
510582954
557228124
479226648
552069057
789048564
791073296
6163542
950923963
173964703
664413950
522791782
484690234
546706951
224352041
335454905
903355270
940601316
467825454
73367810
16614291
695927867
222842930
820086352
682031610
60721100
233480732
298586514
178336171
96835150
702913031
56059705
184478994
858275482
894069220
283814389
17034736
635868816
993446655
102748643
351346313
225908097
498005929
816886892
492192487
218629438
615982317
702760101
616044664
508932032
483715478
578040651
518461750
251066406
604805413
752361773
658320756
679285699
340598769
996156588
16637018
934276084
417985575
79357938
964876819
22301802
586482475
108183973
804088664
575552424
841990627
698154709
301449134
64870901
260598865
54485208
365753732
71247628
787090760
929257102
28568252
699490471
572871730
896757742
625584078
414886487
447832735
359093098
755291257
58198059
186583879
539377515
459547962
129307344
674687069
75068181
92664711
636821546
663563105
870425545
579722341
261808586
188875779
794607640
458172891
50658630
251198743
318108865
503991331
787894407
174560848
516601942
945976260
931617390
344739278
159908380
680982682
415813278
764137599
166190448
414848649
819487225
843478041
227050471
752808688
968009730
873525637
481372623
529853827
589768839
233789097
700699473
492083117
720767658
556918419
642982290
582416419
599924311
313187372
912299979
562229966
463399677
74560574
712607177
569682581
611126889
916012070
481395469
892246891
651532031
329173283
48912917
31202712
554157005
620478179
470712713
324405582
817782972
147052998
322571403
440787991
740604760
670225145
642322755
649701343
422363966
271606725
137553389
285860718
206784481
281172244
997787008
212923805
987606660
21737077
53710258
747667767
273691493
780395766
275911989
68861650
861047531
370324159
265457517
140643527
965387668
512037034
321372210
558933787
212714259
774502644
748036774
913461035
639697313
229969043
613013588
941958724
731844270
445461547
424620181
593561893
716055671
57745501
276666006
937233194
405214117
523896033
503747899
728417571
126758552
805657026
427373810
93231122
241819618
777503637
471480488
112445748
546097051
958191749
21892247
472535855
189623024
239986825
996811458
686270865
959721719
768045917
959560672
532047086
178582076
957330510
961939072
434497535
756335157
921088420
99280755
499818554
792224047
914256824
592511197
152535592
885684750
983186330
255230024
615144136
505852441
795058096
204039286
833471221
221717884
663837453
874951164
235237433
150129928
255307104
429889953
787670222
620137684
705361349
9794411
886480825
582436464
700082326
147093337
594089539
572413739
223723113
436117965
456566655
311889456
265534810
949060223
922888536
752244894
568282801
688533061
810789109
95429843
438190267
825813472
974304065
248603903
690317365
106895339
9620065
320136703
320520158
706197576
338151744
737782814
12139743
130597475
718029198
834480284
228755609
372649540
968802796
165386293
668053891
899847927
123225101
128145185
162756989
425017214
968025584
227325763
582324002
717297964
297240557
869944159
551312985
866061462
555647264
183548515
308841920
441204106
253244329
699029819
473484909
807795910
882019420
839927830
311009202
540219919
788721708
96457240
931656345
720929604
236769059
763835214
53276436
810942961
271004123
993094792
676778918
151702700
973426945
43851515
697955176
419681269
180338452
286365312
731052186
725835074
294458447
430056257
382087396
866093184
632005488
748078323
975214846
286515535
567684798
370003533
693062265
844501147
105851140
321806782
132813198
476195672
490017274
482457296
97641811
159697768
805482138
376089495
593276273
925217878
947167451
222314833
50703131
708493385
202135890
433252538
993117715
361286935
923196154
699777735
813696912
899664282
293999526
153023138
82025416
699413267
131147047
943753286
998051161
525782998
770463573
736141391
322220859
746165014
344406957
517895907
990221405
552997523
916103619
166310351
821020306
315407734
594278608
964324188
769861891
610887536
45641510
265410858
450211974
117707927
62494534
165395248
440178867
884733296
707741525
664405895
93071188
288661121
191770418
788122750
928235329
119230058
39699813
406205027
54254645
988027966
569681880
493897926
194294013
644737377
776298523
990844776
557502126
543801247
294386798
277893779
49287269
605424483
128202983
407732120
497666796
388683313
796803106
622697662
451372690
966033227
2479507
937312875
700892952
214308220
188784997
487729220
621972723
983074070
426270439
184955157
734033136
359432652
379191149
143697423
588249626
199490539
48915894
753466108
777235834
217046700
976216708
699712670
802873498
350957067
494582727
390535860
186057783
660930794
742979281
965598802
615192343
90635683
593955115
801555476
541940767
601251325
838308978
555722192
132404400
980117788
351864828
946008904
618953570
762916699
506850471
343835242
965780147
360994069
863725893
849104100
575874606
339231845
576355107
89510592
849002826
395292175
290731806
790857076
293610664
391411688
877269503
809749945
140111218
926940175
655676301
199798937
770311861
351806344
421011860
583999351
58580224
217288663
714231779
197104523
10075995
191246899
268633392
286513054
944847942
662689623
326890216
29213540
334726569
599244964
865191923
8159300
289520814
815970116
43563896
408500760
788701698
569470895
172783847
180815286
38783041
725599976
580480287
156986996
593322649
274949
398406725
172968510
350614555
35734542
906725522
596499080
961358750
809170385
50449713
439012239
616849842
247506923
255518705
214235205
923362051
850724196
121050272
520870849
226767946
863711517
845180867
674115108
799959548
51653827
780403249
277936119
428567564
670453097
625366715
978652009
209987024
703334212
260542894
623184156
505686942
754344911
977877397
712334100
180986901
145648777
187158079
94713251
243192541
48574459
153270800
300162131
140547860
298323152
203079628
911746697
919776779
680656403
873503835
721531976
871550919
435915010
867440308
651898618
283654216
37553039
47435603
448367469
795054976
707550690
327299665
730397141
299285668
876314131
978792506
769881560
235484877
485140735
57998428
217546340
687419647
97365889
660380639
559428905
466461011
435071729
332919124
670716077
33662599
152865807
422645365
20626346
276106645
829572523
354064895
823968623
609098476
462658569
569166076
366174083
344062152
960507655
849438271
186508993
413767493
478045879
219885324
156942532
376195572
309523953
577031427
382347562
427529987
375015466
335298126
525445427
606287081
919257382
854192122
968054366
456928663
259219430
473013396
722021544
522944105
6020392
991290522
534547490
166838610
317246552
654950485
842125338
602450684
708563024
220298566
592663107
477853255
771787731
146214862
478321100
203896188
508324000
652868528
672338119
378872830
551889353
818110913
958559211
734985873
484413232
928721136
759333690
761175429
488310996
823402286
673897764
522889085
452051340
39222675
66923742
242833856
580790862
521979951
884029773
371007989
75755260
150172543
237672923
958741920
808497671
670039336
149937326
875294003
681631682
964854025
292874299
606644620
779349332
355098754
826351697
812514866
782942210
388450260
792238894
385065911
925874661
956971416
600827845
766462776
598409633
485946090
426404040
939356656
70548768
395238954
547945589
419617064
183344683
886045424
8220031
548103141
593993395
927008568
205074891
449302287
761357474
302689929
482631767
370817714
93551579
620811433
753530571
329722853
833753513
894738101
180670715
780657897
956957909
589624495
403996957
62386930
236812411
661492922
41271124
707283185
490888445
170496382
70082670
801689673
452451652
781294134
117742860
719858287
88883062
352360612
761506982
908161679
799495974
931714065
305146594
804526526
12307981
496973973
457509302
500974369
901730535
297242945
704263749
71910260
550351850
821996755
784311546
351445530
623068953
925713248
965008285
485991141
671959056
234369983
516994917
594863363
278924757
51027979
261870812
287698413
403454547
987615863
872908610
275519581
694480650
968494956
754143844
13173707
716978558
633950222
830109232
73210645
30506265
68540279
431676000
788171782
424721104
288624362
808235212
607782663
98362247
767250787
222348455
602142276
535867306
242371806
812161942
32442923
643180789
92500508
474259284
432457808
217976788
351763241
900982136
922468976
159854218
351553648
505821649
81910346
40357355
704176396
63926315
929661210
867066300
120884921
25431413
316063570
656922566
677724469
470750988
482076651
720490514
351240805
72868459
33971742
486673121
553600613
191355768
166260822
451567434
847344917
503889896
843255016
802483760
646638542
750690176
347016317
208893578
896486415
687035303
943380259
592084729
801168362
390124801
805875047
638554477
760745186
304264396
291653366
609171503
726280214
165127447
927968566
339730307
294251576
234510683
623339693
765209367
105197800
616664310
161442334
977955029
14342461
710929410
154168043
952060257
627467905
585419157
65097205
540887589
880780337
257982247
35792300
584774947
243228410
225308015
104977165
764411233
523537011
574435344
23256376
417296210
454275918
141707864
38880673
280336503
653027610
536594214
522449286
737066809
942207260
685436241
675211426
714592136
577778942
667768732
443668887
78229715
714752374
44880172
864361856
790177784
367995835
628023781
756162751
31035215
353123226
401310428
253509869
342135578
250215850
836680331
85257515
555828134
219878378
612447836
564065376
637914919
250857540
867655065
178984168
258201940
491138745
441390573
927146996
323475108
884113947
497743321
810339400
430905344
92046737
120519954
709604951
532287910
943549495
256548981
29365146
368545746
254666804
569234106
995142149
845982730
980868524
926842862
369013237
421059125
601510897
323537068
344068060
630629984
419316536
896208543
995985647
110110317
594210323
490490770
74233511
736272845
490393064
454488499
347363924
9419718
82867206
651888724
14300838
379477176
262991990
125086696
479250727
977692835
500158049
91276940
532766233
858960335
124191273
914076340
785956142
281698203
374558307
629739037
186337767
394481691
354983868
728900033
612420846
482922377
19100347
737114750
424432709
715334807
829612003
462155143
387498784
645029746
735079967
980397634
843292774
22018697
646516297
456760034
284212953
722171766
23613214
751471384
28377980
728029393
417321868
650221555
707142550
307981350
790866649
953955253
404469289
358814477
627702753
985152525
451713053
640843632
165000635
537417750
615383181
685288004
885019813
393998910
980295657
810383980
557965138
130907280
735618625
99789177
479349532
355758629
735871606
992659057
53549208
768018721
220759705
639829834
862841059
50860360
647211721
245487508
345444661
19568444
630428593
445054860
827615774
133804519
212332388
609562977
690257410
175743418
465939905
856977248
751894939
492652833
446633001
196667438
162994984
211233215
718020064
462272353
864358877
203140533
771997249
549181664
683733440
339318261
189918632
507261995
624119208
265275007
500264338
594237418
505960790
116772171
468857482
526629875
672507954
489386587
596118061
306323495
641694493
45563765
383285398
819523370
944199096
771878839
934932364
469225644
336248706
860148518
551395373
719597111
347227531
22772386
279990972
72836805
281450934
775748195
755326936
14006918
91353226
878133114
629376041
577693233
578551432
528074454
249921554
80002905
165206710
35320794
807047597
39704196
178904965
228501909
165713524
788716945
330988832
986862449
241963608
123015820
689697409
47568928
619707348
171094374
324678225
183317593
783665336
777525742
674030643
810959922
171901132
153413166
411665149
280805487
835885486
646911645
406497824
719011682
400535620
301335612
891973059
466074170
182137882
341744638
123389870
632190412
110637024
342957558
452892836
827900711
221116477
779433650
499035359
52102942
338819501
409853704
169917278
59303413
737240483
75180104
116796047
335077888
179311201
246268090
211696836
848448143
994822772
182557056
269026043
11873683
245798289
739221141
123353255
381367098
101778462
88618906
46882555
476869980
805900403
464890224
209434962
608404487
95135378
217347415
81996120
864711656
980980041
492149740
844156308
123862787
806001696
577027799
419369197
804161565
153129155
68833071
490472244
639848753
764514891
207711336
275624166
649833818
713978312
279101255
220370069
812007720
608186218
242523477
192449441
93364300
820626057
739894143
142121982
286138997
465377515
468129781
647029207
591524285
675060211
739306179
493525954
747907507
765353270
45124606
584580907
784439841
899936073
143676142
32562290
40300031
312209376
546477340
944567522
68080398
976935209
128501328
167273920
78234359
115037320
911720113
516194265
648215648
371132940
802898707
27481927
166042328
84760257
202394444
510451605
828342154
351194685
299186820
453921006
379731665
248985508
752091556
591430352
539869655
831585905
73450096
404020747
759391630
560227570
743647619
898976970
250087330
788230903
779650696
878570596
917607696
534087297
140476814
393277237
60998518
645152610
511785033
727073689
574103026
895067542
225477364
774813932
773770531
306847381
75083056
407588481
18658728
27427965
552205987
524463217
761792763
835883989
72129150
70478766
90415966
237351980
204627085
724420280
747382796
63334316
318992746
649621699
120745886
727129556
378308603
351186021
276636202
156191356
443606721
368974916
766846712
12842168
816556060
54788345
665841751
599049602
14063192
28455476
567627903
483582878
434900730
729271469
45190281
666144178
811509432
339162493
849665803
897505930
264953525
689713470
71232848
63072123
577532998
489634296
407303394
596690819
622250867
646253175
535698191
705322146
90949373
195994724
855134474
815507975
159099503
905189323
951363097
638576105
121507245
213543355
165007690
111129938
896623466
981772220
337718396
615376747
298160538
423729163
887835912
951800346
430959428
435714181
849682873
936614711
721874705
695563745
722965431
812244669
14690272
92435659
510400150
579506205
106911036
529888655
652499243
573800382
289957412
737222726
827435627
548255457
463854098
123090054
352801273
152612551
264525627
867432711
335772733
293825146
669278907
851657111
476635996
259506248
809775482
302579814
323962152
514472230
249240364
806441742
520711384
423475136
9942764
899528503
430021204
291045679
198813245
757772239
636751730
297086734
789231083
991354835
702822813
336982231
473055079
471000515
99447912
796690210
5525138
669565338
718413853
610639478
774945546
805240554
19259621
132164912
387831415
227906248
331560372
620508599
660459722
722067826
365247871
830779803
580695370
58445062
474054141
543057657
687993182
138295998
795421335
148835850
729362782
381452603
562522039
265121386
838639798
151717562
382782764
597897298
926509372
452855061
759718741
396356799
731197249
371784749
852115454
995718113
832798143
645323141
72981227
579116281
980247667
539803733
521665141
812766408
889432859
747186693
171418806
165148412
531593827
268984455
733736099
390871909
983124619
36171487
693079914
736744693
237680623
747437409
256686961
322909818
114952313
724396286
715518884
203903795
315596648
139236929
280088375
674149406
467035245
392682711
652932305
394694060
274992405
761269238
368705788
941211105
495623739
319066699
375221828
644008427
977391085
381686885
469342273
653857099
250171077
704768397
866646041
237204754
897821962
423323770
404219085
249769048
801986565
217631154
301270852
735572153
743971585
9678207
219285194
633563912
456865678
65653
886717162
702875187
829946933
438931694
430953873
54089963
126684745
138772576
530328354
447904
552822353
246460440
909984147
513399377
942379575
877850270
918347429
99802951
334662659
160601365
17081164
173669121
366877767
266587905
480013105
785864997
96852173
482408412
41194097
657227798
582727102
442646404
196253464
429322429
130164723
291357361
108398269
334074386
343060884
662282496
185227771
994588640
685672849
501037747
965213147
846028887
992617727
22500224
279262276
722076159
866508723
859174328
840751764
876365911
716473262
490273439
68531942
95373815
873263400
592638495
322677950
597658459
755669257
580599362
443345951
959146024
178301477
949893288
648477263
931553901
256858607
164790975
418252682
982933155
213768877
68353615
504857937
609597095
759592101
744090476
25105688
419006045
6666459
733709253
286346658
720080692
767689454
839490047
399568281
647082163
210142327
78165166
302914814
985472633
827058962
966561093
552376703
348844261
138537644
366330813
860693985
230847817
847045727
320047812
656576066
441457
159090129
694961361
501658686
344137255
195564581
929973888
180534947
868833363
163171048
479086166
956868083
339840331
299843258
915516465
293757997
32298584
506205195
811969559
346679112
652235772
258911120
54470906
622256842
432751415
377583063
510051623
355581159
848773879
975665858
230621924
426485636
651562682
815811725
235554385
8639039
69847317
222196449
273858169
185183227
883517304
822241464
122950075
309386089
715569618
269433688
644722540
371051439
760273065
22331763
852317305
633036213
324269338
257292017
443375493
357502622
728660895
442952630
998023269
435205338
973924530
803881572
950948210
28267413
804982802
342812410
651340279
95459804
141034908
125628431
254790178
909413549
431192866
103023359
932090005
318912152
765156869
879201007
36456564
249727024
150800587
994310116
952668502
422206113
441944199
385177826
755201549
199482917
426463182
707077186
904491632
678675178
525723587
625677152
535507634
32776526
280752500
240518548
921667581
57722484
7102019
293084748
581582259
455950303
691264447
809048858
378554328
476449457
168594432
382583548
944384980
582593180
970080408
281116024
366254210
64612337
717322393
801339555
741438516
604918315
667969756
808024933
241861742
787642199
182282576
568247320
68039456
355100198
348840185
209992637
270153724
652483152
656940635
380777169
422596669
991299780
856506055
840757350
130747748
132140505
16466793
600415727
426150385
724676607
433944541
407674296
341735238
356928326
65575677
608844028
383861631
10892349
894937369
725150502
139742595
659748432
558027792
962688229
659562800
954182061
526261129
245612675
869570615
704606663
842668401
95790507
277660823
860607957
231042585
314769293
68965176
765972216
646848857
379252762
560230100
816087420
369411685
10662744
992135276
676010169
505440420
479709786
411589858
286826314
890611162
871274024
197336269
632305283
804519954
262858037
888534165
562912061
329513239
793474370
123614334
976319532
207367937
539873942
328442301
615621131
361978908
18794090
188948485
300102391
453660059
759225772
98316547
112711825
433807450
128151871
652986434
106248600
569843045
605927530
114355819
370190196
939864270
317962403
637101349
344910364
336985928
489394873
780586358
860789604
878719214
132555866
128498926
492437917
828593475
250941576
759483554
408167325
469125204
475482187
751033723
311001374
329185159
365692132
73120169
868354943
922206322
728015645
493752982
276204788
87039506
761127609
670187227
856404846
722412570
959719042
459445298
608119929
191732642
172157712
758302395
463155201
309314349
412396659
916264708
229265516
383504086
899348597
293834407
918425633
90165265
467828991
239398735
896792854
801664277
219049146
223964962
288630711
734588274
945002783
691445899
352673759
765538266
357037474
15719882
430540237
278365588
825747446
103633522
842428204
660365615
113660981
59567185
645389970
528832063
116876683
862358958
509620610
567124599
359778042
880550772
799543055
906187947
968716978
131741285
134162414
590163182
305231704
102113682
451001564
761034987
671793909
403558968
122285374
603723445
253620674
215285327
998168733
247149438
433815242
128404413
201699862
395877504
585793792
950094549
492835606
716703574
978129816
164146113
383384921
689319735
695796110
676101215
310244414
914517705
368047837
108669615
629254687
231696243
160068533
657809943
576968513
275453928
363276797
493297003
310899193
310156194
394531965
910129589
68950548
202250815
276634312
576379560
883031092
956473159
913540278
985627446
914160621
440138793
164838395
656769357
143850453
778375196
809085769
354259947
276472809
350786155
672905144
203762238
248506163
524283419
181193034
392777410
585769617
838022582
845685209
890003289
445201346
835143769
185448844
686172741
80867784
310528693
534578106
269877031
207709917
47989535
671604877
389356360
229822353
160577608
521833560
820707245
232240366
373484367
391892080
165600690
168133513
865436204
297027904
296725457
713011292
419899035
567214783
692431714
976565218
45578662
358716657
96318057
697817374
954523790
445897648
228314720
424755524
401281386
679091679
176875260
888019290
38373929
714223648
497044951
609217707
473585534
200880262
525163871
904136720
88104262
300216866
169587951
567125309
933823294
196657135
350747277
514635891
655329322
239923907
950900709
37141031
193252988
820758832
861053127
106295857
496762280
21149919
503911723
565030609
515349202
82224518
66229243
254658048
795736711
379007848
614542007
623791912
452409068
73258418
143591311
739800902
23611103
553547807
668402560
284816569
336804222
74032195
181223695
307502398
253613777
393216887
245208182
929766771
142124710
397834728
286227778
949922297
376963801
122633871
401462225
749838170
507780531
103595217
553365636
258237034
916836761
785901626
541338623
387969933
644104806
497415316
756832180
233975359
397421410
950261701
209584000
55620423
539398781
88189696
99352163
926328989
336754026
552820255
462116780
424963324
315636327
235550409
607271918
141278567
145865372
961148963
230978556
357771565
53366914
515597035
951186220
351287878
457829956
678965927
208723039
492924717
329884252
196390586
744133534
361192657
905562221
163142231
164380801
960844028
6937385
919007560
611718418
913273183
151034004
269288801
250550781
666563898
565356341
936155026
389624842
547874729
17686190
157722685
966846123
150499269
30314245
986407748
841800278
72544355
208841455
500639917
966380652
922759219
579563834
20151153
502936047
649527802
610679413
203610279
464089360
131411102
476058632
247865820
449540698
791178521
980309033
311740372
865579491
105914677
173404171
250178643
349476547
251715019
524504344
115178193
336733513
159381656
134530508
793297703
868337596
453371048
411594775
634807514
230609008
595355782
684062536
730189537
920276180
912815161
641101478
513114729
855080127
147558812
812561325
680856425
193268266
690329529
103585197
408329038
406848999
717302512
500769697
251406073
853505064
411599900
515736360
518508040
29506046
638481035
557049765
630852631
435356231
421837055
533028952
584866610
578050417
879352150
237829074
620548145
163829254
743780696
46677747
182577609
164533220
442647688
679036102
879475221
335889958
962013775
463574909
246712851
197226991
417083845
147029978
863443669
439888840
655925992
768096853
884824367
481122561
47266153
888009689
607250886
70963393
224129064
243060093
593215588
182878536
691458123
660849144
849870887
761255164
730970543
614514799
564013673
389861567
14399863
825190910
382104715
498274829
944127426
141862656
549789283
782749906
769348978
372256318
712646325
997952826
23202601
623047280
90150881
870436842
298957326
385321804
931663366
230335948
749149865
12846806
800310834
941919679
642730780
142244698
712237502
558106850
358463127
663677156
702776065
190031400
345533222
464139752
225544247
201214700
610521795
404069151
710648152
279983683
245632105
937067274
576462813
337465840
684572484
675345962
469607085
210082106
181051072
173088248
523650675
83616326
612170580
677860857
217179112
238748346
226132923
294506303
517638006
653187524
876532385
514735170
750346007
44861448
803854786
590022937
96523606
36087909
60102968
603649202
8530824
557005485
207203694
9633119
693569889
974401931
815273344
986984398
819594307
161394132
636240629
717708950
95413270
420262596
888892736
286553611
328240053
333313750
824866761
845420696
845082071
538487739
218327897
185947318
137067091
497763015
764073225
346699490
197978039
178064628
447062458
11533724
525688822
25248409
703894735
187505926
626624773
177090714
326236791
979328972
680674874
762420203
883423900
648973613
919391774
700139364
28925514
822819963
983029149
747472249
344055130
427321061
381961124
876389019
94324874
528899405
249121800
179883602
115295645
813438249
875722549
754951693
675172414
44300943
912488112
332553252
936310010
40410995
743905965
378498771
711617389
537316183
380493422
609173849
670730406
356810751
81251670
622272719
98184594
554099968
520864271
72461092
301106463
373744660
187600425
243156648
93550973
419516650
74635520
767378073
173406492
282623903
324485397
479905829
943101300
360391441
624157441
496386593
893126547
772541732
824561545
565455621
768292973
29588902
567769243
798369339
897063170
630014647
291303316
919050660
679629305
527133279
128969139
586439104
856354872
925512682
165155179
513187151
344275856
888636129
136280665
755176625
347179459
664925700
75027335
50768332
314240652
984583522
701382719
216400201
900126818
559831576
660767405
147290968
129124354
157025342
462656510
669667912
703562057
730443698
465505440
490020750
202699713
355211709
396684176
228835329
419682809
808276481
928886294
996205882
198431326
640800111
91565645
62239960
963294666
816537716
471467890
113635498
63952397
656570546
913764642
439416228
366855595
579670550
346089592
393936654
841195521
264513874
505695704
834114357
837331123
159893824
34327453
858489933
578957824
631881977
983682039
625340532
204132585
196612222
337485208
308531009
286622952
965239124
368086047
850639713
765796177
695606081
840705853
506738795
252243216
342144978
634016473
897932674
747808994
294173686
838802646
664755751
384742861
577917514
500970570
249748675
244964097
783362301
189988520
857323696
732536759
708506606
564601975
814498433
254587951
245945701
445253042
208421037
503492693
307475824
284972250
15692649
133022055
205991333
865915040
531967067
81682764
551935042
976918077
196884608
676608645
502070656
599176581
132301423
305231702
46740101
79636054
48986835
360196607
449987976
922400778
601596969
679422447
694354606
60281288
762798733
211164914
343612043
443745035
973982060
487215061
224014397
882134517
457599596
852824476
754017399
811486576
490083304
652747594
500236892
331753051
60530341
890656118
98109584
630138755
81732846
141495941
329943285
583380977
199581015
898569175
692210720
689936104
973660776
39125663
945899346
998179075
723573052
414357942
369809214
529160905
206069218
826335164
920107158
238261619
195518500
746959014
528354408
303229395
554819470
810095689
64064560
774441488
681443944
952430622
535659767
570669696
380863097
656462939
55123620
196937323
348634793
249517545
602091839
456961075
536093078
785178084
853251424
734653558
432268412
518811587
538465977
805963597
221172854
719406264
32181017
799980507
733178719
843866059
299657086
167160506
769392954
76778328
748193428
682841766
399640893
624421340
570746782
345135128
366164446
795144567
261579417
530146290
284489672
631582464
653827083
515034195
365991472
785636212
186943246
446707935
754031975
894122769
842445758
27746896
815246315
66984086
695551988
755820775
983333388
128343656
187338065
109064270
538458091
287980897
93460278
549736342
68940616
324207442
69218984
711632107
768002655
970054818
48934273
575372616
939775333
467574690
217104686
738346357
208942889
449951507
572936014
2365001
72009676
157251909
420412604
554547560
465656925
810827531
787420988
568053193
756761596
851849923
539709113
612725387
378201263
473684411
309814400
435711134
53422706
695914009
977396312
341597331
426797432
597762943
15925488
213846663
969730057
153343642
62672102
376483889
884241039
79703261
517140222
895043271
365717485
333238879
106139522
702398541
839168143
160216298
320113815
932186153
286465854
891493393
766828255
201263671
887255026
858409765
279984778
151170493
242021462
220695549
103093804
609759715
122538863
322313298
701703968
742992248
284725471
568569566
921073953
629172270
86625576
811440754
229261959
257801444
448474275
528858737
418029460
200976333
127753187
342403804
391349088
486719635
708616965
412281744
14116102
939236777
688323411
545852345
330033610
672790674
894902613
724194886
758262570
16095828
69990077
838372131
681698238
536498901
655470518
309431110
50872754
531041484
491923157
650929828
427449379
176594967
83605329
581293455
676960192
437598903
369505001
835699260
450330102
643801754
268350984
133241486
852134917
457841494
105574213
945762827
939151538
753002349
783208110
607344231
973998241
596986658
329049809
414011583
267611057
313006313
409100221
415180024
431302740
583719861
140316717
160304486
756005344
131819313
860202812
312637098
642068562
428060443
732956501
883519360
502762257
701684217
860746461
83342096
554981094
788706624
325799694
870912289
635680896
258505537
343009519
117256197
778671972
626856754
945453602
975858042
496228399
17560808
567446981
105372410
938567432
704171492
379507217
542881704
736933058
247771802
942909788
922083510
533448509
102755525
142986089
750724704
978375755
99776892
93313952
36198866
642989214
487165294
36220837
782834061
971648855
971341419
682707937
588977803
579355554
370627998
81402970
802602878
379560939
705457271
132371371
548838409
961139479
439862651
854353794
947796400
172338460
299815981
466901128
672600613
365439773
448358256
152103902
286997501
768824740
980482736
417443962
170672363
977440129
688840175
39702879
949596873
219021147
510195560
470922005
656453000
423881297
305435899
966916138
113458591
138923401
951224593
901224201
649985122
774608652
396421783
28957931
153589791
37081194
92662994
935358103
17909355
601915998
39929010
823435933
953451201
665119754
551385411
901532105
610963585
200621319
978669683
859982670
358491284
172126318
197104802
502885112
55865553
708606204
21163668
34214497
714102632
848974119
996855456
245130162
309005519
146011196
159355792
531702957
850499440
236115221
637078478
621313055
788618395
120509891
633492668
536810543
287886290
157100969
857564777
379166932
175547895
192427234
890024429
280646991
206740623
622302634
962932464
885360435
906232127
490467244
600718999
302117831
670243853
929289808
861961836
67725408
523441662
645327781
269095251
327442684
685807950
996311156
279380782
104792392
103690814
261243651
297097508
57495793
836947624
542208514
926619961
727615545
470991374
762047565
891828046
18040399
743158779
165836702
65707679
496005031
515131155
187857621
261601509
184935611
58397602
774279815
216569042
584036376
416433896
298322022
359401699
285448836
510635746
144065743
319569989
699262676
440640635
63992369
245300866
992225372
581394536
347655467
565652757
724108000
254429921
876203178
925773870
591201983
301806546
385161398
289742091
323234584
124187111
590445018
290135433
408369834
991364503
56829680
36263006
419792141
900231602
423699816
596617697
39862967
772101837
890445037
273964389
408819359
856766037
253299442
62328655
430112006
851949231
679363130
302263426
141919748
457284187
88687952
771758081
780225935
511026467
532472975
710558995
313366500
896053174
659318984
676755287
99714031
153162291
439152142
800886679
11210417
893708327
310928450
323306567
915241167
834525769
547257445
42952763
941245846
753943343
713883107
300808959
718948697
674257880
608751815
370162189
782685887
319592943
913802111
309651672
599683493
366035106
399507846
697300126
924196555
456785770
463185576
250260855
687146022
887580406
73644129
845324903
320735487
458639436
323633342
314060853
567914769
979709372
606569667
85865883
670996799
653819071
127599320
390361347
418555579
738314637
123947806
873364478
658848454
503249612
462334770
112096847
556692418
999542410
114401645
70205779
237653971
438287526
366911113
375395926
894508358
671830218
649953679
123865284
217768070
102322491
54944133
830608560
846154797
229744921
146945136
673402057
984686633
178406218
908565822
251290641
530250496
100918475
487710323
583054106
297881489
879881329
403434139
228101766
790766905
368924498
995348644
326150981
517399985
398270732
531860941
314570617
111341074
478416877
161385716
294725228
982908416
500686875
651187881
680524397
161113226
451144192
463499159
633062669
131044573
695863762
743393
869479627
819062135
61462655
512052799
200077882
312156904
180714268
561589890
990608638
295087057
29070038
505738396
166594662
578666613
290694326
878511764
733662543
695637066
264828766
280596710
607888530
661976926
965110650
784825711
460239946
251125965
661761420
532457787
222437764
822092150
832513210
268224139
212135068
772107712
69829113
441449744
256043418
673010602
540936552
372047457
935022257
960815101
79422759
265825913
101624112
802090194
328568534
930513507
549515499
731165645
781105018
289110654
312089650
223938939
121985653
185016576
309034631
948466428
146684429
129598220
559319348
573930122
277796186
957737421
714805489
825410159
687002063
764299682
963131218
239070349
73171679
404591516
674562982
306975559
96879258
54342478
359266010
295207223
582692461
736546403
448323109
361268056
216603538
861877792
458524798
494661447
835131864
565789669
877654280
234308588
780517275
42049240
997926757
163214322
288105762
741805960
537160144
670121319
442774796
188392763
831163545
691404680
886605548
322340612
818173478
289383934
633598936
959384761
18754062
4674530
690182408
115759136
232183884
153705239
200556209
436200943
622126981
219242862
903798116
455559828
686740751
330291916
839251742
777877307
976722159
695087043
812911837
176601227
856820332
19824166
269989807
129508322
822837240
607629204
623754820
674930842
886029170
459566815
410865276
276278087
908100070
176429668
197853873
767643206
529650671
464906821
355627966
421790755
130599495
820872917
664626581
380669811
330767449
733627895
159801682
384900361
855449946
727728789
129721932
329666422
825240064
275990209
993395763
151741278
78245213
721314154
662487348
516250291
114787347
529180477
229894429
748354897
188783760
194385801
199436576
338518782
973532198
668069788
607014909
965027799
45634671
901382818
356244241
679042394
235748491
227478122
546554654
793943819
137900410
451440041
852057
53713696
775290161
793903047
225462409
283937529
786838755
423778331
59152100
929749671
556569198
821407973
928972996
179735792
531623354
110489568
995753978
755237277
159314873
292923202
891502086
348462043
903107182
626418496
686948414
52693246
308524810
938994993
410926480
404530140
210105369
21328113
730769406
398281568
203382211
309651333
276220097
473564621
201808595
460768809
787486653
637008523
657436519
817423769
902420567
489004135
338875430
721311211
882528295
982899034
328530872
573318886
212681288
946688366
515992774
754684027
692471283
245272377
96524102
680907548
129848537
709622612
677096633
175047418
536079060
339879946
608659787
925838913
976029911
534752084
227279852
438518394
935655198
336425702
643091058
316446172
163738165
125219745
622268898
407651192
546487622
777529508
902115834
498309874
737992462
266479394
547585331
168173845
251864084
383616186
550638234
779682481
758231160
470867845
776976116
139466758
455833919
877952511
303094425
981511522
424785110
815652739
504771897
496771384
183252711
799288302
532084887
381872234
613364651
223469517
459230555
379994327
461475517
923450240
556967259
175621464
431828036
396248119
735149243
185796655
685696688
883492317
303416482
98729205
201643629
612715848
905501161
944544565
983047199
758812873
801601870
693460972
375000216
613602213
192319920
655601597
463357970
422603847
680931684
862532159
740017164
212301226
810657289
108106111
132484975
40819038
442913216
625380964
991898740
612686247
565850429
821278965
558728002
795503204
130013730
79318563
830767858
995621202
830467777
43227218
79929251
988325262
937535036
280657412
165351228
763267499
827410663
571786562
654079353
365993371
357265843
855984630
428456717
855341299
116475347
583401178
347518258
533827630
970054420
398827761
703294839
739508285
804724249
490105765
287906903
809391259
787207821
895175255
594616731
324452598
25493384
54952481
320821436
576487596
484768761
845937003
105819136
574461761
442981624
645682216
734645105
275187083
920890434
393649145
557504963
881964693
380929276
820018541
959710305
58952641
234688369
959458359
799281604
843577169
212533826
136147859
734784044
415740096
251025038
245889149
322887311
200220809
881861904
969185698
936345829
603092649
338625625
593618362
520691197
591380023
438222046
70362004
701533185
567986514
827876671
646809401
561669849
148389115
840186541
855187984
125036189
939793518
248223241
714492637
975077481
359903025
932369260
945455756
508341389
426017488
649046347
493048916
349372415
450151434
441778276
232547792
915313254
724314923
510034829
820409131
767519996
591845757
731654693
356262990
161815902
497038527
708100423
789487439
624694168
978763487
162743307
155218039
182026251
448510775
454346973
450322012
177308359
637595247
711271403
890695788
272280219
935565227
897390061
344325834
219453638
607359357
555798960
248504870
336705003
749087597
782819632
869586777
518816340
466788786
509859765
621470667
557797814
381594630
583401184
46686857
578593585
431725626
797680869
233914448
839187964
446890111
98883225
71304665
762488679
41812144
420075320
584414322
177328502
262454699
815686914
500170020
772648245
319748617
306699920
615640774
458363199
68275043
806101551
350976462
901216074
844773551
562402369
156594556
425112307
477604113
705275104
205636687
734758130
823856022
531590594
796880669
510218004
311322116
335692885
709307937
126631255
561562273
272994895
486908461
136061688
501237499
16819091
164576095
550138578
580254779
544242931
593920600
673534494
112401045
996636499
412578319
385716399
370087658
417730145
693075899
607993585
402922425
953196321
521639606
83606521
585656539
276623572
994597536
643271451
468351899
39088746
870017489
941356173
318506452
670557971
996194926
353200478
724791492
985318594
725781744
43121781
529865705
267008996
276941769
115081993
495615327
353036908
737995869
828920509
51345182
106202940
555258236
7875103
627791459
426806002
854014546
655148295
560637457
847330060
467577495
979521373
726743342
83485576
59790998
772224322
426138891
981141794
241589325
646509466
370071868
629876351
878881025
818926356
177747070
792948333
639240119
683392864
996587372
928096533
800804375
238252786
195685878
921883851
845173614
185881255
850553327
836487149
287987436
761131454
162078764
345027890
253979336
490395057
196258420
599958043
250824275
224249555
713521278
308893832
905008784
877890421
337385892
130399191
325785656
343674797
520261768
610198799
867359520
339794296
190117640
269505589
917585284
225686590
87422995
616180061
540018937
689512015
613444989
31947304
954186377
314977346
511004654
605310126
140594033
187073639
21012476
128203157
402370042
368097050
775468840
680724130
734706685
754540872
442384310
71429314
132462297
90935671
697450413
420329188
87130276
134037487
854227356
608209169
874072831
248101237
57296161
500791422
452624533
401362799
504607387
222293019
281536981
19470941
682329334
895333681
348326174
454576889
314499629
532101664
387219597
654049494
593440006
16481155
290462986
971130028
755472180
338984151
361901701
591433405
988773956
972679061
542196115
379876115
50890771
580601664
786580032
375387670
142697729
982601838
747339667
272786014
481067127
731573398
694028647
201115083
630787047
298851417
76679550
791124123
314417022
4638974
923885817
999425873
233126190
690537182
892240941
232821078
607333771
888226645
854423506
504653487
968264894
157579438
355575709
99070359
429033003
255815
394500346
231508344
787750073
330733223
725637283
351727202
172949497
241634555
167593122
378872630
434075669
543575689
48498277
248669213
70852493
764584452
109930739
817207248
527939313
978759999
84104773
819031854
111073699
741838963
111409542
670548519
835207275
187677052
257590987
427152347
27765804
340542017
622447287
971522625
334920356
464519755
756124924
602241818
926361336
201221185
990086952
979729628
421990587
113396212
103850079
912738390
536751854
953260961
450949624
763220797
996056891
901186793
181424311
487073106
309984940
378789289
390301366
792207850
577021641
102191916
720562807
458088161
705316788
443048018
873817696
479929112
497870896
334498358
373955992
122847549
513896516
764651734
379566787
158501993
51494903
76012918
968743084
364313709
853358285
285712906
884293024
648589441
782812416
317245626
796345530
633009735
633062554
112355629
573237848
532014632
32241192
224945016
534069477
809822825
550516458
591003706
66755796
26294625
951729543
694365546
514094395
866701371
587017092
336920449
960491649
1619352
281553288
649545946
34562675
487775654
503194313
956847557
890435139
645034665
2607671
705517575
798921207
701939481
876370893
850531884
514994397
722747357
464973355
160065197
713311157
978890909
822825376
565980749
950520459
727261107
870389263
475569128
577809738
115343703
569465715
308161076
179299287
464597748
864204972
176582608
470076527
921783341
262748667
592456665
286691805
920946405
788369681
504397640
996948753
199229576
406603273
804775614
892846068
313281826
59523064
801994397
853657271
32502855
222587210
394370612
407054346
598622306
556886476
44431141
693664989
432393086
302677589
85252243
23365203
831491721
41602951
324595651
331495628
700220520
528325779
899526071
938776140
205472807
709403993
373984622
601141512
546811396
165990702
159674587
560180517
749937874
78567809
657892537
137142213
178980891
436083904
620516739
28957235
762059719
402581006
162601767
595929412
130306080
539063737
769707486
288759726
499249855
271165770
139538858
454652769
768234400
616545670
97961443
185428980
259463865
753780018
480115347
905040824
266566731
829956241
64306645
941822002
684184203
808918176
23399895
495571710
390051419
377157077
272655202
889157401
717658887
384985392
135381505
552956736
783492935
582229103
820972789
702712726
429441155
74873504
131187422
25855498
320990904
287887231
717681044
140925679
765760874
446999571
537122176
294253391
199065927
339567813
29367929
337774897
786690058
656980513
924894991
872574874
869974084
781463680
340863508
632846612
683535539
601983895
752894376
686201312
551548341
608849745
700642339
83530365
352131253
642262066
60506454
948149058
575282292
420805501
129974958
5899262
206116773
626281370
729349607
617476089
787874579
595541706
61802978
132756922
418201821
599705146
516212730
52654154
15224915
131827834
400514312
193066436
103664319
89006129
370015001
389533888
853885202
777260452
813627686
337908563
870480421
615292352
928146414
263816697
228747616
706551129
765003353
888925548
533608261
405058783
36436498
170625148
554091363
465372594
124189894
460498117
266042289
867335733
423981733
487171123
203541299
190642757
95964541
110237571
140201909
273152601
589619783
135693790
943229565
510996579
857460684
937728115
186253275
331952437
632565333
206571917
60582797
263129933
505411127
880886945
30280332
358996036
822871274
927496528
435911820
51908997
127589876
96632940
278641633
442987790
220382697
246051953
554527959
139269858
47177182
219343398
49672948
330507414
278414706
122884134
713412256
826153591
411696710
149146374
886489691
536848635
331372378
118264385
862321898
267343780
123089550
498352832
848162325
878951823
712041015
437917611
799528175
459979871
98966614
215621621
661021651
648805825
505445430
290017191
519476157
581212997
333789152
510951434
45213712
4469233
953033824
660108358
393346877
764454538
280732274
221506595
4977977
408221322
531842149
86575761
898119586
741021521
779806743
317605135
459444328
645434949
134953479
248785693
804065827
563254883
433510705
857891383
715646612
74305419
391981222
312191254
542626629
770684287
371936522
410869005
830432907
44192064
394506287
785638054
218942494
713637208
828105419
937632736
957403577
670500127
839867671
665328448
796742740
975380774
967684422
917324845
195073796
248183632
821420821
957122411
282771916
593407812
285495053
507747989
524316026
358841870
168044232
57668910
427147524
834328028
722618675
176186375
493057343
781716234
854148914
922370759
222412077
842963557
838003740
604249607
824588430
134215329
367748143
517489522
313898170
628368744
30121928
220250787
452051115
391293104
310977335
297997806
795320420
658131909
622293061
915445040
608781099
234033870
956559509
385937993
394992365
108852551
500857436
383928608
792252294
431258279
772191304
62763662
695744804
69123885
691371419
895564943
748420078
510415903
392736915
302997559
141700439
421739989
561966030
733209783
200042365
639034337
620562995
408080396
152014266
143108409
318130094
423582908
571208562
801398178
825029519
521806374
561919875
231865224
805823543
346672696
790227299
238423088
742131019
961403249
768613448
145157747
850463602
777297048
754473715
659713321
479763651
563672239
477496915
109850831
445196734
6060959
526988644
277270744
241199392
970495067
710622375
936783172
867017152
413642530
775271510
109146842
770418404
928154934
722224411
709645864
719217140
713584850
912900345
243018891
771300651
415596665
440490453
561832247
441384740
147619920
175531571
864797818
160577452
982214038
718446284
580672894
838498350
99039038
452478264
847059813
463481800
992189166
920766000
540127527
543162697
440287158
915073968
930361824
375613025
956370412
151672638
52359213
715978705
605120534
482102551
528932833
309710067
432264086
146530993
430748679
984643326
61724126
656948978
365597540
93507433
909580346
463466440
799501430
690913102
641997539
907803292
415114464
132785499
554635611
45669454
788362467
947406582
350388436
808668424
1858054
889223710
771967276
187881992
825632505
610376989
802093538
816256001
790793039
709913952
121515695
359773969
328197947
824259705
809498192
933047841
894355256
173868782
363729629
82677302
35154858
956032582
928338070
45818149
370540515
713338975
444200385
899279601
15472301
723566318
330678908
140286968
967539586
590630166
892803595
649077444
289113555
958059831
38784129
480731283
456395752
458721544
310771693
902090242
960497005
810408950
658325044
488217490
913712762
427525279
2861492
816016236
480409426
159910471
140167948
641796471
946140472
263771274
758988356
547740094
902116886
664261891
732708554
842841354
245343202
982718784
259171424
874248225
215814791
608874289
497511460
809931815
100172436
654646571
739916866
434096972
614274262
335312262
854650496
641094972
352757971
272640898
631564410
737953372
934270028
459560408
486206058
673580749
33594193
685011537
783513255
767007865
174126387
322297998
456795574
817827827
450594398
944388488
650589562
834809152
666815475
976143265
258034932
904790903
307340193
527186285
282259075
195212303
528437148
471504826
469506967
880227449
304174701
159736735
406357905
934880767
423005191
125734485
371652128
634682019
269567255
747995005
45100618
377590456
439282209
128864297
235597602
348492737
40221500
201455423
354122503
824381060
517824006
808041890
343473605
791169668
49608501
280748007
155564264
449189480
93361208
688784186
89883501
194117836
86404347
265449880
797176074
149116570
950355211
853260657
482587905
531901690
300323207
316248722
514638923
85562682
48822137
455298061
253108459
475370940
384362325
530019986
483437339
621483657
264309977
858624817
218532220
50070547
450712177
23809980
614060126
230199002
331592900
17899457
2467469
21329952
314288574
126778301
600177751
722458098
42942313
502181352
850495046
719491988
522852064
231518931
415610131
301499636
700410612
254849104
708750298
901548526
150329164
468641063
199846690
748077140
948155383
198081099
808049370
600190578
991790480
146321474
261809820
364549752
526027129
974669314
462002629
164953881
424599340
283391344
496029934
503103681
274775277
991452101
179331008
479365693
872335806
484895578
965609574
844604617
921707138
223379624
667780024
775820203
122703241
140301129
903113648
639009125
397900371
735124337
491482983
48468746
753964579
342495956
164860584
849026978
391593940
381172754
646587615
243529089
496796583
718663563
48344191
976181329
109699848
564426048
953631395
328892480
482013242
256614539
523197640
907003697
719105943
198781304
706847234
34564519
19780212
566432813
897485365
635372021
267979481
571783666
599525010
685924066
872895857
285901799
405383469
237794440
274813761
526315184
786390474
152142981
671177603
226053193
104827063
600169409
396594100
677146738
879612034
182157980
608382381
611672497
629092679
714016672
656491385
500770031
496962866
413279365
324159117
983091230
853115439
308739835
593966685
777872546
710437095
58257927
379041925
502355270
76464025
30449119
166460049
325218252
483255655
825553082
148631344
100874524
248926538
66967425
979085688
556236231
392404530
809012518
851393796
416327172
183756421
615952808
6710612
851987396
958932187
610321015
234605626
873884451
313648164
129172620
901383866
429088612
956430458
552512982
949882068
593654978
607645872
780146319
367215760
236744841
698854695
760959498
761614095
893488887
370749792
488761360
117367996
687803677
460374414
426046222
757647655
456449458
144255355
825590560
718917240
304519340
891847831
379330748
668231891
262879757
735932225
338893352
905343027
275902007
191208917
737755240
42940581
343992248
778776816
254125340
338791267
978326914
661858786
533389954
214479435
505676757
670577276
704491632
674377069
28309091
789502673
331126994
522583170
968391911
257624034
362350364
339907126
829972578
483071457
207913900
695236117
516324797
154904632
772573426
387818658
363924375
28608559
797601964
185012070
85955100
957413970
34816265
170159202
646642017
71273843
718853789
277513125
663523809
517345231
940122745
388702810
924966195
302725455
722105298
837915382
341791471
212505115
236880324
631387914
916692550
323230735
186063935
692803992
917481646
376196745
763274394
833752598
250001948
856474613
408764223
812143231
285925992
4321614
458221987
651088021
340653892
196942589
948839781
911511137
77089743
870783481
844348077
420227880
374580900
109979192
281999748
627624491
318460595
320250973
88696561
731847162
949021112
166393825
555639015
814938198
921129669
573118360
708023862
2464436
935973983
926678492
186953013
451159839
476591333
634760795
615256668
434228996
510825046
979697591
799237823
704802000
982863940
832545506
215326118
701666743
835217974
688194404
536525678
150110814
21170897
890985139
985471610
613216500
583601317
263511610
397503957
563064815
102700967
191748963
103173300
924050463
360122629
923660303
93356720
820453792
649642340
934927232
905963664
841919808
851468919
202738928
483278788
485092788
794453064
133046644
149961416
261467821
570572075
249437536
411319738
468204590
99891237
418941130
90013201
463247837
439811924
901010227
941829886
535248946
868618146
441205205
79513344
365582048
159128359
398540924
160131767
409838395
503533616
321552841
246626598
860849446
900835799
208107945
721336798
687794637
880723671
552351189
244194863
271577077
684023517
922088519
330513095
630340274
806474822
352330928
229365296
447531923
93511070
24879272
541182205
596014331
707002268
828277824
230364729
963532357
83213255
722932544
568402812
191216963
396673558
705925183
559445842
268756837
403696564
41455736
971154858
310072508
155718461
952210313
68130546
788202211
459417035
621049416
674074852
522676183
503834613
847776004
876657315
925023145
16937838
957836203
359802702
585574802
347703955
271441539
589388077
793509431
939380372
637175017
967413632
783212333
770959057
300924327
625797977
163506563
632787217
854743241
795938846
923660788
270705473
889311161
92321715
378302865
138157737
126207950
390676286
641493881
247489847
411549632
29520566
435954760
862649037
512913693
832980414
667530349
84210581
543671075
437205804
125228659
616768748
497317103
870125090
455811827
987454866
6834439
623333947
718212103
17735537
33228255
240844960
686388112
15197609
586362234
844630355
107651276
203660589
690792570
163908061
268790245
927179469
669809791
106411705
575780209
451268157
935706799
543320832
810331151
294225150
963789257
270178363
373548516
916844659
955194510
176930526
379934506
85206732
696471688
90008723
167617027
914906276
745935005
563428190
452432557
604513255
243351299
209180979
943747035
990341143
493584387
35268635
379678896
542309686
507905507
41636235
501648384
532466084
993467338
982392903
527032068
426822753
687263978
163793030
545010572
451797483
907567295
326211498
79596889
780846414
395645627
33613751
874392704
413457818
193287665
406071007
793374881
369366020
839634771
254310013
256370076
102570574
679413590
4461495
421569448
231130669
84652796
171362469
646494826
317498858
301098026
297249857
621180527
322280234
18312148
962989546
778640011
169780338
971986547
674899406
344172549
865277519
742485268
593143941
908220077
944705347
88852370
954724071
299258035
941731935
807090731
925391024
50414750
522093288
41694695
554061776
548938879
992111736
212107742
594788397
784703470
541730123
95595344
819042414
430090418
241156247
667627472
354551115
603520870
669312722
902388409
835027736
20267926
644699643
815764057
929355420
591705046
726522859
129170091
358715576
84300460
763557321
900391978
8775384
383826648
904652229
432371729
799806
983697969
56337556
24808217
247975493
434342887
660043832
411478191
265287364
259556071
983061284
543942498
486550050
881208801
78184398
493390551
141074322
859995906
249982544
788078593
930837076
599165031
959241786
304881667
597908942
313020831
11334080
202507093
166215310
829553511
280458706
840386003
233751194
236435397
826243200
796358222
592685990
19849864
953748281
190805205
977657830
515380633
128180178
517943191
942299136
638258131
397931936
332317514
520543754
726271112
302552977
251792685
940259622
643011061
657710346
740077874
680647997
446928382
932390568
581981768
23958703
889369194
7398216
421404798
931757293
967474835
857858407
929533655
219920398
744602320
777955831
252628812
160088086
280777836
775143836
718332772
818499309
505740738
899335156
230474996
735385538
704307449
823792815
228771946
942600479
377393215
966990090
289437644
378615739
659898696
358144519
445554410
408133524
629162686
554598029
236508808
487839446
272497797
680547696
986476685
773226601
341428910
106092579
130709675
859783488
919305087
211845481
448650060
389495594
978575327
197453189
433968761
883026472
326078585
438122752
773002816
675184791
173474967
582213521
664146366
342967294
928154231
251200360
104102102
962823457
73611533
509679983
691178915
70411727
422713806
782835116
322024880
724712082
267126157
60577133
852178743
982134149
927449185
765257863
788189901
217854173
428954529
513923658
798817716
958489530
119702762
112070296
740316524
150797666
226539801
683695016
195652183
128209700
369856313
581474772
143307780
832316458
4355416
507323413
897505076
817575278
226233566
118408046
410707619
21840451
621178349
411240602
263906011
764524919
385650835
623309833
585704847
887176878
675364550
358539446
469949385
444008923
265080607
561523933
138481250
316529204
548303585
238339063
33822802
506537838
773766627
422940254
472807365
621008353
428561844
604805354
280388276
296003527
202506724
417775759
858576051
55973101
473044741
293951371
338475181
655878139
193474087
178550104
970822650
192530189
245236514
53594453
449009105
172357247
542675364
860143406
473538651
116347761
533445583
973826210
956176317
743948711
578315482
664289806
472154150
365684297
376056427
582310020
744322128
188088070
975179491
914494881
144473331
904323170
185755091
388877745
662283318
548216586
281293359
105123740
924727288
106583118
706053926
955530803
332059133
418411433
26660082
710368269
972788222
511930449
41356943
550579881
203469757
122537915
351414186
807549080
519302872
476724000
384835081
528790970
874828947
915747152
370229194
243187380
22378414
252066276
662632466
807684858
497915997
418914950
755595588
168970644
798705853
719999940
680259787
678583609
82455633
833303950
709288225
398189800
856694573
199662112
631554807
53878074
971164750
363395153
897796299
785297234
855272959
289054374
525766347
795968634
23846237
921410959
239883125
870575841
421411009
119473652
496536842
394430383
309304153
422853134
305152390
335377128
616337439
842412929
550224573
384146656
837608986
306110908
170937978
875080636
216557520
647942019
288539352
36013267
233941191
688722935
934028850
150438329
679606928
94710648
194417852
70678171
282119560
500844794
303650199
937569274
316819639
145887801
248751688
926419783
138439429
40703168
917180037
284366347
568404437
971319363
593722794
810014134
20063680
587183876
16127284
902558790
736197419
345259950
612276548
210846274
656787008
871367101
127307206
781883494
386369015
409784134
843525350
188126132
137344905
349112737
578329710
401362283
571727512
256812575
684668212
408431372
884408598
908866301
894312304
690633923
452641744
795601424
221550874
355797870
723968282
181302889
118154275
557219126
298743390
248378067
224040041
269424216
484136724
531240862
904389299
233964718
294485662
511952213
797732157
215397273
785085431
961450129
133688883
207780539
403355304
375266948
649071210
122894056
786504959
614326633
442661744
571591171
433021491
520071035
988869675
976500122
852232041
956302466
406022926
26373209
974117857
565922975
695834382
487476325
454547621
341201301
97613160
53055914
944838860
322309467
463002716
486976166
796609904
336451059
192047785
496792235
670738373
769815264
583651617
227979081
834174203
222477501
545091982
212939091
758620281
995047250
492932159
416058607
585433065
848054846
607440035
493509517
802126465
685261927
698248413
137229839
936092463
16933791
355892159
467624079
75894258
692664454
640596378
892644976
222424540
430266065
438007840
361445327
40775090
644726414
603503588
502589163
952748530
482525488
300031771
987512678
651640367
370538301
348684040
275874529
419260240
550364420
515592103
370393603
104128113
83283636
398372981
894510570
524732610
773133502
70654781
596849803
165258857
581308903
546407597
309241280
6001831
415574897
803933984
756804305
966549475
240181581
18277628
646691564
447324385
843049826
665719488
160823979
432050791
352550972
946540815
966767528
286723933
411248571
320470381
401780944
626833621
919036861
986302704
807591242
31650099
902042099
956776027
344333712
7934188
916832666
513419551
115498082
271792796
791858816
640434265
467793629
894423258
442519684
687713961
518969154
714559949
931664281
320267174
93357001
962943227
941298956
583183040
1817108
473691186
417561152
363467870
272071736
674556368
896990766
395180300
936827348
965167748
168030267
653350290
422247018
818798196
915315564
780715450
306668423
382747810
593035173
578310865
313972697
767702162
598246982
227291227
211144890
361046992
367107069
117576181
318627269
130785565
194700918
138236346
773614371
583506714
682821454
719832663
438200561
4352704
474943660
853435274
739092208
805048224
606292298
834071057
954257702
403419663
878925534
600020537
739652338
696399367
829418292
956636169
981358808
40003972
753180428
105253389
287753397
960302213
656917993
331172429
524659460
479588687
898425280
165223664
551911389
153535584
106359810
27212890
207127011
961033181
13890944
589988202
277119513
871775676
637312849
790182568
474147668
896636616
538814117
150741933
436847405
41325881
66937105
735041788
878038939
596053803
635981796
451368959
757004382
211805094
826285951
489475204
468485391
375059359
449272451
362622592
520541540
358212989
881444836
260953605
807621214
362132890
722643053
367510808
450170918
112342598
143301130
358102286
470107928
583553397
965476319
746018759
91136972
16007825
569215323
52917931
303501683
892637867
470738513
724261449
62121886
649964531
407388360
63466655
444530718
508830947
533718350
536941208
244720870
608777425
345041659
1598670
102079705
35189884
423102880
76899857
86552701
296410404
256466931
159179249
384884287
781616127
89843966
250135298
365639217
153945936
947707385
873753248
224218401
565429752
764687966
844685769
90500409
289695676
555367060
602073024
684099207
644278553
807941294
66899583
803455179
619933427
586780137
483367220
846779136
719387881
153989190
710684155
925670967
646165446
647598612
575695959
963947307
588877517
150997370
239674886
261397884
70702539
917342960
986092372
25929515
375363986
102873239
195556951
750953849
276600942
387412641
584856353
239373972
701223569
947602808
673838428
262118609
974538478
853897642
566998759
755069063
517795597
878462891
961010764
747624661
2532056
635961550
864409056
411309157
417391606
106539471
856168659
877679760
889653071
940469837
29462019
653757964
166931948
583395352
396440170
933328610
143748834
654139302
170339124
746817693
792600319
750946986
198734046
117074915
52944915
683738064
92858800
153434674
816004280
571713430
451394865
435957528
896339088
249318268
837066364
922486781
817370699
627985568
41275741
118369754
231082228
420388500
408741175
637619606
289602752
856031644
593350509
917713388
311848552
913223878
725239964
468812448
448682537
329499582
849006138
326625991
46794054
247105784
709975559
542520652
409179057
361220099
268534392
907574361
369421805
616289804
838394942
172283348
184516881
237901782
363415420
614969507
807889510
175988949
846899143
134817307
800723427
518881817
479554327
638366988
677369842
691374434
460954475
441344988
22382572
914054235
88104439
876089685
85700218
563376258
955140343
92604791
670786896
860156246
489031313
929904580
339301738
777770282
602147465
486188786
401968581
51509088
282100218
135099010
213582462
735105185
618402874
986144548
287708283
77325421
363760144
31741191
8161455
679767476
98876634
583354504
936660223
471705595
977625339
99650093
855652176
188348319
586331095
322914382
474035626
840261317
310425777
685699115
17959342
865140610
854078147
496225262
266308311
71393319
882719340
933398651
192664324
298467091
758380148
649157904
390929616
416648693
925424697
96987519
550448995
316409834
113227645
258795077
749939704
220929672
1649092
909062283
824975022
791674038
971167488
705528745
601269417
934341679
392795643
317893470
173057509
135045036
314618274
256277502
928792049
183633058
252287515
388854941
765504941
201331087
282381519
324318913
899977691
647050013
700780353
30462756
918803578
213387653
655466513
970988770
72629245
574220143
669820444
918034499
312890094
78563957
38394392
10422792
54564629
514337172
634648307
375887881
860025160
55132479
429783429
353490265
373502879
947945624
916153175
379416120
645978953
630420319
611916005
332870902
104126049
777114308
148194969
312484493
399103567
290667858
160823622
818835707
563221410
776692364
430797523
783900781
247771692
456099707
330626209
628326636
65263073
65869315
391399587
862795172
784829992
681826754
916476033
524990609
783302183
957075638
791753577
986228194
726620840
378803076
243142492
186325008
33667118
605117232
961896680
480873033
563034977
830816548
609690914
630383396
987074053
876369274
452954643
278339971
398997108
258256510
466342532
806592269
686573911
760525201
244970345
681162401
103659057
416186353
873357056
900691481
618236713
574127581
355864536
301150908
486205151
568228860
71936606
219904890
666927332
60995896
749032457
599113868
229118588
818227612
620728895
194432393
760469092
506298079
977050642
659821276
307183226
835064640
550682012
816370694
94298711
625294881
696926655
805870642
610845164
699883020
655459337
234673199
903149988
753042756
514486192
581373204
531533194
975883568
741473188
811302004
552872307
899985689
849801252
862982223
849622660
795165665
368064546
655740624
170497230
686895753
324543180
535725290
15450118
123686979
466954177
999860392
468028639
823448276
55796549
998674778
293928361
870468056
343552850
442239046
665489155
142631798
764322736
101726706
64516387
293177110
735058526
82549502
845044095
829270380
598789785
147286930
439507595
566442382
36450759
429711474
598202658
103636098
193414180
381248039
636471548
975439057
770129143
453570874
85081504
708549062
102514058
654685110
626079064
343116776
977417779
588708377
760867903
506131906
494200364
941631928
546936086
74808302
108908426
905881970
361315332
60556199
984539627
196167025
361909853
651156356
217554204
39586915
248203549
179914367
873246640
799595979
298726042
394309553
896659018
87311007
419406587
93229907
643161582
119234140
465013593
1867925
409247098
805924117
279095997
916987669
954243502
66186082
608176723
953523983
899691025
830244607
304108034
361820107
113176611
607281055
456795761
640675970
565132806
111232319
961045388
664159888
868119303
992923410
668136708
230836064
252441704
494536135
657278090
325330733
320615525
956453403
47050623
31049961
552309307
933499257
917852945
91943679
469928444
169968723
782303507
717273670
694507888
628590861
825746922
368834706
118414157
995154963
14584637
173470186
949701889
137804903
980029903
470859675
330297309
538430981
886173604
531306091
361656623
490068290
709391925
785992370
933504533
760011739
824324194
994299069
179629805
63486703
628012376
882781971
35711042
504815953
683981538
175499934
611889812
933836544
957564409
846753257
498441494
78741617
699180989
797866243
226456570
235045079
909855299
975949623
800541050
909279190
338963981
481065647
773015975
953327407
457366709
316514092
346952579
296476289
423747784
488717041
791135175
242755562
638798728
995735917
770221650
220725897
354608991
110330273
127016282
724052693
370634724
475208323
554536665
77030311
683553052
769601242
894997209
420597947
144437457
513443671
790226237
389683986
404736153
829774660
651648030
75748657
813644835
887160093
80401519
117930650
839256067
499721273
24221895
873533918
904553092
50170592
881012567
158165812
609816299
205184634
736272939
141368483
987026524
177192061
10098941
978622244
126358095
179373955
880507702
277575439
325247992
989225898
804415668
543069614
546097916
323342761
940076125
40058283
971900631
554473271
567611417
837309077
976895231
572336435
457117989
72793696
55415985
293135911
963407834
798970343
367906055
819732458
486164876
91807598
445201579
282787476
692345704
259254454
317340655
923601248
131748350
499030040
20121108
540568054
808079424
371768062
557293461
874026298
213400782
468365873
36511165
27569489
664160845
955548485
802752151
383903357
13986607
987048200
338088022
550809000
620006961
868172961
779770946
955305111
390460311
861315979
457083252
364908437
772732758
429040157
168373854
99876481
604823002
530057373
472375121
960561758
654308351
168520964
134171345
1635294
559867966
428650344
743785095
22698108
297682684
872344004
59374894
486444730
521274337
779011720
299546643
585227249
703175673
163973994
443777820
327500092
783558024
658225320
58094008
513627046
887065122
49981197
459536987
479608569
272942203
978615753
848098244
497817371
513320856
6666730
837753706
783682632
733136673
43088579
893804793
626843314
362845639
328653925
534464606
413715081
369194471
533511068
685234726
478611585
199586906
863959320
313850081
317089467
674183961
243282616
394970482
599618162
922758154
572156176
906568158
853129679
133891076
930590676
279312524
593202650
425840417
709022429
413880294
344069159
63180742
44051315
30776157
172589067
461241522
596985553
333598466
793346374
73095291
748576455
829782914
801259198
386252974
285961777
562780651
12026664
116204571
685110394
765548280
52474912
744877342
117775211
681669985
990207340
946866192
358357963
591252867
191994745
445944826
928078369
655461666
801586407
200431576
473566933
919065462
543797645
768545610
9735557
807839321
883901534
651744283
168984101
372536154
461972163
854046828
218847922
517280665
847484864
786571481
536411715
8411361
712864364
159385505
46820934
384447551
529562550
687902090
467833232
313714752
605166101
866464239
370261551
491605705
267360473
406131
458810678
351929808
444636803
981808059
987448332
531064465
554408895
590649043
941843363
261981689
516437983
929102932
551698943
340438778
194612345
358982771
238276454
202897618
423037433
312637056
846005946
588191202
717211692
79903722
129379725
253296744
687594908
168663805
430592849
168583901
112393112
286878583
374746337
677911514
564658887
119401141
578098908
992125469
360521274
81395851
186220608
129779692
502750724
583511972
211914239
275816728
301760244
224727390
12611896
698850764
869981548
615361061
270105763
339877525
693856869
112568206
33368030
29438903
750990063
718307085
417536808
192031822
613976876
901598984
29268525
912884486
602048747
887162547
413737600
381485657
98829434
572578617
949988196
603331502
22248689
476935099
316975919
589446733
86324735
55002101
108039427
102294185
194194936
164970020
106488853
495312870
765539739
928233450
254444691
469527832
88018166
309867508
260184190
459675151
815884738
721748058
892641303
198637097
340947446
10789654
266692900
308893955
285295965
939975756
74490171
343223016
779109154
563140123
327310733
48949864
300281813
576770226
458468012
623462348
756336227
758969173
732913514
706862499
41304364
456837766
455965987
991221118
471062342
333888243
429669345
297638945
57667927
222614965
170758212
565835575
641025978
567834014
820033863
431065905
471860273
602146922
534332916
979703370
182317693
743947795
555971108
852488169
419142873
915136085
776963017
513441233
478203977
670416359
117157626
7798098
580678939
878040415
877932299
169233973
873730223
857286278
198671142
960690406
971787681
555620920
104533252
93729425
635178726
763340657
411198122
330069969
755716066
837993190
383002551
625205914
141035324
967070547
922601763
395027762
1856219
985644989
273959594
47505763
33752829
713317809
359009671
566822108
713034456
298943984
611934323
223923791
951763979
577795330
937681980
524437959
941226865
233951587
752329199
576077432
361749218
478933528
484039296
493010920
269519957
120399193
884027720
507593589
866583489
153322547
474478564
298140718
983558939
420618853
342508167
351319479
359976951
201759930
983773952
169341791
122002093
428656843
861060071
967128027
956171950
817379665
156931171
678111365
903415691
975929144
213216900
620767519
210699987
538363708
363724664
432823673
318735792
609714288
728799237
109467338
596723270
314126927
793579329
171264486
542442955
501343291
755508609
546870254
326356042
707787819
573921896
357132368
80573438
727515281
338628713
124216314
444733508
813796639
33883127
342430756
730077271
920792981
635898913
281771873
55974687
725822023
916194991
279127308
900665421
410121507
22954207
261698805
764575754
554211499
833071812
983223993
679339675
663046564
703344568
904822591
331768323
592638862
746944589
925771855
835166701
750180156
254470245
277285457
858924238
293721850
14634062
400394497
538114026
815222033
976148875
994963020
786049690
130759249
300093395
71880373
915573093
572305698
230004481
715703589
336667161
49331999
540335858
59412870
97277575
378606626
357064497
915767155
395190728
268490705
744558187
226052985
812101449
833048840
337355614
549853241
577542236
540687705
554277368
30749000
747543173
515520692
704640112
388419430
208379311
542483
603049725
735591163
788757390
381066369
884813273
117592946
16197178
981647838
207896316
100253229
531821434
969681473
77653899
202174918
897916019
60119556
160002394
161229244
159587135
391676174
342296905
369650386
145138564
512154028
418367205
854199455
462974637
620733082
896421589
863995252
409404050
438897330
493485537
357790910
955058723
196664852
384791550
899772980
897986166
975071205
295859266
788548459
567496218
464402535
52827736
441776230
86004261
921024093
575795836
341883755
607686250
453894301
108788531
759417813
691336771
82011823
33828273
587919141
760164499
626333003
682888078
446311709
899414463
724269512
570631369
149545341
398295065
229846846
670414978
924199161
119902090
548730325
363763291
562334826
537520977
944178681
921769378
761664602
223907849
889812849
266277586
288577909
980386723
259439810
777218696
332014959
704084610
816419004
898536547
990251617
929620133
536983106
82022939
999596830
134999530
433236025
270587488
19136834
158226143
660502530
572081860
711269905
27213905
269815427
52507740
993756894
783420258
291081798
158223947
681245691
518540432
183520082
440077173
304221221
609325841
757195447
422966107
765855805
298161460
105148158
905024480
705937079
819499809
523640395
428761514
221202634
876457218
190987032
5054528
218731190
840435525
271772110
622275407
38225670
898166354
291702743
37548979
642933956
804306754
986270222
983270979
958027505
249463814
135242492
935319362
902689182
37438487
399336431
979382043
977195502
769566861
229360146
680024360
42872164
962124148
677270040
295917626
200846952
757229434
649697454
461155062
80508120
919133541
406575432
788783211
322157131
234093217
963944048
393961973
415653710
458671799
210024087
551660677
667934554
754411245
295675458
654414239
874257676
385112804
343450600
625275805
157036580
55177129
147903700
687361530
126804284
988820383
143913231
694471422
384836808
591228234
23321912
837708610
689374125
477753155
340531684
374293502
168613774
706742242
507250014
897655236
563215294
412971505
188242690
446995086
897257778
455721210
189762855
613005160
801940907
621405088
432653270
348593398
593554147
661866486
83983484
412616745
956332793
759348976
536622639
270146076
217565855
528386627
446933281
447947497
443712636
742782666
207287329
737505815
913510976
752428491
249020710
65581971
606190785
891309581
953010545
122667211
504613197
644408476
944229158
693881605
371748672
262222746
847791117
685435280
775480942
629840908
800025995
939926453
364386303
871097723
431169378
610275474
281827004
217979133
261446817
634145488
512491798
649772722
771125098
986399010
641426473
393500885
399398017
806011619
360782387
555284941
35519111
212285320
507581170
850101484
830778772
845766578
133603851
23009455
995218718
907087211
206554355
641103820
813092934
572268294
828636293
667289167
883811655
989067971
692635766
933634162
712591534
894198120
934723419
281517379
736581814
452180550
713918533
5285925
165462343
297309774
791963707
852884633
430826702
716949973
685894447
594060929
226705490
542040819
255847879
54904997
371138202
65252160
699288121
624292747
798595602
349604179
391396670
380557501
390623593
821351827
196954457
427801929
80452767
624522785
444534408
245170381
150310499
989139420
425396493
804854729
995271201
639532498
837595997
412618240
717731420
18751974
967189859
599269037
112117995
835634379
223225071
770974355
15523341
424445786
491861770
590056742
827769629
544416714
863096301
526996623
37784932
737457437
473910094
736647747
562089861
391815577
640909834
612140576
566079086
621191885
492176130
162495195
425122043
625622262
14432580
718693943
364216274
974224346
226377700
359763579
87938114
585762396
865333896
308066888
202939730
733751433
218189666
439068617
583414691
291014278
877030972
805468127
646956459
616668897
796469535
364452437
688156378
356727798
304321529
946718098
446906783
890340544
628169614
626488883
573276346
732708056
931495836
638958185
806256393
2185824
891890944
997626395
158313146
758709414
211454721
926981777
348893701
726733629
881755567
627750070
268402473
246855435
145946849
75798721
980205756
39707004
110574938
93869650
317243479
716039477
779126158
544564522
223566757
144013248
783915441
204978906
812728926
940233238
677062684
10443532
771685377
483631947
321500195
193236017
988137611
920554215
713424445
92053383
560262940
49824020
39565085
595962017
137560099
69263541
666621083
739149215
921382620
132952413
570138486
117423048
728246358
326588131
311988317
560309551
587489122
975692526
405603328
884295093
708293808
357849604
366765763
356951896
641024115
60229828
677534206
333597956
332833449
766227294
498001962
984459051
270264703
79452582
990218778
39660972
229669941
424773775
940171959
145998998
306854707
82306408
14801851
294907532
676800511
980451795
144274781
576437011
916988162
76022637
96998948
832651232
921579388
319567444
228017536
414293828
696854156
826291787
80226929
599217865
823748510
898917977
221307015
649031934
904838154
442714332
214689223
46940930
767713293
684278030
767975080
278435548
242408071
836124656
936288457
881604918
430605241
317536599
392595813
439079153
576837888
586954328
974063894
418264340
219647758
961693561
630120407
742137780
939669746
166844271
503074953
367880031
747294650
201435334
824812807
902557065
387290913
239987928
421510042
427423732
89649618
445304497
530489341
67550476
994680337
383416999
116055294
716290684
691678141
652492182
731609466
682654891
958796967
270439577
817899716
99048312
538101314
376097487
879740916
188837205
762760921
709361763
230171400
79577782
921845633
787495292
838871575
115573569
230745496
552838909
647150327
900672923
848352657
696274704
120892449
984984832
263269477
603963812
2501186
323128782
943354568
564009264
937627118
821608462
911190741
131704675
482217030
806448080
11825414
244268482
331686665
210601124
430024323
609058235
753668627
388369128
757506139
259637162
305447286
318041004
564725415
949444169
833712007
178218591
795122871
281084147
133240943
826213084
279458411
539253529
77343106
998622214
585036781
520653685
626952048
52472407
743647813
639883465
137761324
968900050
764754988
400473716
849261250
929088865
18331847
416075299
842408746
275142929
263224684
311648998
792217822
274752148
469966140
392382172
371081080
128167628
29889617
106225698
353307784
567023072
106940265
453840179
245600094
515932562
934828081
922316436
537325471
234720399
785985557
668892993
956494930
235693149
772712722
738637230
718534493
176354440
923365032
590817458
869581899
231111256
624578836
519998256
938431867
596714529
838206980
945194240
54708569
908659174
23634544
784134034
70281730
115283305
664033858
537919135
80898206
410759146
544800885
161026438
954951419
911782878
110006599
940157508
185443728
881205146
200434684
200779037
395624026
360380884
432765355
447823659
442741058
562711145
473947621
176650053
957397268
14247811
670826772
947640326
395563852
195473896
259651425
833713475
886771279
448750058
803837405
523416502
713704949
12641875
765097200
293832408
147018624
211060280
979708646
524419722
822702596
788666934
64593717
34726113
31339836
255786373
78012579
530641466
478397520
241334586
992923581
423957980
11104521
477018600
515538560
790419045
521783137
568183071
666929612
286491010
304321905
497989062
855543211
384696770
18804677
208940104
432925565
5749022
54756525
683767638
186198916
447024430
875467301
364314103
396790193
440160401
763753449
211142951
290621994
201924223
858917057
294825877
168857457
443546211
482835224
84239498
341626255
888376057
179942571
362259863
14517299
241730140
178685096
32333582
189777150
772634234
491425464
518221976
714155520
850597790
917115143
565432112
762678707
431005846
619343642
230510035
621846752
111462627
115393012
402406521
717383012
949485317
492408867
10439219
277047155
982440176
628829462
954040191
919165229
909301978
482350604
126279066
587915624
597520792
779025349
59488811
842002088
441792756
192230630
993949274
532781349
454524388
314111327
480327618
745860256
164847787
887271670
64727980
262200056
976226529
591123039
312906328
275038496
77065723
828068028
454682031
576262400
748002219
472841476
831161719
256869182
36405409
505860708
289152102
448036306
68803475
956114638
423170265
478304643
987063075
786242619
78657801
412412896
546878376
291971094
951777574
520438749
387588110
295385169
439026720
236141695
721691592
80419132
291591395
952875894
360814340
915308775
280641403
668381790
58296595
821923370
317942937
952695567
841439381
788896986
920905043
389932466
455072457
90906761
551665381
330009929
657032537
133395472
641834720
647163181
520032206
165155183
638763667
131976230
78687483
886952832
339645211
498330262
909168069
877850245
301831847
485321706
548383117
763895863
201785047
109585564
251424532
162604614
131334884
760916963
958712391
414064781
884004007
879082065
333931474
865575960
337172004
327544958
365969573
692614972
154571291
574305549
400055738
285712399
648259227
790722887
264702208
66912007
943134718
111477281
902503230
403095960
407218408
782824415
381670955
996466981
706985539
878309709
16087074
878880734
96527833
409383023
604797505
868591648
114977406
789556450
618304075
501590348
429499289
784169549
931499370
302955107
527600336
288634981
251146011
75297823
76972834
62223968
655078187
961852460
459585673
674985160
242237610
40809862
453525101
367564151
185803807
486310721
286714765
214988439
445423403
921459706
525060384
839228539
778226167
545618530
601615236
631157858
994296310
565919242
372428579
1509800
677549424
757228848
35857520
896867921
312021080
436980641
699463567
423222307
706634986
190405393
786689316
302563585
136356947
810421151
882346732
770820199
377093250
309687978
415632679
212503031
598090903
337165470
156491607
896584195
188043112
500862223
652489887
95783430
534780413
355302706
280274146
352829439
517526142
742007894
806757175
98103292
586541590
160752728
713393514
38527145
903073969
84319889
850316731
255336176
230319447
313578606
826058584
54209529
370091545
172037272
433116166
292432845
973599454
387507817
878689435
817569187
553993376
969562838
638418520
558887822
682623813
176167915
980493730
616771403
296913069
203237902
344734564
199499926
578147481
977213176
579634120
358091086
267110
332898384
921658942
319725166
811867130
280509401
414003227
596748902
489321951
287767469
586734548
989697339
550365772
922510111
843230720
47120315
269866599
10276088
914825662
954572361
406996776
564945076
148423312
39967445
859451852
821924161
232354875
774839934
595596724
678133032
71586761
902605931
936722110
53559309
575752616
455578246
710203418
621035658
31071780
767378426
467394585
278455227
160487348
431710335
227308535
590924885
216870157
895218762
365729683
216536861
735081526
542664072
12956798
536287747
164343649
91164390
652528292
913291523
749738837
729886931
962278452
11186492
610781098
224485281
264876769
641144213
646357571
902899560
943729390
356205361
588280547
874936343
331858551
886455986
204037378
923300707
702947135
127801449
148705615
52122970
878601604
754512561
900930926
384188173
27524313
873307515
560848876
526945977
607120441
477761049
884556769
366602487
424187509
620796074
158716140
487899155
32697428
472710174
706833212
909096742
221836794
780356395
819599731
440933332
332548512
967465478
238805082
607953818
696204438
981204186
915083130
769920080
202665853
467586728
979539092
280498673
391088763
234412570
371975304
288423994
339378396
565971372
129633563
572153788
616661242
608184604
559007166
482102509
344065473
469150466
732411507
453350901
927356650
402233449
981149826
218928157
160155573
449682429
706817722
392694254
60945178
261542159
449979172
55830103
117828329
415277384
700138667
983401137
28819131
238031868
159328070
402137417
654418351
250075828
841335472
193861083
218190364
706907661
332904928
348785744
674628578
189216277
456154951
881676594
740517788
940396226
694322911
199137800
971641953
317849135
75331703
453162201
659030268
985722857
817871923
401178439
806499239
503155438
194190507
942533969
830517989
361267035
444612229
516990091
114232923
91838712
438849282
628309202
62281218
142100742
647622406
294052384
31749719
789486040
747922396
876775779
465855932
2776498
452259494
962292267
561507939
310054592
65644777
670617213
784928212
459514669
423048946
829194313
861190954
126529436
739886372
733356176
975026629
108281316
668472464
18899229
219596979
300857497
27130926
693645716
675960061
598195878
409055006
736579601
696295430
444013741
623972640
636628728
729773715
568181302
82641941
46953184
97269585
735164679
715943426
16521011
390447192
47486608
747097109
784679563
451275204
843386953
792593220
824519491
61415890
547685275
561974508
43871015
51687465
220733154
635141387
381543505
496979867
441615701
91294738
815465470
281121726
471376873
264920376
7071251
534107272
379899971
568066191
655989169
392584207
293024832
605549618
590641083
332937569
600755739
539543072
616850327
506396744
354087864
548160038
726928812
549195607
662558839
271076959
44468099
919630680
917964198
798235347
579816111
971336618
331829699
81626289
912973585
325157118
430580911
924028626
152723365
80727561
638963667
29251660
858651032
211785682
65336628
476255911
892832826
289631717
15815038
172788365
900967263
902899543
670437386
677469143
394670769
588746558
44543720
669405708
883639942
32892978
155954920
519883565
508914381
776183172
309699637
58679782
941957672
367314905
125804537
827481518
988311913
261832945
2313943
468687495
953551079
875792161
655399191
798851678
464502659
535691562
459072745
84068883
215214410
833768715
489354176
255596335
142537424
561460611
596478806
261561492
655821175
632192873
152576733
758851707
559784004
921013055
729108400
376866592
417078317
116250348
97914959
254724747
275948984
469439957
712301402
133528967
636723337
274888940
574638540
211237054
499036788
596342203
702418000
197690242
672615887
475226158
47914972
138358993
979869996
769222111
487747661
788138021
470847274
809273059
360574060
173445054
144012789
449918155
619742735
646544202
534703929
690279506
754708865
251562555
596583775
682626293
54557686
505385498
845391618
735217623
556861329
31756015
308860032
183594951
485598873
722609613
120693845
438622597
313973452
753246151
383893936
816337726
734577136
795744516
332431717
636668083
825521185
506611787
989576884
287267685
568156717
184755196
1578673
841428076
641993231
880695913
700473073
988699102
223790911
291213493
801608191
232888293
112818634
470243757
164798774
60643268
418524427
139042806
817862355
62754717
253533566
280707368
947980525
190528023
689904183
633764554
638253912
336561131
73256288
569160490
935970937
111716681
573023065
541021264
105088346
602432341
698583961
274863957
349953073
329014203
279744616
541796360
95609335
707774959
425627299
676763401
231693642
487511953
751750684
312470338
569388272
585489704
728201414
112826307
118985052
298530514
497805335
457912408
359765654
868348765
907997211
552134910
671397651
664811707
531668398
789349205
750337587
305279616
731593306
184325392
49365175
288475419
908418905
373646929
562572047
962992439
826758753
875157852
387734198
540488988
7170042
506301609
807875473
629489238
490215837
615453748
203905439
120853157
202043085
67340949
295061017
885127914
129109066
752611450
971354444
159364130
11473310
592966864
57148110
770359592
462729937
412706872
874936058
639947826
622211838
700880422
737530484
845901180
279597226
136710460
651523898
765167581
937015967
22181484
507601300
151395625
476596300
417423145
854731863
515051853
748497041
264958414
707650309
586229621
540475377
195427365
953569359
249154807
441582921
536589226
779816260
23972439
493623126
986957929
654528420
382986365
535693826
255306957
966288681
480239755
146161599
710454758
264703515
437978066
976406633
733231313
58036226
438045670
436027899
357278386
682606849
586974147
199647408
796465228
807418510
458354073
222462585
501018993
727640687
866583727
285919424
1018978
366900824
903473869
631756431
731595643
632404117
558368182
345038709
64396135
34440872
691134127
998950608
871174665
178513780
876937392
165732551
409156202
155904973
469337885
961078394
688063415
381171359
43954122
115417177
172228109
794086432
422852151
405803951
920878565
934169902
1145290
480334204
224045918
167533523
143915859
296127102
126846240
497118911
554020713
382021251
29479225
463335184
311871366
825012310
17702746
36563601
431916441
328482800
340850318
942290956
158516267
365705050
567054036
348395749
292313570
626761903
702187123
774545429
861647952
356233813
831096730
923016276
340170411
940833735
525728401
938093310
696447741
457926257
855064079
685031874
919391082
766758117
402765704
149590908
771708440
424490631
97706136
404291974
149699624
935052495
329881085
647082287
466001673
811722765
638548871
799709325
234897596
940405764
323134242
503869967
261585890
232368685
551528702
826774914
132308597
527006006
804807877
7989464
241925248
705205542
786550130
801208891
185026891
870583670
418999932
642049678
167279096
511237769
956220402
181816194
13622556
205776708
263308945
22084379
739552040
40455794
254495075
141787252
153549549
232514146
612414908
714197809
463402297
454510479
232310412
244238934
332360577
715772413
282232821
117321319
786991123
334921537
874899850
142411383
56241415
113227646
876573727
79986701
56090448
857709220
302816025
364408364
474099470
372000194
323216506
767348305
899228453
245599276
691420729
345195523
598783699
997950745
260665269
440303656
941282605
411417335
392378054
175855382
533290619
166202114
820406968
847332503
928254617
664935693
246003237
918089102
928614849
190174360
338631203
538235401
341156309
542539637
265436118
734781300
29769443
920609980
133992623
514888574
764451364
836001013
823706980
533091044
428945253
828763461
914009773
190485019
317286244
313987026
2779990
500529603
984555714
203622249
347862783
749486152
538380540
720358359
71167125
536699884
102316784
181757819
288963064
312675958
348391224
407488560
170438902
647365780
343512458
135343747
424768200
733312207
461585450
91056319
405919084
14726279
905808605
882279001
56921011
543242059
901029700
918271858
32811251
792447660
504942607
668692211
740230519
216330762
319183986
713899704
724383968
877071773
718893578
296671857
535127293
188495905
811974707
939338452
431671135
222024638
81290070
699332628
118153938
226348050
629402597
423377219
778025603
296067801
975729192
622803252
699622712
71622529
300003174
579199180
194814958
795793171
294484898
311662353
11319914
843609613
486725279
64314665
195049435
683321768
599498621
948851786
281992665
17830712
590808712
803095646
207308146
746928084
742483836
869334937
316022106
891817705
60591539
663308265
917510686
645533876
323781941
931427743
688064820
570440080
376681735
178812475
480719438
708739398
726282156
291415049
957657064
837053548
390999219
257440227
140283202
807850532
308560221
131799454
870071686
549774003
717288924
290854718
4562314
497906461
372558721
622915275
826765235
100518550
81505142
172848209
371993223
627291428
295454774
651286210
483058181
989583584
582146250
887510150
67161917
394458353
265803593
20193264
831352274
237049787
924557209
781876911
81934703
352012560
375415111
528892055
954161346
857650736
523232797
917844991
909101446
782331689
422115207
523775131
908818348
556041067
674788417
544145051
421543648
182922859
875726999
643374628
630756001
317321940
481878150
155856940
486027853
828161669
355044775
662041377
55635286
146410407
453624171
996101804
538763667
265019951
421274212
698308067
465357094
539934375
267937251
529944139
79704654
892291859
899863788
457560221
961595016
231655386
389491658
523065806
302755005
538687453
382739956
521732043
641355483
966996768
124746922
917655080
936353531
312262240
28720165
649825640
45187139
482516423
637671559
314973494
543306383
786804366
294854716
117386909
316687177
111451499
992365495
395969006
598060187
328594782
920339257
296197787
852295715
381627559
724309366
965200723
525689968
712851551
640078825
553554289
55159052
776494920
456479152
229222426
996257212
255910258
562058368
710793628
34362159
250032014
901029321
673264470
387765494
622187199
590436682
180067966
982564377
253872075
890851012
573532307
984610245
286349641
846627202
534186156
964262180
179428454
435498771
358159348
39995292
661851194
600137591
939976000
439504342
563953744
682961840
250096089
76642492
468976234
240572269
685992336
410988131
447077778
628492789
408865636
659411604
261089
585539833
128736930
215065126
574149749
987076139
467980189
768044814
760364298
161084640
737485568
125640687
470115260
738119469
187990452
633256903
283083389
246880759
171216203
873512247
909898721
552036440
427975319
714918949
228544369
691948335
288952705
345980508
432966889
84548788
230651374
337069196
820765758
995655627
482288122
11524276
623167324
527414423
769336415
35456270
682865498
755777844
143925030
270842844
2467447
39929018
96345977
252058091
68026098
924989998
80207868
551927946
274371794
294409483
101368056
849053548
751837973
246383027
743863774
470738828
972933673
799070972
651956729
953939917
814036718
717575446
73420159
851283079
415327036
427952463
84436223
93584133
43243315
198351922
608262617
861425094
424181599
953889935
648083619
835877214
728735604
927113958
450182784
422880184
643202014
235347188
347227020
818124471
703390205
259834220
405026660
940045721
745356080
520605193
778575733
844828728
614670805
860816268
704804538
30285007
734505111
254396984
553759807
556809389
524858891
334631670
25034004
688591883
779031038
74970644
526259475
260074941
420597344
891620341
853302323
422778857
199713547
110855242
415813726
497074919
430412424
35042987
454722035
275203586
821842770
249686444
840428902
751311184
915442787
352383077
179751824
151360277
916097394
591011926
524169610
4610250
757589774
53413693
961994048
684032754
827167440
71636871
632154618
116777823
790528452
404131244
753389067
797331245
493005970
778583339
217653927
683086124
363632731
91791977
324957669
424684370
366665892
213699228
832376180
406100485
247588448
95480431
145475768
851693774
46915123
780747043
969031301
901990329
233215843
317469557
936112167
767953710
648561620
257985400
162687086
834152102
141328624
662541983
852190827
877430454
343367355
847121877
617695040
974978690
67737471
353489907
909060633
470894536
167351206
820904650
228493279
453188719
217767973
832744037
445984566
495597253
901556151
494174510
456330048
83690479
654895143
988326502
208984653
682726599
95794615
212581588
34006411
292257179
355865352
901718877
76093345
655607441
441693816
586736814
707216484
832185038
674194464
839431275
331145762
420814626
838406509
521759502
647779580
550339985
828655035
687698660
344611746
975564805
881948015
578407351
73654877
982488704
130606864
667309076
820011135
362916403
359418507
339498111
318171630
471613086
118745797
637692327
912830433
646751370
38908825
568170445
342001342
169746052
330147298
645334875
723046189
130218045
461242313
800722660
597252815
373755202
760170694
436020695
462131297
616927586
767198248
980554235
327092156
133421245
352426630
56587401
321994580
814251869
385713097
965419437
810621603
158607032
824733024
484976528
890775309
196850771
184936625
811641312
289884039
907294645
60279902
860759697
114700523
994990009
300119321
339533517
779230322
233151169
570137603
512533605
924663260
688243617
808154074
523950341
968793298
892283465
126383421
495838917
507002735
383877849
637168433
24153240
805492693
367235717
625864386
219001555
134741878
940767744
86754568
20140424
667469445
557921960
904950608
438758015
448900769
866096692
747893474
658957089
867592335
845014663
523002598
783119495
126603561
758554988
749321810
727654318
546350779
108998569
282039562
353764279
494311662
843190382
177183987
714012331
167298430
206061134
509798097
537499300
720727802
457586293
421761574
749888699
631905652
579289742
493342693
263295284
261481871
454812517
112618262
935292108
159929151
6885404
930032232
871092072
51604072
172982809
492286656
36424677
49538349
839770041
367263184
760378348
869926743
735968095
475503977
564639581
592995260
130575437
478647892
257077811
745538256
503578645
707894441
986102869
465615681
149401350
926079806
98636070
83208451
82841891
415217426
581488104
39664200
432280512
656551904
119067296
852131105
928645428
275783950
303249464
283042792
182682839
741809988
503779630
100303644
507365086
259968729
221787967
555238232
805612572
117837339
495204161
432499729
481262512
2049374
498434333
811803759
302731873
277513603
35367494
775096054
829675214
453587299
734041606
353853582
962131473
720274845
85136467
387936881
13794161
878431479
174405034
243777019
988856230
494040970
642686503
848061738
835833692
380086719
348142045
502744473
467493567
756055841
364922459
236712445
530567022
851542321
85222995
374799690
961876113
459742539
31637889
200667362
69459181
858799198
220201489
425377374
696626083
338597451
436963209
420331701
575265857
794192248
654107441
872843170
568863227
519207948
497307475
920823090
814988098
188766239
198576631
439143507
252965326
846175451
854738686
975325903
225951988
743320171
32345623
856556262
876430759
895174554
256371795
5795205
726784187
467351729
34768866
353482258
205883852
628929316
71302880
162691817
139682062
518505585
975378489
43449452
471984177
699167026
401654193
232259304
914728881
389804097
137404751
457365019
585963188
485617428
324796162
756389200
835939681
300800326
871225906
892686137
267234419
627361224
18919563
816284363
70095846
16845887
336310920
444414945
893242449
463669410
900984378
986221735
455248593
996547227
279469664
894769927
760657775
925188043
803087161
695481921
243711939
300665427
870018662
82586987
613634370
94532498
961679032
869359634
145245131
893054120
843455296
712444996
293074310
847440942
62936432
930649455
545110484
866266440
839876563
97596906
421769505
887622109
397033058
557074326
139700042
250720788
19594907
812525900
842731486
838588178
688204508
154891738
334401078
191466763
23732284
849493242
805554328
901310583
735110298
860281680
688709770
731704769
141982580
430486956
254962641
936069902
163963799
758235626
955842724
21046456
553113666
755719056
20679299
474953029
757122337
317181891
144150170
653347081
721632206
800287544
592597415
528388474
188859490
773202336
103142818
547554882
367949063
587041747
637109779
845198311
523818364
340274877
546082324
352850182
43387951
676530633
489325300
930933952
673907539
897839427
195578771
504533060
875722089
428865154
352601501
821701043
461921022
764525862
178909926
166275040
617805193
392544358
964079830
421348336
164054298
464698748
746588581
903177206
572723372
675001786
23822726
19490630
672588657
232560331
166120622
109894718
15950126
453876982
271108791
674327867
817545234
405473385
500456266
795986751
745700618
127583424
31361683
923466608
878167429
152333196
142411695
550862578
309631944
310402948
215814326
450943980
906978533
50209277
212860599
659468943
664701744
7869759
477539671
341933944
553976310
222426358
711297634
968651178
872441186
437354573
54190277
864831646
195576579
913963168
945378385
57415533
990556170
900972672
901661913
278074068
945494906
482081060
44453021
136941385
276580441
844398027
840191088
755141294
279795217
461186689
495873551
582116075
934459485
89029412
317034627
11286035
485414237
188019848
253582643
256730517
763216813
163708397
901442179
860998611
935494615
220899951
734776890
662326048
453256466
284536662
358119376
915830881
155327455
930428073
409079918
845878923
750560799
766870301
453198451
935361651
745452896
886001132
559733891
94693777
991503258
619018943
365821676
610561744
343112276
803052149
27256938
193990689
63563089
197284462
861966187
211433095
322016384
982256119
807707789
277689819
264358317
672713011
515711806
292648456
883869373
11967197
878277317
982815337
677213348
715004514
956834874
466835237
369562706
466819534
11466485
522252136
92574716
806483360
351375468
667310752
673997262
340123355
831607416
327309871
577817366
639503467
642706467
309225795
691368069
271056716
269792438
641484258
600299830
683706003
219841352
332878644
159169223
327405617
103106067
777766085
777469794
214560046
243526758
76994267
536595777
795123516
389051351
799950541
232104900
444951567
836413274
813456467
429616371
199669057
117499539
386600147
249986021
217083848
364040299
594393968
506694499
680354512
413144624
840451029
36800969
459290082
363577976
892263172
231218906
21371598
493985327
210272460
591847645
738482033
649483352
31782731
66357948
696116575
924386106
331056469
494024480
774540784
724879760
876031984
140432476
294014258
805657694
733229575
991936405
477419670
890470083
942836294
366054482
606012220
317495158
42243665
329135785
472326376
753594463
209861283
875352414
510552965
395537178
588515905
417041335
271814744
366575224
525831630
841246475
525322021
192712959
732279581
13523836
927605042
979847551
2742036
546117985
238450602
888047406
616228278
406030239
995411478
426063683
993792563
763638346
234535037
360290543
99789460
37300270
816136136
16312491
355555727
647642423
559451997
740752372
947964585
833410915
41006009
476722238
195924889
325985506
49135573
316776850
543900747
411240601
39412035
865503227
156084849
950899704
391722662
549515243
231996033
709166240
702972177
27029292
249758529
851322267
849787506
511827646
559615544
876722813
277502984
149248505
325567936
197100251
418298722
862931822
409648515
265627121
37941613
463950690
844099116
33961206
993480014
685337308
761407470
494276025
894026005
886458597
146987269
689677992
760478015
452410578
582000685
829945121
35032274
531466282
941160953
634795597
312653767
421294148
652126452
364839495
938315780
297621112
816300788
398737053
730600355
482835429
714228153
100314394
390830444
660575448
897520181
239560464
268955071
125293212
242473025
340594984
857231335
347969483
625935582
3773437
895614738
911827372
699546515
778250366
190537327
929069828
136392525
529300719
541185349
68760990
160366037
504887022
456767310
158024718
637230499
116657602
226318165
741120979
563771691
475628779
2634349
227040763
659924829
654516235
812802996
307664374
409817858
663357947
531573225
182675685
907754923
763964560
118446176
597883405
197706221
16038334
800060179
795051350
456598898
928685985
221157586
544156142
399142832
212279812
148521631
992373540
309416626
427425035
70465996
153141532
228842455
801448262
97719660
12720940
349379255
549000871
183273178
515066611
61945315
347062049
514699459
503019889
743355462
349437043
896609140
506520452
368281028
900825035
655097929
669079147
666534319
299274023
179896542
784668627
278821051
338817381
505604650
210328006
268987991
329720544
207878303
230904259
957410852
195553983
280317559
908913815
542145435
384858560
210291819
528452851
479927361
727410126
783071169
522628229
679806333
713185880
956193139
346949774
910615615
67724740
991333578
93292187
261394127
144433865
880221423
749203631
51761049
764723067
982170380
694658626
154748413
759994226
753327469
524987699
640516952
96373927
169393784
123545031
471139566
849984809
984737104
829472033
2724493
331521146
905329647
663006108
543988031
608926067
462694958
468506127
234524616
260652736
511634203
960268102
135359650
597363383
313871379
773740967
397126491
294169449
910415011
183681270
372446679
462338626
800707796
915226503
886299520
212832195
160411368
40482920
648962234
519892318
320757529
465346502
300402471
113462912
691834695
244431678
780040440
800063184
228240914
23379077
638619892
730809639
458314909
93358961
358639895
139352484
433630376
31277457
167619845
13095578
47018006
810548244
294601276
889144909
981613298
670722942
995085669
441871129
575827799
523679856
278798841
503467377
837498734
65341857
822460307
152785841
733431101
909426536
771779092
848579896
69086428
608703861
767802740
743387617
65852222
514616600
221655849
447678072
223112626
13370511
27490043
385161397
626634601
836202274
100975805
730151487
539715073
161873305
224650950
449701274
938035359
70400238
981514776
953508052
812565904
863873469
665217040
67597468
916897874
143364930
868437259
882700826
228453192
54343072
197552927
642737193
954405109
214768469
434667699
763950005
342256337
879127401
878590928
907358429
155347489
112511494
252720621
883018832
803527731
942428937
637141694
493188946
224007758
394491467
11248684
49228855
282528653
749131566
857949131
899178971
205906757
652575474
340895515
677753897
171765850
993044373
727025181
611158809
114572630
932279046
940515103
936785499
296167054
409355619
594993211
958986647
943971154
209671009
443783071
42348701
826886196
433852698
934806159
616408372
246680182
644996714
169628911
474409804
510307468
909950727
97546181
163165583
463217132
714532245
573122667
830144638
425549002
907774297
45842639
476332430
186044861
117879225
722533950
552550712
729090612
437830170
442507774
691916676
59786649
29950407
765759694
329774968
125401639
970735512
849118787
874267174
494926337
861150020
654192231
240976323
143156123
564529228
594617960
96997593
93125508
101716460
4324988
939922611
624596982
9177763
635690971
931032214
761165922
108856598
517505489
277857032
932995257
162759899
434853121
397547794
262619794
384799638
579610459
25760268
323930892
666163697
247880898
974625883
610341265
739367908
456396776
480452750
523669543
540863054
360090683
856544962
619616150
664886021
661828936
130900260
614970246
616626187
267210857
778447623
210274031
589521805
365450796
374436115
239551736
259223436
473197157
755203414
520997333
388656971
376270535
290405132
884335658
448071379
141518392
364492081
946762535
384657461
266542578
196813476
814279350
631223173
176998589
379456513
614913442
257521747
237295251
321130672
192822980
941859614
681124752
928947328
161807359
715383981
367921381
324562212
832581118
541311254
94182127
786793573
757427835
514719003
730063038
811467374
996427443
738810957
161587720
374663284
733938390
18461175
28327965
497729401
288803900
642812849
900074613
401614536
414800275
198528199
681477152
341010443
814646352
471703916
327346863
337730193
48246949
496895251
118497413
758244994
222152745
351793351
269502612
57685359
603854610
746959731
222908700
414161939
459952268
412325925
377380145
452598408
92207641
183792992
968511360
899870977
821296837
160798176
852937669
742453619
822968393
822272350
298240246
873468531
174675885
478799200
392225056
580804562
736336446
738437030
755216286
300265834
21547015
126257398
784599016
427075539
788215629
718838463
387560716
894112702
853876965
846988451
52213343
505922673
660365183
649310014
369474101
372286672
274259428
552544252
310005265
376267783
20426332
190064266
306790060
52335847
353091652
352300731
421236533
722144662
916652597
725318751
113872034
857072358
299971904
518487622
7340523
256859526
983324616
57423460
905298140
176802580
645964017
379509712
121035024
307270356
994950146
150185033
238292706
480463021
938702648
599729911
963484432
535347306
279204981
265889519
791261271
374324197
771040806
879332297
3157433
58218792
972288099
437012688
558361333
74098850
808271572
842484794
394836858
629115
783678893
189764674
405316491
10104277
810272094
142226342
436757486
937356964
142312257
958168772
189066574
988905097
833477965
897392218
698903925
780010847
321377354
202965540
273599324
311624910
808819337
214229533
998858761
342465830
796345236
552518745
645707600
663911313
926684489
86835809
276278308
753881948
362100979
939223931
393495456
103365159
655762005
130251710
739063604
162180783
201042985
423929812
178149207
36134347
643312894
656005102
963309197
858586541
413474099
777838669
720115131
980690027
123546273
422515791
151991512
954527608
526129038
773648742
320456310
406844578
997057468
593980860
699719745
148838283
676146327
775799912
343686226
139831041
640308005
955152872
867801179
615410578
371969447
193202316
764144043
60098173
823043546
81277379
203878299
747347586
812058724
131676340
892566807
25481065
403981054
50963714
586940092
442321395
439891276
227734538
942412685
153362131
580278687
676262204
564011317
739214381
288701621
528504205
58153487
622723490
796319223
135462073
874265310
71366838
225736000
61325717
803237520
657882250
544490767
417567963
730029616
818474777
572455037
18819722
533773343
374584676
887765740
693486474
608139874
479406696
411519369
643860669
114290530
234329142
149675655
491418363
367576907
746864390
978303618
412230403
532719318
210880973
527165581
261727335
932283494
580696870
427546950
879929413
844742051
989271126
704246069
981751411
762893692
252240202
979823801
864962327
805207683
156735969
410856501
58789965
568672325
218992596
485224910
185035180
714352950
329275079
241559342
46120120
370150783
417661888
592852060
790990239
721738856
84849165
48789032
250766979
863691677
124490520
297592576
973373087
815966033
812815068
182882198
309710440
276831163
999637512
306016592
57076963
323825841
980286091
418136821
435388400
686181402
478463825
968641210
159446729
469199912
213751872
420904553
50117404
175448935
292862801
895302272
644249410
119125847
834688556
821696783
832334421
861834079
721386709
186887568
678982742
71053599
63177542
689557056
418903144
417057735
979598597
400198641
837562719
65966232
276718394
84261564
676628431
88233535
189045646
352697976
922830307
850747834
448533486
202677634
129231893
261296847
36990381
730656421
93816497
995159118
932385453
910965047
646782528
923909519
766203591
909136099
990368250
152285043
825798283
435361526
898711731
825788145
520839064
697616663
759906722
908901663
635145613
530958994
3062043
215454330
456206623
99104522
50155778
216801712
358772910
102824850
998163841
582378497
744173610
624582483
25822168
471133406
24013795
487025447
577241559
548014540
471127455
239350402
80034227
623356511
40395918
449079671
163312131
9956785
508787283
793022843
255665581
931427264
293043070
932476997
171912291
686745084
851712127
51093728
733765603
63686930
76959013
74480564
64836382
947975136
183660785
575418344
191202784
23650093
604492499
11292246
387361846
450845640
911812993
732258419
984932970
776847822
994605125
84879998
144348177
46556405
650276498
600406684
852978105
317273741
214752181
818981247
179523203
762236722
770517778
363146953
511722694
770893426
191961276
454668700
618857368
643155326
286167751
957827756
802886701
171208585
604603324
715811467
10925948
955170347
874117089
382039670
707139667
450097967
983802401
943087479
892987809
170981106
324620676
175619348
450535225
169120236
488642139
235428503
531398792
557472189
586129671
113586195
431521615
306146234
607674624
979938677
829170450
65077247
767784473
26206800
269525249
268241820
513771051
292389051
740200378
831374174
854298014
914719019
303080080
317335526
820207292
648732149
265239858
479616284
201716999
100729739
766603840
607451869
37694132
111267354
733333404
250326805
814876263
899511924
625832859
104249384
619669397
453997578
847924726
222016727
60218927
740684348
219387983
602535277
330587703
226396269
856340794
360227518
752678570
17081331
853503036
383217162
256995495
545316304
830471380
943289131
722434764
796741986
621111046
65487350
965621909
824204982
465897712
168508224
855889385
606873151
502709256
567932439
588270395
555613277
508258242
92967543
305360312
763732962
909003294
383807290
955842521
378283810
123861662
980105474
147792141
982668082
18601801
425655767
179535802
51193072
966730478
565273993
699584396
628707449
423961707
954587581
60909581
987338289
738175981
211111847
781757031
78748942
442842910
334412089
251919930
945700864
34693417
532266269
734711498
213237542
231879259
778683816
364246830
554023797
166143007
305170001
761407506
494395971
126427387
804227336
268018258
862230047
183951638
932626562
222933228
654969459
38025086
311381148
871042949
161002341
852790898
99468181
966672597
546839205
6639935
439896077
929244823
634398526
217494753
634889807
925335387
831549024
92549713
436138758
27610434
57344345
558978159
931820838
604636778
917734945
689101043
468797343
809859844
990934910
78512926
217661381
297851189
551297619
17941108
941586389
824879321
653245253
414576149
354066221
871704345
639991933
240039097
31138349
63383073
857850775
82667713
100999601
396627005
619398946
742502667
435474642
63500711
634648507
740010612
247445732
472484760
567826074
669501652
619851603
869388293
727295733
435458357
548624451
70645688
514679544
812909591
322281032
882918103
569559791
951880592
402280795
415692313
981812935
491425399
192176070
315467321
938040546
27052860
212631360
916072559
899332603
330172160
544213982
498116204
210613426
261617097
387911441
679500911
536561354
736573967
880195923
195243155
578760225
188026820
167495950
915208128
421048833
570488411
184307504
795348211
503284094
978587092
631741386
685831513
364383352
278035532
493689413
229335572
627211118
510349493
529095324
403516171
183872735
525340263
723430325
827441772
196376880
598395154
380861208
651252936
213672327
379681160
531191258
291665888
773979853
369968835
924582106
275263255
604118935
534537458
35345770
970603462
790894719
998461156
537944361
862260055
303193890
143737112
115758390
297696677
122798304
801315082
632642833
349066082
439822333
211117430
910234030
850264500
396189686
227771437
378881717
659373811
833783213
706713934
877881796
435706153
575960124
609852396
588448173
541921098
555497736
876281330
1630956
918241560
166786879
82047532
855237469
171587823
393669051
157216819
501640463
228938170
387969626
765585507
276287043
470608544
769994964
354982999
730935349
428134715
461144133
19693831
504144542
85118244
601086807
912954486
967579867
220015106
459759630
394485501
325066605
849258723
155716003
658691874
233087952
25582448
323802000
185104065
647402870
402329479
929860808
809459084
707453242
216416284
715029258
375015029
668412668
756373123
231970367
591727896
463218820
683215703
399265391
227718313
882648035
901577126
629797050
757037079
235339313
833883563
927374137
923057368
915150631
700195854
365995729
290127115
397295093
422773693
971705762
784969529
600068537
141801012
684618900
341099964
487126168
304166530
7175044
388723813
366499401
637257114
411413038
106536273
360102148
300901035
312764791
816344383
712463739
787675272
771837892
778779597
49219284
69052367
204035605
77417806
921834934
432276164
72146026
543951517
865887048
730972941
769168776
191265117
781815853
343990819
376047495
950237712
646434803
125028445
946474630
849246833
586127680
272873023
3254352
355824441
290529306
213775260
906910430
863265086
890737320
858051591
634195729
337134838
87158559
562913046
846464879
499756661
961571843
545177254
261675693
319327679
594849561
270702624
322585258
761321779
683885133
142235484
245264475
956276587
503601405
564994832
96033299
697431424
336052295
485280538
44162368
985891725
80062132
458962512
518130175
704188921
887117856
235133382
935206640
255871783
384275338
647759733
677628210
257338654
413022986
737276136
159221560
189784767
418732622
285505562
420671842
809725758
966048520
220332538
368327891
296630182
824329901
884064309
969809609
50728566
615157760
681228434
383299176
759573588
888679850
208803304
325396709
248129375
527059702
63173872
128665795
338614945
233034677
825095665
247373065
918364306
579982725
414956518
37018835
789038318
289596826
875841579
559899912
142079206
595966908
314207495
592332613
117151206
846159586
980795565
926461260
239355060
243900427
476297722
538204200
173330009
186166604
69819960
342959717
751365380
249152107
662045402
483925912
809055962
66087326
17431968
926148315
108839927
546954883
801781654
530205448
664918662
202668336
757365730
258212472
645343440
520118333
99173104
286034465
595184111
478034614
943736449
339269468
762168150
436084367
801018960
860804047
893748453
490132516
181479252
442023504
889115827
980791648
642333239
46084979
679575180
849819061
825478074
247179154
607511561
458147093
736388164
76585717
403385555
34477537
150772164
949416285
315262817
330515450
811956358
969409093
494099008
663921372
225570346
790421711
329488864
322414176
553975853
729659283
908382522
456424656
549282280
857501558
203118084
285386276
610591264
326810719
907618671
264547342
343409230
938719126
460872969
800863885
340329466
913919115
935169899
409758631
658997983
594075158
750010197
289145057
376148061
929788851
961974938
759264690
904791104
156380617
98399539
847587177
760980822
139324104
649501656
794359160
298644577
73725426
256988396
995320952
619576576
826716998
887269536
444778721
278720132
292427155
686604133
89587292
686797696
863837363
566824935
586839921
491277931
812831275
898358887
494022349
242406725
498284303
656364738
167499632
949833477
308856812
464224877
381996203
200515795
340800914
904489607
326547896
617916373
867055114
772675991
81078964
904390600
142546129
590266433
588622687
156995041
957488296
754950966
46942267
997035227
236840427
631048097
319249982
36091597
55333190
680709284
868551337
59260297
280773359
653390946
735194940
709627320
638455250
581848566
718765538
327876661
586942554
215437854
583878182
795367417
702454099
389836412
883427861
362648792
946775126
166172780
332769732
461183361
452484708
110996669
405210630
811265013
386305899
938969042
451712730
919630440
825069284
418221143
863092582
588979403
841501150
245670040
950252232
839631835
204834320
782306726
273734696
890726707
294583599
227240638
783104258
765258774
312904801
682927763
947595550
773729074
761951189
976149245
484647778
822098728
998822604
880593751
513906715
900874670
222985030
99855521
343004687
186761630
582617027
494851342
287245850
280005460
719852534
514785234
780223262
157949408
702892252
274149462
256946130
581731515
193660252
76958520
90365396
967699356
790139648
79607552
875376360
251789900
965009109
201092691
861780710
876517370
270401316
289751274
712096049
942981021
280888750
261436664
825550649
790423459
476708723
198761429
660129662
389346501
909793426
445206446
41735378
887762681
562755769
641614485
743037539
633843958
448930706
553932834
743072409
113135095
444499505
316189495
425484330
123333311
620457289
502895380
942576819
553576610
966921662
940721708
515702996
247648664
927740951
290108179
744431624
166611617
793859051
394013424
100277044
659350744
395309695
423688595
147898161
322634761
109105289
129254116
613500725
314815869
433659903
226256392
79278427
123882295
508369172
392030312
840769595
766902417
702315106
682352955
388789431
189693028
264935953
87678543
24468230
251853587
833750944
580836979
636644108
699186304
515633372
12629784
687453442
956679703
486918937
51635260
247827475
304521855
985849830
402189892
188088126
826112968
846750612
352508163
830425449
168210432
887869316
433048761
531151843
149060777
526592370
147013404
332801047
441456800
398262911
14149569
32553432
706559796
931899159
228122156
889799949
932202144
351084990
53614455
700510457
384459134
192416050
425708989
221608832
337408796
879023515
329286480
797616856
917587983
137133714
374859544
314267675
440598402
106825249
562667741
66968403
876258729
385194336
1364865
672321254
661036981
781385707
878307236
545718033
203827862
161301464
358681958
589213035
473326693
772001425
436761147
808187307
417569084
487141203
561687236
781807042
662125763
32164850
919148203
900848751
949138003
267829292
659482295
554114129
296655742
268952285
887741338
538368088
71772195
330153510
190058694
466384778
210693514
100023820
333117110
227631349
550934883
57748122
792347571
856425257
683510433
279601197
27275573
606595084
830565560
684033122
390699560
876256072
196595380
383670862
879586617
803537747
922073272
541168598
808707870
797208691
807168075
407940391
393250169
853468764
312836656
750306721
390383946
837305214
581053161
190919097
7587027
612696723
403452464
534427122
818305441
588388114
863949435
57353234
715568614
450067815
773568712
184058684
821074515
548640860
445519871
202816565
817842977
692339470
91960617
193350969
624570511
983750445
751554800
933965294
72564569
782052871
900842933
978842091
932188360
504746754
153821002
65448628
39222955
769823392
809438511
781144417
654669992
118882288
296821051
147959630
491442713
359369528
930856020
600204293
622894669
519026807
788819665
911528960
696957168
249554291
797158833
749149169
314053541
782014956
269197763
899744039
373703020
341925503
69087964
414415743
115034433
633720956
153804813
670189888
172355121
608176337
503851204
161853062
420513056
665901026
907396795
128975214
341470938
934471640
608855476
636970561
147928259
964312233
871584042
193217381
849903766
519313227
713703893
465017215
514556648
577637357
170309939
602087121
419655517
175821069
245785184
196527059
364071131
506868500
99138419
648101748
234820332
699244075
860006359
187613810
396195770
692341955
915201975
236461787
263303018
977984810
270555221
898128490
253545011
383152256
320641147
382631971
188126922
524238592
745841153
686388641
864805146
156939945
967354544
785275525
884242069
868559968
618459939
857352177
368628239
402908795
49915313
440170471
627158764
237537988
478031040
607916939
659648641
232788132
329933095
966578695
120915310
639002703
36341591
778392471
592173670
569174397
164614939
184870932
188169152
929870782
905070665
995270096
234616960
296955248
252044074
189416018
441425551
102514312
941782477
11812909
260121217
699848037
762991689
485531408
921368826
89416637
592381777
637164704
518076158
374972919
587979613
493502383
959673545
396206762
893946066
40291172
251106796
198591912
936810184
377405762
188927152
538165594
334627311
528616231
601024633
210073849
525017909
176516986
997024461
348042857
321224561
858906811
903630880
353796758
426002410
175314272
909297176
427331066
402828689
97580674
791255383
663084518
310705987
737526403
468199921
471225395
72197948
33348634
668930607
662472162
476417649
269415034
925698850
764125090
114549495
462117376
987752259
831576202
277352864
874310812
493802062
773911835
1291809
986376039
716687036
415548410
438972165
545829961
251008541
556954458
311428789
935783034
290748585
206090010
515787357
361684247
2823565
499020601
682115441
999284009
262407152
274256355
753853503
22661387
362648683
824530844
439158967
270412481
742289321
697989866
829072653
78724416
837700464
122917112
240350511
584844684
603050952
904537766
226592598
997454965
988524360
233171972
24153967
891866921
441226834
540322955
286891648
133316612
871532229
723588390
274972627
265202904
773627806
704398157
545055222
455147250
320182097
413459539
277959746
75668323
489635684
910410223
573936431
461186463
341593658
152918040
47697283
183631959
34656734
388125941
306253964
47422760
670169210
809933833
189806365
147810439
661404351
987845970
437950249
927788656
345179298
602332781
981402669
542526133
138454284
260092577
900701658
994278373
351947990
71286803
920962746
504695966
789527199
34701787
583397309
507026445
282226361
944064992
250550478
829785034
981351573
40475378
351785572
573423182
448141932
466842221
549399950
721177760
715183111
407499766
346007225
84991504
224730464
624552147
213268153
922003611
4433485
692062782
393831005
670701660
577911953
887133836
464909617
36057264
444535607
674082807
138870226
792050627
101969056
238448955
421869035
647052099
53543946
910938986
984374156
21847161
227819230
431218743
299010273
105453563
891147394
880439821
453267419
273713745
110770620
735758758
696377814
446155097
868591673
324900977
518939962
890442953
605670441
902849495
292211224
823147765
504297926
412046839
385622210
617583587
203634649
927413374
244410580
350386403
895142741
966713706
743559070
651330157
747578140
659064161
330290402
710135570
675939379
31610909
734805542
365153988
983345497
555583086
656800279
95812816
923686916
164755399
80089269
918072183
877019830
219347500
780474524
150385417
378487433
93002093
649018717
13963168
180813349
594701239
186782986
956722661
733908455
222339260
372463610
294688841
689287026
512623159
447506166
851104175
872072404
568807074
988607179
55853339
408395394
358401304
487021968
416178345
956719465
599285423
34797421
246691112
302523806
211378817
886266039
9438028
339249187
959196532
338786158
75594328
196238446
103335379
799033288
526713915
420648635
399330155
435999964
933632053
389277901
713902337
387083054
23562911
294602059
952752622
344009071
809683687
194194874
145866693
440939361
723968927
559809879
620760150
577889049
737863866
292284815
453466584
182329531
184889969
593095534
594579890
461778519
243966118
340934855
842439265
198309914
375495994
575887095
59337047
117206221
922142084
497039856
298520662
378089646
453883596
741955039
904571050
189363262
757824256
30495461
252869283
283858702
468226749
655143201
537421265
682120287
307525329
707642871
574961488
622240628
450411081
103076061
102111341
69263631
914893582
244584416
635526618
896250079
81559594
730214542
906037339
663612244
494958123
298639604
389632559
427029688
611392832
550931607
370963267
275700982
639914796
488268493
898501035
904563987
544318367
487014702
100539865
286844569
217367171
315312935
388267267
40388739
961299795
185490719
571050226
593264326
579370409
130424293
442883905
773032747
965310740
313723695
879339530
123392565
572114872
603209088
389666593
530707864
964705222
493057282
929604960
594781438
637067464
992535309
685593442
77601584
998529982
60658185
905075820
585360304
882832007
37983865
946436305
828865366
162906347
55165459
487262477
324899959
32321849
310605551
215637548
744379438
932262469
744439415
895114569
718333117
63449983
296250908
338816778
153667971
728373961
812479705
808253131
460616154
70466767
298795179
405796511
444973364
205158675
693970634
196439277
150269643
63721027
976524718
686692103
660209977
631398750
544635480
676901551
54477730
668136960
578273599
532730689
947867974
623110196
701728567
215860537
836213840
900083800
511325482
35695880
721297357
487054901
277621417
819992446
106920128
401695808
82458836
675941642
752607116
928680849
251463833
10029851
315147811
645405757
294982628
663422228
786125792
773724727
104788998
640988912
268358189
279305115
449946667
317410462
923922821
305952305
950407198
211083145
247189546
505301049
960556441
987158461
641315437
313244710
461307814
138143352
268439338
82639104
988884765
333758918
747294398
786090683
236319633
693642298
330576829
329988557
32378177
348370821
139429261
606933697
422229081
893785132
414241000
392718169
157864968
457103834
587658498
158204171
644281778
894621538
397129889
937255818
182793215
972568358
709691026
311567983
268190751
845052167
76696516
563416288
13073614
575898351
440613030
39822041
551581328
537763308
514419826
316575676
407786863
225440193
128386332
836362674
400891511
962369191
21168624
403774043
585360058
846915524
577113173
52184973
208241882
610021540
674770646
823745307
81618724
833294607
130562558
167061866
191714119
29451936
271610130
865004494
419848861
23123121
338228168
983085497
1101161
529950189
45501079
638140411
682021413
847331018
616989561
807577913
873051630
274147484
261591861
300103747
259232264
149813568
707782221
6152588
369216960
374358678
817135426
758920812
440027878
504461519
277468351
839755607
36454873
717930854
661488403
182052191
677015719
500382415
288480289
443986606
87460674
565934929
429316659
715386805
604451670
137693987
480300050
249876890
104969640
109387533
353249717
582645816
622852220
701870641
536913071
652884744
883773998
832388205
374526164
834863774
89790986
517368832
767443840
59288179
289354080
60520345
868752972
97431686
888010360
672547511
672504203
699985422
454589963
516699201
94327410
577882668
274958687
933996420
450112175
505331792
544499784
583182268
215370232
845635805
850177460
466125431
314876996
505214693
89366493
66352459
30919862
603325574
952564609
179340159
935314787
583439298
298846
834934327
835694441
859216493
17186257
349957017
7605467
652440402
168268912
595958724
134457443
787585503
572703157
209573006
551610635
68617602
286134009
515053967
675477119
180456338
766278332
117266385
148449664
641722137
382292259
69189408
591139379
496864031
89762769
857571859
859958564
541766568
807182591
166971805
83721175
941931134
341948523
763986900
647070387
599409279
552310983
128804502
147192316
989547481
242155408
335386586
44782276
169752877
322110099
760301962
318748695
861336550
947108989
406845867
899375347
46623983
469527088
506689113
103029616
726265036
917246675
534461997
614309492
719271074
733714322
848447350
668247800
348285352
881169917
138099892
718053157
534562911
833813210
627235558
308092556
332697334
861876803
534153384
800792528
492583266
259150532
352230262
909264341
584262254
634888358
625382703
914352799
596090314
855878419
909116477
492259868
619349861
913214564
549300629
783066245
58543209
916003078
957718609
135487165
377896739
460533532
303028882
313162893
825838117
808720099
167759096
831261083
212947189
582294900
462981082
394388395
713598996
22084509
829170841
167290147
716456083
309129096
855155401
528246597
346283798
997115403
252946883
372980224
706657956
48274569
254279821
487934215
376290827
763795784
70133018
761729191
428393981
284960053
510958440
925351848
386402001
150795910
3025371
860026843
231981161
565195211
60902671
829962648
96483963
431529408
311717126
204770921
725814106
217817902
367531743
17811021
523352634
125313991
262185755
70300182
593384161
121973987
971615464
561688854
195760267
754495555
144323891
21902832
417780155
631857970
837252031
56253058
545886825
599944012
294325169
451474057
682752460
673463571
471437809
739362914
197936519
887769134
509341065
178353431
474243033
259286461
258119080
679833479
554629915
343521222
877651570
170779333
10915152
376499843
254279111
294326156
359470522
763957424
809082686
368954064
529637860
394357044
621276700
104295630
455328286
71411613
42477530
640426896
697570371
98876886
91908748
588663030
472738266
513391400
209584235
335204884
724549837
345278117
641506036
844247768
633441904
245110535
43293502
932739565
262232376
700982584
427780679
613970408
883923576
450372465
603390609
324522696
89431570
254827045
480563978
323054473
427687761
33108706
613771801
713859918
715932030
113503765
686995645
798802982
930173038
632232348
311764758
610206537
890713640
865557886
268272043
68917458
368269290
216389428
906788925
829217695
193630967
199406989
677038002
586782640
711464160
897940230
934466354
22141995
233784371
262278837
105694703
559572931
752028577
558905325
628157833
359102142
978893590
40929693
930313839
886588456
903820562
240298547
638545295
786015874
335425940
100944698
75482573
282366200
942422664
534237462
134670546
813144968
489381750
814750255
268979739
604987992
224048179
999251410
89662542
787135670
300529072
7446493
632448370
482800295
75937860
52531532
692287769
547693065
162029696
249936930
746716355
770683697
271245835
679726757
600654024
120534657
958771854
290709482
841420886
403147047
866563496
872717640
739592212
499287749
409634389
733055134
33939337
877513882
809869062
251923481
842197065
943467997
420537880
108549729
245626749
893426331
876386898
341666330
144395558
540202926
142039057
394528242
982091444
249865077
906947913
554530546
343501891
719108417
792528672
178830681
106171985
70907603
530503993
202871767
784683250
465089973
312598266
189890352
267793614
74152181
918192714
350332782
468380268
798706014
935302865
528889483
173039851
238265509
427679496
434358984
496659832
109513303
186457793
632003769
417849886
617609822
14800536
4922756
592961905
533689007
262140007
589317115
946668214
661834538
90356550
888452188
314434927
766874166
195582434
202859903
308505741
6095300
521989976
295804559
85173791
401303929
793555655
504457526
563855240
692008228
686894848
371249503
874505299
873737039
421398587
776278959
845152249
997646385
285318584
795558046
494175825
628931055
645512956
130831915
125570811
610226750
195561531
491188223
200754460
438009108
732943338
5131882
13380534
689297208
588423762
765425711
697265112
158755104
760894627
500982857
494236930
965685231
798384692
437402207
812354832
194740320
736094478
863148745
747187720
967875591
346227159
722079679
342779012
224482317
445657515
995859388
486453181
274448023
84892315
445329580
813338195
453724763
178360886
816436061
491734501
195468371
282337244
400529689
197201212
399174184
760686493
43265885
741123735
38443946
627813917
830686315
108131137
764611329
518481991
422143632
641997276
520292076
991729504
874774717
966708987
324553654
381321038
361222849
271597218
398255116
483605820
713862752
275408495
135747980
819574694
732271846
967398504
525723363
754058609
153662445
306534906
652007510
836946020
139021033
633256294
702832367
853028892
841135885
80545238
344014267
907898756
728181628
405234687
823312484
167218267
764663746
113385047
41898258
442597613
515091970
367271467
570327054
41095381
371400953
873899596
204171122
228915627
38170442
599512755
326256226
172192846
979107068
834912929
147201086
592837017
9338635
610918909
336587890
101682847
614694802
1820383
723495138
214375887
162645525
233161220
804347820
529583251
333952298
515141733
348370068
696975280
983840044
814707947
46807768
220149210
10989819
620251654
90413826
563613344
486618776
135147197
504804843
660923648
769683560
711582068
513487350
400604056
66742590
189385628
171086294
993450082
112927218
98446783
297228650
646640339
569871672
139804844
492303162
658314404
163347837
82023840
65508025
737255196
29231605
680286387
948504785
348241631
780760974
754523900
280911224
247021481
197912074
944338761
163723024
540100819
412171489
561921508
43767317
367459180
634994023
840787797
174718664
905043916
378634851
739088957
726869715
29738789
645315009
211258594
511108258
245180523
616406088
950912377
288249391
147477059
873620575
758451807
399950254
548607984
5643754
49027047
303156860
585865272
233849113
569526658
214204135
548467540
154536733
782147956
815823312
500433253
981756143
861407048
157025851
256586324
30603163
869399142
576136637
116362093
16801866
142438440
548669723
68545425
646207180
67042117
656452697
347994779
517085969
350658334
288625656
921301741
815245402
66246530
920600906
647992273
670990663
485386093
954211199
219397282
661702329
170191619
82999956
470847334
585523419
807536031
260917433
114894282
34886120
440519668
946774218
307933598
161217564
884442415
797037169
763474101
338383000
428442399
19360790
137584360
461342523
739642712
615196327
29742521
69447967
827760067
908554912
617570520
76463143
673644536
283781937
751324843
217626843
591948295
989793233
345498508
927469439
877178202
377216802
408814728
757399830
320571952
766302093
581438012
219613264
211515902
763687220
843022327
950410357
416963221
215167365
777328704
363451543
152285417
69244108
626455715
392794670
1094241
888241982
8661644
932310646
909477410
606951919
478085312
112275643
353932207
144114212
816483557
505338393
253578740
769442300
870803781
941752114
31963018
512555795
689032712
142793591
961256511
695452327
485023944
645483073
482231505
743515599
867257306
965675885
336650670
702933206
274683216
394495482
729866309
517310569
557051628
76308984
925985710
405552492
93156970
505347037
19881376
175663674
986631839
106082979
427765581
563261397
170334765
491867854
113338712
418241719
121499096
100734290
604005816
125339307
771282817
135961207
155281909
447954941
545833820
665372360
564675391
442710939
552063457
603320485
335613354
34841225
917586017
892876393
518257009
639335534
366314366
537221833
433271826
389996338
184539201
170089777
653059165
491513548
7097053
402094238
968456609
147940883
980946942
21646569
911142444
795363147
43086866
57251810
828346486
70190459
727605174
900206130
669737566
194270068
145265149
567490668
227075684
683267488
398727176
958887987
275393144
877533116
994179473
38158258
228441876
923211426
908869695
340428580
629970905
870289859
88129919
286624440
866233861
503460008
482076699
415831733
797591050
785490368
62783562
599222623
673482546
791290781
377865334
449209167
169440723
24241370
808425779
618051114
256648284
696844787
367594172
107106744
263384714
97271857
908353671
581839950
25955169
951564141
548759567
956121683
141799653
161971098
181523922
410334201
355000879
788332860
938618075
192802021
39659870
619160912
451108523
398948350
90782923
281428341
343763252
458985009
239287036
595677535
3862999
599614969
157278306
86916938
477984112
17726043
194723004
312102476
547810370
683938421
247621448
46716088
732553049
800413599
754402800
196960644
946774989
468904791
974892523
220353485
191865894
388791450
557721654
776641816
487807009
172591260
970498155
983312196
851950500
676932235
757512053
191669978
983578680
187744091
590065428
778038715
521780513
689391901
956603403
81529925
218667197
131663194
891800584
888829337
309535399
461157726
944580592
732864805
209784571
106502575
319156206
609258671
392034419
632424208
228358607
869540088
382881517
39090997
116266076
138443353
271419869
826572440
933765126
479723202
366745157
721244749
47709868
382414563
348607526
357028126
4017779
237069118
639436409
746888940
202877155
814394498
202504871
720498847
426059598
179114994
345273761
843570440
670170572
108931677
744656570
528309353
515190836
615204258
651111081
467595151
760662671
925920824
588429502
492755080
906780216
525201570
995137659
920231608
218947833
456160982
315788003
371613523
140981237
248750928
501810418
211118853
936536540
957223687
939161071
644460707
686150845
585260015
24347450
820127701
550587727
869171578
797357622
263800171
137968843
508510063
530722921
950323123
768474290
624885437
851921917
997355802
274661504
870644929
220560785
723438837
363686174
83938500
58288519
940805707
880254088
71056333
177773820
879594170
641233466
806532913
836378278
765429415
925191624
698860537
321587307
857470796
182764970
19769750
596328118
604012184
247786814
103889044
991231921
473969438
878943525
78196539
252222593
587662800
326672754
918650831
149514697
806361947
547454592
626089936
324144899
500175106
325400516
914564791
144395537
686658628
150397921
454917835
828002815
934940464
113395198
871255059
211941425
292297563
292831280
211075525
480343073
658829302
238295444
189100944
473570707
628310589
40424150
638779612
192026048
659794609
345987716
460387632
701171267
494709972
167191290
499048332
516014917
509458748
672566765
205685657
383781580
286660890
280353308
850730971
433478298
952097656
27193080
576621576
180080439
779102062
150629820
295625579
193635040
144755293
315166980
663725560
852946445
292538756
398036713
531563540
207480625
875148572
758624438
577694990
299583562
551378658
465126210
711668144
909450386
136521200
747669511
474477409
356546192
608022290
227224535
974527840
898556451
296127786
973284061
59170030
938601555
245966689
218133438
288973914
741946879
30728411
607294450
962192999
179272189
440989570
457658338
173346656
646938555
356968141
155855601
77587923
659903842
541383874
179502439
632324667
850827708
219815492
957042172
145084167
675138911
581080261
141493416
745888540
269494254
890677998
156666899
428219088
276788089
114602179
647538306
88588695
722561101
301363111
952870922
81641407
423479638
665863092
939100979
275440109
379873854
60172155
677482594
952463301
338147919
325761649
734607692
250255715
633814731
606432083
154267306
272271111
698389245
574605386
909631196
45937356
339225599
410820101
899246322
945747533
669611691
606488328
942352937
452533828
15077725
859870644
429526334
279720345
539416547
372820096
477870998
381111528
369944367
363166851
130091784
456114928
913318646
738548330
554605114
670824536
74207107
253786377
115514834
132161959
74048462
542554043
827876286
659120703
938609224
949893896
281788398
723170
799098707
728538897
814899189
130279368
815434337
91616412
898779648
311816811
416995758
174507920
492765591
121529301
601998257
626526412
49021850
799616986
976725796
658420551
804365533
877759861
714546938
287360828
268176363
637705795
562983393
899347369
604546894
3753206
241158385
215970966
800159988
927106863
618715453
604648138
505535535
240941839
757798472
558651281
18331252
195727909
102263810
630385013
231735368
76011119
817566736
410890948
131112477
667188380
799116496
388781739
574559827
840899547
439269421
966494
722997507
395495498
114595944
190960405
817218241
248146997
558171886
28432139
491816514
612947618
41874005
983413370
813973504
868964889
991841136
524438113
640352637
817268511
637324083
883847601
887585514
264244555
29003580
821549324
188852296
509505825
415075946
710392852
625936646
638490641
22623032
8858227
922713060
237633233
842891346
333014436
852017980
494488814
167480289
100421828
891010376
77432031
574989112
651236476
883700825
466646605
827207099
293392753
633078768
552867431
877259197
517335105
509578781
762463228
513732238
753029121
708681952
677469414
573517138
264856482
5460513
977660010
208633239
326376369
276046075
207247389
924469056
320720295
204001509
221271229
493304894
357566301
224450542
638652919
436466791
760220835
183869779
140793672
994317743
998127635
481282192
103298686
26777360
9806012
485392672
836757390
352971209
933391354
547015790
89208224
522536058
750238287
482810147
571939445
195095153
101253002
271518373
643190588
14787592
186121545
616543490
659295183
876494418
551045560
173161469
195119872
63071899
315440789
161806995
269128233
875842299
859827796
475197350
842963439
73143630
783240851
369052548
198766722
107285811
907838289
763428138
348923603
472561321
139087289
25376666
464168370
903244020
714356045
173557042
747233194
926443166
216728748
579250563
52938889
243867254
514019762
771578349
460830580
293550863
545006163
416238262
273823626
558656127
674067031
870203825
836676346
211240233
540920132
54750740
650360982
178277691
781419695
569564151
954318076
2331506
324166646
112261012
965265245
716151574
903878571
980272550
929271199
321211185
923773084
640933517
126689190
160990261
281756635
948298323
198233818
430119490
227880130
496008397
925759471
199790003
222217031
955088740
565193197
51101943
201837071
867499034
563107581
310774014
72319852
753237151
830944544
269708792
998389500
845398572
499171684
174424836
688110145
378779914
78426003
635570143
78598644
362642779
375896018
851731102
177184359
920498529
369359790
617259055
287031
471570164
873527901
513514691
110261430
921547662
708494430
460710193
963799234
11801993
946440865
221853184
948545492
712773710
440089300
191627772
380494508
757712413
420237398
901398969
970761798
176394724
871888405
820619608
372405592
721989406
68693364
30607530
707535513
986119358
84286271
360477771
346690901
932057319
942559904
145192268
226624501
315912837
452402169
504447807
209135729
650429265
771822377
813477963
197104548
853326610
825471750
864144619
373233211
210682701
877559265
120653736
502743640
147079138
453837532
860405881
402754756
808221337
271090540
84189063
786993817
923406205
519790087
543083245
441823718
492518348
786445367
975801121
59431080
430574658
309263452
544135139
874533001
265809367
704272869
892278499
970566917
742756329
596535628
582910350
37470427
828518098
249242460
636616918
386100618
892065322
718776094
967984638
998874038
307723944
800937103
304612737
531960393
737047086
31952150
184219527
50956696
790247320
312993145
49405545
496069312
573495756
206055022
744095873
711167428
226143409
917477251
511183533
887214280
860254099
506048569
123371063
287205791
506050176
11484718
129738664
412080539
880336967
31568114
966015573
431431815
258797089
558540784
639335984
597640693
901245439
208921363
321319697
603081904
716127303
413890191
401556904
489124515
552614638
12403088
31096579
611077326
840229596
623536912
941788299
509659525
718217253
814964345
349486996
667641437
10213701
978482179
320512883
287565170
96040253
591444396
520807035
960088945
836660339
12598981
711784374
153389625
290660610
27320180
160978676
533001919
111167597
611783406
577952429
148604478
972903911
20063275
799569268
749313193
172962328
79157173
561434014
266585136
980704195
937728449
841951528
411011149
195745895
880647165
307901689
651465778
409532330
651392287
323096583
615792038
922995398
96321476
797458661
239373892
736215705
568489024
757302001
482641135
594100684
662238344
267261667
813578922
132627576
762565685
106472168
62199080
713727085
548662875
702740685
539274845
643605683
152879277
875537674
589355817
645128027
97168485
542593318
882085310
750459990
908046173
994526926
550243362
800869625
453695225
735945305
181360933
55988980
132721876
181683184
424187679
101705403
665047031
371234252
726588460
985113542
865075068
146785296
908195120
61804968
317156145
313923634
311853997
310814902
299054308
72086286
287401188
67696422
91241676
597012282
302611427
678544829
944615108
778013851
855592332
516188135
229632899
750587947
195588452
266384075
256243839
794278281
535679764
957579086
9354942
853343376
414066268
345385953
433119322
683423955
829176649
179594020
690073888
385787780
498242418
916813509
454203670
598614627
878540321
367955904
342937976
80158399
630676134
555587836
166181174
743204735
897777177
33719500
751254731
139272602
694111907
444967461
659361956
306149571
590065580
596166014
336126820
384156321
267783945
934769859
104600776
618385656
709361502
92210391
726885283
647518988
912932575
118015302
259908798
536589851
120147888
295193081
461878304
51825743
77982310
69882480
237029635
72075706
159210175
630534271
902906350
867739535
979779025
890335977
377369112
653330392
613831338
892073159
179681153
375673659
494352300
424301153
35816295
598577370
599980073
661013320
694520637
250046038
625841360
511002334
41042726
81746376
603782529
429390251
242127836
472199503
479735593
229647706
250045173
358502562
702930716
664130196
256655171
785640085
666252493
798582200
326381599
419697699
158094590
346702124
89410757
499382169
643183340
661162412
707789298
412897308
70339391
205280011
419185776
590011070
145764775
461348704
862646608
805198606
552865756
212417371
4030624
59940881
496311442
302895468
888493371
159340157
705290987
227668967
962319642
597343095
797728541
333909946
927215380
585809768
693314342
549703081
379671761
141150753
510156148
798030123
427499504
830994864
998761753
159169641
105967217
444559687
791091077
139902083
675810998
121189089
986618381
709671306
908254349
787176006
884630918
771407992
572107251
540339919
671142813
343811144
43774327
54942761
972124596
663066722
596012940
225462433
431962041
230389883
336769957
146107475
683119030
861541506
301711695
436679915
173437125
824832602
668658698
614243082
530004123
39821995
137859095
728977126
406117848
688275106
291456061
116840328
484900627
79818621
960649064
827967938
95843433
19516282
722885830
162470749
312144891
466280618
396777973
98158905
997373930
210952352
395537040
150246469
847212102
369864066
674103100
532916095
556505639
764476677
648020043
640580745
930292735
168737657
633429781
617956363
929733065
998499380
402258
515590513
417163168
990742784
198512308
829982143
78645960
211205931
893218843
843429660
30877597
23589322
921439355
785121934
320518406
123588774
80992916
510052308
44159701
272188413
808055245
592662453
352287057
368532027
458891618
278938905
130185236
382314321
263741422
534337734
412728107
988326763
206863498
836664433
91682074
368357881
678179787
634528233
761516929
36002076
261121601
233612522
248068049
557205986
864157899
687891472
409502677
383711765
563693640
477711952
375545387
437854180
222927806
929833506
551469673
776507376
949959139
469133231
618693655
101928899
361577802
909266035
580765711
301778877
354097817
257846836
310153469
888572606
643481023
136811160
799809256
522881484
387833685
580877294
144122122
118600733
351381927
890087332
481725862
215213057
90717494
923086779
483900706
540962215
996443067
718501683
613453308
486755039
491222517
509428986
540017985
890016317
654960707
35700677
640290323
284231928
167079270
956361897
635617856
680006719
54267129
699099492
800900336
268319485
530322669
123842807
982540966
924287578
527367196
4161154
668757332
322588839
886685168
558570841
49696230
754404460
233790730
833829345
433127323
866871670
925337431
942568247
585981140
930262935
292673451
487976811
287918179
399261251
726535012
909850970
594505727
123394877
942659074
960488453
247972465
839502834
61412215
819133094
758376990
855240156
627380903
574870770
566279107
435822872
197730292
773491044
906930627
124965078
834414718
221580758
905741941
635820748
707648974
557526903
906966362
430585032
522605098
677078646
354524050
887029672
544744955
283880870
351669801
989090016
814100246
277288533
368832031
541807369
140134726
507611291
301828305
261872656
362236045
598576617
205901062
723786550
382820164
829794399
987502601
532484967
720115244
419761560
995465462
309646080
873567769
570908487
707950674
519243250
748363263
68003117
515821616
296617503
918052273
453582643
687144822
160400540
287350865
583290120
376171037
250099284
310998477
927782530
931486798
493272222
699308624
92512540
246191389
799137740
967705713
244475327
346287455
58201897
468956545
584263133
606498823
912584432
19252455
768226281
785960342
28428059
234567178
243336470
12406377
330320192
412427770
915831994
489592228
939608451
633914155
128444957
221660522
151150484
803155509
870956724
901568092
841604724
745739674
879653302
706465068
521323341
238242982
548653450
306876291
572479840
904411845
445219368
930177377
227033633
997605025
419664603
529713841
778566628
918425127
724850189
709345668
255313591
130516865
716755952
335889316
454108453
461932407
989369702
22016362
487492156
458970142
622671762
865849492
971616458
560554393
182366563
207887699
226496172
345108713
488976172
944928097
493034042
467754026
767565367
862575525
840830361
447708693
590700299
641669346
447309577
866887510
820241978
423824526
93527252
59661688
652922879
502898368
249889500
329917317
474536733
166207911
276112999
999768654
815478968
475357668
31498449
644043248
456399302
713241583
289646232
3511825
109474337
14253495
847222169
231780851
935354039
368815409
602224193
187265882
929452589
674963001
714441448
553642597
119312778
39340116
679649456
552498536
180528937
832977810
307708469
923131938
795426803
247565864
108090990
998642565
750886291
365234165
57050030
416080546
541333370
583271129
175569102
128702297
789176591
910813125
392712789
42591250
158778359
727800876
8815328
322813190
419834912
446609482
876261724
458473722
504403453
942189490
140692273
909630136
427290536
534221990
857992386
406362316
82738684
104822437
76186324
116449735
278591291
275636169
543080175
99773095
118606475
312317890
720726507
183410133
61564536
672991812
195494449
831794821
909181586
29713748
842949280
698638670
876424215
198524525
519019029
557007813
596296312
651341432
499261574
460705953
373431100
560849978
617570309
685928960
144075570
519984536
367142962
488365225
592397716
49345531
494324674
306410124
806740766
813275221
506595258
739473309
754596329
916421687
502904287
564187389
945303191
432558929
250894508
672476009
399008914
9840019
782629341
268357578
794306443
244554564
937623134
906980395
572907629
850063703
543702139
417669335
353713831
579786090
120463636
294818367
863717774
358795430
243984870
264622253
212663488
858982190
596521617
83700703
622980285
61471295
352180486
908979522
646215801
951831768
993127102
883605835
214863135
696042627
324564521
463611236
782004566
611979786
520987127
638554754
363623071
783030175
144007596
187734890
822330628
437143661
264380263
874736204
319250343
526729561
139356231
978031895
193096881
947761862
537884882
786981596
73442852
776608314
84422670
379400720
399201961
981721771
695594399
927812196
419791169
225530133
871992179
984907592
847284580
855323915
383344783
78946290
488235748
767248815
477491211
641648056
888077398
622872423
697216789
295556046
469366595
749354305
79029298
276142649
325192214
645808301
556605087
534646807
566026062
225068641
797904160
956661320
547610549
52673998
731958599
525027715
118490044
10628074
283538316
982282963
786998814
189558908
335573899
107726684
653994031
280507864
601639855
493476348
233508050
446110041
433368394
518991058
601803839
341046094
969747224
11905377
11704931
5951945
368727677
477635110
303453879
845272859
866522488
33768632
722258345
623198650
182413738
813050843
216498175
476028143
270294172
73739400
446987384
558005255
679285977
613677890
293467052
95984212
127570558
110331376
585788615
739511018
659760301
367383839
489225413
569581199
810923947
562967496
267848351
846603043
563074073
472311370
398394327
801657058
698084716
833123365
63932227
631216657
527688697
599170671
3289700
956008259
723095070
258481960
595530269
266596775
211680248
665145747
180225261
831838358
299641663
530643703
272318052
791565182
863493026
722845746
636937659
504313205
441919778
289959645
391869520
549616805
482515217
772552112
584352758
999381813
269395009
613818472
928386645
600682279
764319220
387706708
605814150
177162383
451739593
116167853
417815567
306535007
963271401
109980936
673678862
386079339
983030899
616723279
617145996
176188998
932482742
174530626
603946453
715481749
53573494
823450995
916650578
30962519
28974669
731871101
64628625
148104356
270228474
251457249
419519046
202252244
74234068
461429879
125334801
991020609
492802128
849737227
116392265
655953787
920156629
520386730
745065298
741365692
658539043
926367684
134858757
376433951
320414214
422516412
428717147
522491141
909433810
139082391
272565619
220535296
887793924
566871102
645707666
707709378
336335621
534248425
694986348
752035784
91537651
545831382
960910976
662790120
429816892
748024238
566705891
930216580
918327079
1274297
157681955
159161584
932476330
779946964
680836978
75667384
547295131
619284205
187584217
659322145
840049675
559274017
925534505
712691764
987902717
610663909
702876936
654022158
563125002
1227995
799230519
50594623
114864264
899001732
487370549
849795638
50970637
799954438
952395243
536656991
603629463
228568356
868435305
439088102
215622213
482127335
869550771
623391558
323021468
797566650
921423665
264110801
975666345
613601686
397650863
692579003
30080643
509331283
953474665
48877588
29555016
773248721
837564884
169405693
64413858
204144978
319367900
552937887
778053320
899091618
173844680
771184400
488932260
180367993
672126018
840415680
141825090
342902062
450376338
623139665
939205837
729448656
328891738
642484411
993254023
846703216
160906498
798536932
371304337
350252809
223876704
791980869
46614476
829163944
808778395
241727336
455011181
113937998
907014574
853061217
934065399
938792586
716422403
47568589
265853248
545656256
219944957
871815000
138451477
872297955
145030987
177748412
215376039
491864168
453126819
436600772
894184387
147092606
853881278
26580554
283017649
254136759
531685348
153529547
498306622
391218814
206558063
80498464
155568841
623198963
938620444
26187475
123729758
969646021
838096195
109400503
699910317
24051663
393157665
875038892
334283132
722777628
600797974
769163461
780589568
386126778
881658069
451420098
771369819
439319583
614066254
932351416
792771714
529313684
308314988
131713552
55233735
672756339
257407788
335499468
474201179
435683106
800414987
715631536
11927973
945646514
433635089
432739830
564717468
655979854
336404379
817736309
182495505
659566419
151346303
365150499
226431118
899546285
374644483
822887075
782656070
711748941
280848491
308092710
462760244
348367876
705368235
418057020
298397427
966070479
770022185
449559874
114525262
631214102
534370843
776182946
907619337
440269054
29596592
339985536
128105507
815161252
943389881
579432831
779936576
261943251
985319033
706648922
52418819
733197915
466569635
104986091
574925253
108287028
877281161
638357019
298679773
897120042
5542520
891470837
343113892
888542716
63262246
671006450
253279846
199106553
903253264
294460431
211737739
438302781
805571262
797873135
191025513
750494214
138600626
107875522
477663823
426382153
286622279
551898656
609076227
904222831
554453576
458996024
690361591
866201378
47523031
653734478
164127571
708107765
294029789
851883993
246692433
633237238
168273794
459063578
639779162
290642709
940817105
507488324
712676858
96678920
751635420
333046901
421660954
26729555
284209682
221616120
356044677
347303181
316758151
79658874
535025314
727818343
317670851
580010591
45781558
526364236
937922800
228405116
549798636
338794026
440881975
688331451
493127853
614408324
665959608
399181743
357806888
201538162
227069322
644247260
532930771
72736910
708470168
886759404
500742081
753579530
812986166
854820189
846804237
428684738
561945220
762976063
33789615
167393961
643366183
695601895
309859406
598775931
58089457
402278332
261230899
846924110
775627624
805852644
194286674
279595806
512537302
793300594
497825165
119290677
962372057
734177522
589179729
156896711
234377912
939778920
115142412
336911973
935346413
65305357
906221130
548115455
83876707
173292026
733214416
750274298
681439356
826919245
145119317
361014011
807054191
362152147
240254319
134264982
446494903
676687823
481829556
924429856
521212591
465549906
686323261
41853127
976517711
756440915
978419936
407984727
516116371
631783923
938583256
633870802
475306783
293766356
306838082
170426221
332920233
524571313
299256087
178819080
316595170
361877363
721393996
86478006
200506062
316494787
363735752
947969763
63472618
665717082
722354493
984018993
71033186
111920011
855873537
288202065
732386244
366345722
650294310
327959256
971743040
260134018
27371103
168628129
74562223
428241138
778061640
634717914
125609191
109911405
10530451
383331100
468850113
253873136
351133469
495374642
888828506
449289619
887020557
420800095
988817134
521339481
194587633
116102088
236179338
658962875
581269853
493810268
611405628
466506387
870155773
719399534
40748084
652557920
406138963
683849056
261979980
671497422
661864419
62307335
396300554
452539383
973190027
776771530
427574151
574721320
637191264
896601733
554263228
969142969
282168689
365713197
585550922
189055339
224015055
357887036
240588007
468964636
956388953
834876690
284039656
608669109
385108775
939618139
954343447
426752700
486550685
569359626
658171679
552794805
764892915
275580460
221847667
242475566
902360841
465271427
544744835
379749960
804768757
989814183
839437055
119489138
843715593
363118061
985887697
276254209
482527165
984528183
733493705
40527619
551597488
339901719
789467580
133128451
662541081
109652488
763609302
445976443
291242557
62508171
356010172
216993406
299278229
90289676
514873256
975695050
273644226
677563426
805771876
684622052
880772598
90855472
840165059
595043789
953228282
594987877
379376097
258864500
172671209
473285565
733726880
11972148
403892637
279335264
123603212
916788666
351423189
296909546
151078782
124211520
465708271
678522110
746725563
184368405
132816698
584948695
931430142
897456695
384402632
134042651
867492791
929279276
531453216
839769179
265712074
580484277
370257950
74011510
203685199
447036383
384243059
249746727
996095
556015732
957870206
634224808
267174895
435244708
511125420
691021900
564332564
314559427
163502604
923971222
479952879
728495461
220175048
920087354
30353233
807132416
686714024
267501872
516225254
671078934
134709770
787958757
121984943
83798034
109484967
498406155
300117312
372919266
166095138
506649951
584328673
814014139
221525896
956127311
935660646
702994476
800600910
372811165
321559014
605637504
87749365
616659195
492307441
199030544
854280047
302660962
407374180
27763756
241138900
57169298
326529577
835575121
474614906
370496304
486191403
414407848
763706277
969009466
392150812
469525491
578394037
61765638
917635948
653243807
185930767
188944795
397103214
462798356
338129302
30987991
842489989
398861586
681602328
28845855
86847427
420971047
402994322
352363033
753224176
814215655
71051638
242483193
325055156
727343270
431611882
875888380
784061974
950899313
385318524
261403122
524801212
174052741
621378670
21372550
960614369
424818506
352350696
765276096
117988529
895012460
637780845
386046085
496832220
635431390
433836866
562946124
90729404
11917705
680681032
337341697
217750161
230560269
489205576
446830039
552997499
67992622
968948212
90556418
945910280
76333684
735576464
270340970
653403836
285840152
722753304
958084480
46282819
16074838
981805579
254546716
84533452
170613204
754306812
455676399
231680747
188477753
613269254
453021829
247505951
831960050
876612301
225763968
678410152
526683319
144334986
771347311
528629625
989175786
459283235
20507821
865691467
698992043
870305935
288732742
917579645
92551341
617911286
910067837
701786008
471671472
453134804
193971139
754424185
968340501
914299849
790381212
886778675
121314918
366557045
39550158
499076571
89323887
843790589
9411426
744305445
447738963
565582212
246115201
504947356
898461632
828100276
92344751
317539455
859134337
842381696
52469370
753948321
216610626
919550235
23917709
477953090
580357348
385589330
888793981
464230049
735300705
286926479
136625896
736959369
845939100
363615188
259189561
397321558
987675569
684982821
933832332
358829383
800701442
452328013
787298421
774096638
862124073
305973514
684507133
554544167
599701192
127522148
903531312
692695354
963793462
904397797
511576032
659056635
720949174
819292311
698765289
85300179
76189158
511582054
683798524
543934365
916448684
216711572
209964126
297707792
505062416
758673893
635147070
855447117
582867045
615125827
690920449
340119565
354498594
566856120
235342324
717764662
675937328
130691515
208218074
536684347
194241057
469745845
209834707
732542522
356200443
819576518
972109040
66915242
838824443
991084993
432725159
36259003
962525973
483050349
683792187
335431757
110389226
439006441
663837466
735534009
185225485
282640111
681448269
276310538
240300162
626870173
656202806
360363105
366035273
23892159
81110530
952946653
208426457
421053458
287452763
10043443
108477185
354052603
441489778
992687974
360391817
240178937
181107827
87033170
643282479
141135875
598898385
513497251
13737997
429301131
779078763
542465699
491291135
901642428
732013657
285695803
210370335
945882386
927336172
306345507
210431263
153941052
659799756
14051163
304961006
626435332
654641758
673124255
567744694
824436676
613927430
258890818
386778087
327033666
468100663
320449038
149939698
368324896
301252649
264382961
687975340
841268363
193366381
490399358
776317273
63976924
924913689
953512952
469795521
662740775
836310728
938546418
116344893
143091101
505311547
509056239
114984071
788226730
288944524
10028266
976800707
470001463
203758272
115056111
773237696
189517727
760789074
994078938
589893117
806911464
73298964
470053712
4737596
104672575
75408838
285585118
369571583
605751007
693662092
921963660
700051948
825540199
963869872
946440049
919363640
968497206
965428060
501058602
840947841
24251186
556621848
144529414
803708508
854460433
664808114
670255329
947434445
671569458
948480944
554086804
218911272
938187538
315639973
628406949
734772713
182487324
767487779
35128546
77646791
305798868
57217849
340707843
496548185
917713986
683644066
968948316
228896623
920212591
142433601
290835964
506030286
727151980
697677438
294200600
437395234
694527517
896425873
13522813
785008758
192173429
892723987
603863707
792793275
145897240
397992915
329161620
814679149
275609962
524657363
247941611
828678115
492612662
875521840
908876500
353903586
967287803
655800064
652113953
445984561
860656571
617116502
188658063
151060265
111737251
637823283
39232458
346171145
583107550
567616218
586578364
3733599
28000781
473122976
319034258
268301006
233955017
188671680
743930535
813348740
397215901
16508129
394482665
382873805
959584816
919933232
323894047
602052922
858710816
849272175
852738991
619818657
399256116
804276120
816090827
58225903
887624564
436228431
838425265
541710798
400507284
658511238
134881080
966604685
541029648
102201720
713906422
97959470
592805217
240426601
810204585
908498321
870724236
969883983
809871796
842106368
213193744
688807699
585209883
982824332
166448347
37361914
771586380
602456025
67705989
39683693
291165202
355588043
934111325
743871569
565044750
87129264
429203702
909339575
202932330
739726903
732615482
806509959
802987307
884095720
542219951
845860123
870763497
591305898
51104498
40256207
124029334
967126755
867659967
957646821
99905583
445714065
189507931
553474030
559740391
931848033
294051853
404173725
224139005
161105298
596889006
898944591
388766459
331333259
652048538
156074397
734849364
173874347
490187897
458557219
53149434
349919208
964481909
316857074
429092650
894379842
636871502
490097510
958126462
263566693
861781506
753641353
392008421
905694076
678615106
280773235
793006005
528249296
689613677
310182843
726727642
884887655
823745577
843742850
79859060
168932111
897415655
850735580
320372615
452188435
846510635
2009516
53343884
597413121
399232530
708189750
275657027
396477860
235414905
528657894
16873585
23434464
478980290
196097736
671128577
838083105
551305025
674199474
465570745
984110872
651017541
900397767
831827396
600967103
492768333
395865659
781305279
157450387
539954179
831016546
174906634
374795328
88051463
17380674
928785166
842418409
448774862
658953012
410057322
348990079
234002675
475820233
460229189
857096429
132414967
222177651
968650115
266275816
378716716
6646338
979448695
712474359
634880945
246971892
236043240
384929869
482761130
928902584
339227910
126965504
812313265
427564422
499926530
805651106
850102609
37652517
327931766
921547004
878274085
5068588
410919174
488165440
110027662
499651063
294467727
486648024
920434410
483400663
745210158
30532109
299547394
896300939
914254362
226587668
328658351
345807724
451427005
895301103
502140847
790804837
794162736
231004287
874262748
791513793
84025942
32968154
81770364
692362550
278249886
682900504
622334135
778896402
546494317
844107451
248471043
603126149
19055965
115267605
401928625
426314242
142622484
725026674
911144017
849080503
698320374
430600603
521543422
29344829
851074817
225943115
835483013
231757717
521093296
696004909
436060045
842258404
440083160
732226719
542989123
305861513
361169581
140055462
706781226
248326453
629106831
583647960
522759434
467430208
173899406
992087521
985266758
444351931
277199819
594779981
342591238
902890557
677237323
773781646
147919433
651715140
816041234
527575439
137392116
385534024
228383356
924100079
319413212
769319607
745075181
799765622
748133557
405436489
939429470
406602211
675376338
355333055
352984330
566794854
94358246
237960863
394627694
421109890
707522411
362334868
993634221
762807668
579078967
922172627
305761994
134932588
910787102
86306430
576073012
206383935
571332073
837534535
567902178
420743464
710066993
987644300
923250245
863077870
13855646
955777793
217961469
422169243
767367161
102020926
821834201
776831441
310629070
824026054
324674986
614251487
318983070
312947611
786294381
707525100
131237379
200921544
825032567
824587865
600891654
57202420
780353110
680821744
273908689
270951134
476415189
341972598
485276533
498284967
459280842
909811324
962446134
181222068
789018529
580072613
37055006
684786953
638584432
302151116
955402851
200356063
494488116
634789132
755614966
393050613
265087856
111765941
585898549
179835353
661666033
858259772
996388321
675280433
162866836
858486733
161222424
290704039
963494732
370289475
898243782
399532610
154703039
964372107
575341222
656069706
851872255
837421427
614613378
460815465
377578433
386470279
761837660
131320161
694392274
86729319
396573560
256627543
88576470
894158020
104538453
575196758
258137325
717124615
525658466
66293647
532151102
319941166
867571058
164436645
45254667
298172384
653474550
579236956
867116192
307032002
425700151
422207262
935444687
141629403
399475596
30638308
311597756
635301313
576668847
156953975
536023233
78375999
41731554
505515493
683297484
31030789
582103035
203875872
296400983
462034782
549024922
949656767
433062310
605107362
816554346
722235331
789556045
639937642
638511773
990647517
106676449
562220922
709858742
369181486
704496528
412892813
620767859
265893012
570102443
77934181
513783848
119261276
80457958
748069739
173971775
459440969
638582760
660923561
751652536
46083914
315436973
204959626
974810482
191975245
164302659
360224940
492593580
852026005
769857448
233955136
516969987
170056925
665856263
386261052
298579813
173618908
105665801
221122085
469566935
272571308
366464640
981434831
7958073
985185307
102114405
318122130
61295377
81499643
284850022
257783961
181273174
476818312
111354329
584374879
422622325
35903141
832232924
769295926
407759236
422170284
591728102
136779309
91963565
134959978
479365585
107225591
977668157
992397744
724556894
273363074
547424798
207867441
571913560
331622108
887714444
251895759
797937900
525664004
29329996
805944774
152929311
754049666
422042985
780995615
493355737
608659828
307703451
644627026
241574610
602898282
387441355
913037514
260720724
918220889
49143286
475661565
509003032
55848485
612195656
390196521
462273034
758881088
219991053
720076828
810599924
237660323
224453094
202003052
357919002
598340373
473043781
325251450
383582630
618675592
935272111
249363343
658804245
556147547
819914921
530864807
647148103
47128923
826041878
408665481
431996111
519605105
150369526
194650148
837132336
245511755
824757468
510618685
114830516
279616727
160865360
15350386
12539826
511576017
680742022
576743351
146307244
339990992
186003751
979356569
218993045
522636600
767888252
23272480
946927039
855634927
385719945
641757652
669733751
93003940
456162820
99451704
820807638
174336275
566331948
180754877
18837521
518498690
189011101
162339686
945852661
726095279
597102883
83467212
586721001
261394063
238049772
461985240
315824466
905262426
918419080
150708324
560222046
332775538
520368548
481936048
759966162
414975745
951118132
33756122
755399774
306921830
572459525
557419907
539887255
339050844
434013939
318369863
381692454
331560056
784425040
49083136
307608095
558758042
399258830
140254342
691372772
961197285
58528403
809683381
193954352
361287863
633394861
252551697
963139755
167644581
812406208
446769747
563590287
219668466
843579232
554584898
147886118
347631882
157888825
674206158
723149605
335814992
845098937
165809744
74133331
877348118
579081667
620135039
492265311
404340346
647993823
370894040
624858110
511327766
105804847
684857580
393634938
599271476
222132957
279761887
814690413
27464575
470549569
783096114
857660352
471553167
175593584
731078150
869231551
753103492
550192463
798155034
57090257
275555582
53766038
395304054
427432267
756171331
593119124
287117385
972421538
371945537
619033254
654241864
466675334
901881670
986992932
630990606
333933278
137783029
6823543
334570633
371119206
581696840
579812927
765896610
741909275
626144178
886246636
750967722
325802917
610229237
527658982
963470693
205036885
239593647
314800423
901200757
198075386
439465096
141761188
768088963
77943277
421317520
563113946
852331930
726395773
406781525
259279031
110442403
551978229
643036842
556981807
583707247
172711614
721572479
864684364
340809856
14740239
788978956
625498588
905178820
865917512
239554918
903830198
55686163
960846476
134071292
321084205
701072613
823950041
95489260
501141828
327449305
470368994
836303262
757450489
937965276
115085493
488276395
791432767
92523762
843117638
574090905
522451437
771071166
389195872
503747410
979633104
668297393
234173240
940860372
642960832
597490070
49376323
549067913
899821465
536981948
19823717
650789689
51281461
589979275
962235645
722741960
68433173
691154277
658797447
429525036
528557502
151083587
221805572
98908977
970657467
406886481
158609349
957902395
527327811
346162118
901560079
65448184
267146887
787046389
577340813
4311096
844266918
189825588
892315680
847129454
392090999
349472690
342523150
345430528
551051060
86516719
718328055
657088324
901706785
713950785
670587195
944702865
300277030
405823067
785269120
585304981
312889976
61801856
890194803
569908298
400255500
733072643
953200399
893848205
780328975
445205803
160588562
47696710
639499456
399702091
587144965
961944072
418090820
785597785
588122788
861442030
687957079
514992360
620377713
400383803
525375589
194786730
810509494
801972167
823468864
469774498
895235678
425275288
722268225
771138557
723070639
287186524
187743733
10606850
248936972
101697327
247725124
217963775
661410241
587132679
454282475
741496110
50978656
866958935
41420303
345069858
661646614
443689760
714938648
514329657
858454923
307142071
54759614
18127459
465366414
773530341
846316831
191617574
434308175
887079758
93370583
474805691
41215892
41878743
649912801
104454724
744093702
432944840
664918255
584030558
945934189
731585759
281825138
292920774
11810690
266109721
352367321
762162758
710290536
622207596
995877857
538922571
264458500
516716069
317129129
375973192
836481027
773428506
422378749
206042142
953788077
333649627
831285114
518842942
493272133
557623163
477267801
177488674
604596768
160995896
563005147
549649471
54090802
209668393
149729334
77324477
149995498
821928564
462984194
75111406
876952956
139294805
203629406
526624131
735841915
200048595
579476717
580167721
533892771
726645310
772493898
492674243
989531757
657800570
387171319
392261155
558938407
507865598
409310211
448613856
437870963
382253648
289756221
281894011
462930640
958760762
914496210
783170367
137481032
355492703
803079663
515023973
416660829
988473422
993210131
805545799
309033259
722769125
33556135
610522637
759223082
306308352
657412445
166318731
896474586
503149189
51081426
209945718
240681273
114111764
636199134
573410604
96668299
257154354
746211425
781680272
830141696
485506948
178181670
53803624
960441624
270501167
72556581
514988440
969875220
146307372
572070928
968088798
881878757
623394218
126118921
397245048
800157707
278108671
341237498
182772203
249661792
744176059
477411560
311206159
810124829
294687319
100144815
955944658
834239460
988756294
53002979
558296909
165520633
592794315
335619342
283705551
582377046
380836627
91761025
234037945
360968317
154206524
203694056
826058507
612145484
400481032
90092534
836291250
785278071
174663901
634722845
828175928
41880119
929037954
678139826
447591399
447816782
735075700
594245730
993655360
783103753
153417287
421074830
493257183
988554970
551690849
478286875
403355100
856492666
463330632
973251717
886612224
399131733
942245062
898806905
993936703
422101395
771748956
307871816
569657723
723467895
618424880
349592234
469618287
181499552
73176865
322249188
778641951
760468430
933629316
385584412
201295800
59521701
470295794
873659443
772237665
244474915
685627098
600151795
651701841
67404742
989246959
282260356
747591950
151022075
940758862
719638132
429914999
29653000
517842233
497844887
351687261
567190536
684654232
185705449
680290433
333479686
604649541
260592283
962782632
168448033
567996422
356170921
644553427
359534687
291382089
865125324
728524887
853751430
736150036
433521980
51262156
244209063
291006838
831224479
487287540
409216369
972417141
567380780
420725571
865638010
679461013
412695462
49454921
752596611
39360145
860384410
763619656
823654728
55290632
977577538
392180709
381644467
702092687
219027973
70738062
641837739
326845503
412952209
223685322
88931429
11033305
699531584
90795768
691175742
390292357
68933471
921511155
925056628
78445555
355897930
199840117
800390850
784832188
725829057
847090209
553724210
206646843
518111424
555170242
451035253
855359227
858157584
879262530
413489193
917449048
647312527
909486059
757469732
839235697
10120785
428451539
691349785
219657467
732084526
323059345
225867757
544910202
108016135
21746977
638945692
844583610
116442430
413848583
28503030
408263281
686721890
416802699
920514451
683932372
379742432
184630505
189374175
945538372
101777457
744853809
772784082
540815776
692004031
606713946
369442886
845618843
119501768
304085961
402468734
519976045
799080771
764494016
280470992
704065606
939620425
562247652
585536002
139726028
603882402
547056428
278413490
777008634
386616667
417719294
340635515
43268234
997545193
779077763
706277998
720657503
549896106
787607355
296956721
272846412
263006275
255547064
561077433
153064362
108201381
153220235
677273930
226095306
737207211
641535556
332781787
799588822
553150342
567957248
82359888
571758830
264554018
854598476
895604400
886672821
669407355
156763925
515765985
613544376
882892651
16523851
723999221
622651239
460538595
484213100
479309496
889592687
794229086
609579898
974312492
537590225
363115242
706250068
634952036
136047198
912686413
394084350
127495963
27322917
69576269
883076001
752113467
9884670
436296069
762757680
735169828
541991361
247387751
552682164
819581047
928718283
207955007
304015345
322464389
85008176
600925457
471662591
137656109
373299683
118274832
158150721
758862825
255473601
784000012
634565858
947120197
620988814
173911088
163879448
706167990
164937301
39282170
728221085
18217947
2073080
786772332
234270588
569552314
883616588
785749637
952768620
938158580
111430351
585448261
638893577
390662752
239407156
652334759
715529649
846181371
885346710
378609319
358545607
866921693
528378811
311413305
45403438
113380972
806416397
116855299
828227230
32440153
639979668
705510409
425572497
642585326
318701146
508795125
83670452
24670724
465011682
76239897
689769903
248450806
141181276
301437180
870424404
264472142
152900503
846326873
909730026
152586170
371534631
778682291
406103290
837942532
311016026
396797976
865685876
663889797
89476479
293328532
90759257
249501448
637951907
839079318
53257844
54922704
819771803
652919370
332422259
880143242
92632922
289490472
406517832
321622691
474651656
477539973
110251772
72441466
194699587
309907520
83165088
369609965
388799297
98843715
288091448
474731667
791122931
694523936
833431503
322209912
126703099
516577589
728754365
142349032
837565903
507310090
158437368
974272356
451670782
307799892
518840633
747960940
667995526
872750000
520275295
259307818
594275780
113886469
931135526
100870844
919523579
158764211
845995303
23873599
490897843
542499822
827969466
927783774
672917907
69084362
591070387
404594199
511582552
333620504
938091297
383309388
698351821
829982346
674472991
165010269
294919626
830669843
847689458
521181178
341758428
351977414
400667960
665660852
690767437
629543967
190319354
903368452
205259925
360243824
735291835
177579430
488574319
774639569
740823841
415455022
345532007
990422270
342080756
163438907
530063578
185884946
959020711
612689172
187853670
597594206
287294443
963054057
81917635
196946906
458138021
366619278
796232537
547213779
109879288
719353276
217842905
287381552
823515834
900439391
841061555
338582860
612239741
263054261
800220194
166351788
958979821
559530307
597179202
864585225
880772780
697049263
735344473
179351139
652221191
594532583
450659889
413612385
941021152
821957009
367996696
26258053
755041254
582953312
445708705
726081650
307242826
891681305
172235234
316794987
200649210
139104628
644042825
849808518
109959382
642739309
298279603
344905786
691995932
311864522
912383483
517464829
792862005
121023159
614899013
312853539
505963006
14357866
86978582
972908787
65856767
643621681
55987440
885789538
428200637
252726820
370669339
881170909
388019403
879520391
331563058
886052353
588841577
64072809
125834468
239256589
23507898
249525462
114932754
486854020
705189854
543058098
607583885
344628662
441559526
652064907
907230728
122872924
923942430
934613486
199257584
301417788
499214617
875686162
774640303
746270433
419005209
11178384
675712987
527910299
716140266
597160628
195148215
31991656
660105653
339052826
684329422
791692356
831819316
324404391
869596994
889885357
786711339
130946079
580073426
652307576
738154760
822624854
350509377
294602741
526280634
472646881
675275842
600241367
162576222
350799500
957873239
100051774
360443302
416045921
961023327
423926776
893416415
203442100
603759307
617910160
370514869
347939500
939983272
618246754
271555426
668445854
564923658
213191755
726359343
826036594
950367531
661254358
15435200
773068130
917999781
273264167
228713563
181129274
884858983
23212224
6283568
804668536
91780709
466442039
381102300
832562471
429701691
70792746
317629339
908392519
630875222
497605935
761081352
40989251
829871927
994263500
522352920
373560307
720819207
380642821
936698840
215890120
99713920
678076352
656343663
370491322
607503118
923485516
436278816
977896627
176932855
895314381
910598702
295696704
105088201
781006017
296211341
261710084
47297559
145761345
490644633
803761172
159912264
935138601
829508292
238630067
898578556
475237826
960785204
45291391
491160550
810673086
148028507
805226498
912594421
337249854
673007948
100964443
903776276
89775553
572591207
409522903
583605474
548577996
16973586
466212496
359805563
8885031
608574454
633440122
102249288
444380477
501306446
43904462
694143865
484293484
857623382
602319259
833670419
53475146
436047253
137807363
811268996
383888264
968817414
142260642
206494703
112811703
933804134
343756180
183988758
598162342
177241243
316689178
808695172
741450477
731742651
733938289
721655194
183088080
293073281
863770039
50793097
999398183
758623068
925907231
172490081
416249166
705353740
803684331
451682581
673802598
97132667
512794894
999244557
598468857
626786692
586223333
843726631
960465017
163646335
748952291
868529393
364916680
838957938
796702358
679100990
907053567
851265779
538610958
381400713
478956115
547053782
473918523
132028168
291816544
953632822
180142142
628151215
718428240
990958916
861322835
693025399
863899215
893430146
944094516
952926806
600562131
641191580
433379771
457407917
376581256
522202632
497987440
207847787
696341997
937649546
224001884
690364289
946669411
314089377
609964149
911584615
734912816
188094467
718583849
575276981
930050209
367350343
253317210
694666179
84568455
139155940
502741417
602368292
824189688
529935178
665953765
676878036
473172610
417663017
22699828
768450729
201776847
253267892
590145108
301232529
347996211
874733923
86312123
47441626
126142828
546486433
641093814
390298377
211933967
966472580
163147448
496756102
353040362
64485301
929593911
468971414
418252133
596911158
877927351
490134857
570593840
65613722
214299882
951345280
574445999
535418192
915554553
292721140
255893684
949608967
820862696
677801328
387365779
682591019
844048413
347019326
780806386
483598129
974921075
196872590
396075965
251186770
54449400
924602493
863995819
921946529
786607882
658367700
53985422
559517570
91948681
556934851
640422503
311498929
48710388
143376681
237272856
258077732
335042946
158853260
709775542
28749981
324782395
845588523
566225841
523161842
498598347
942569686
489988843
637469219
742643170
989353959
277962833
56416034
333758418
509147991
875175945
837165153
674598637
622134852
602860686
985509862
625689005
557267687
297501970
678078775
523709246
39126046
745681022
923509326
931283814
765582021
158397828
138415529
473132730
600459287
327055926
666209238
360852143
911765244
929375725
985103423
862957629
882494591
783765616
20095089
331604742
523391025
984102352
603500126
752060943
187621071
442527004
253025256
880502670
204764840
92565779
444379165
275521078
24226625
594720889
449733328
508193278
97518299
281856961
741656445
124695273
994624809
378577328
117854313
783625053
909598290
787284580
756884398
50530104
611449738
618700474
951665628
691848118
543570737
477692835
203204778
904058830
551557381
765279965
867594090
13420408
773337918
94794881
614360436
652429035
718285028
180957646
899764895
625104325
14233882
224291989
613446183
590128444
48665444
409314737
772530359
985408622
272976863
763828396
653098815
358570211
466516277
958298828
19334870
683317253
262321363
189491693
688616742
346535163
213820213
280342927
316148567
515302650
295414689
376021585
986301432
872382177
350395303
349820308
156986299
735208991
397953555
357650271
205464667
121094530
499709609
713305163
548489984
104457592
606217265
147410665
743041370
277379263
501782881
809173059
97773108
548900437
685148647
988694285
471795013
949808730
577668710
465540808
304471629
558999454
633150791
12916351
124160876
230629061
30902905
713347558
944451948
537832837
676244726
950929966
483172114
576109855
6134072
740316224
276876076
560662193
937611008
389710284
100611135
11274480
277408167
154791025
149687627
59572070
398657761
83284751
760227565
877125119
768655936
928233657
588902813
131240035
629252705
735817590
928896
849617368
104130772
155199093
658744798
882490434
484855419
388257312
546902864
904194339
741521127
229379390
562020253
5875944
610712987
363457808
530447644
859914342
514966504
346161544
139500044
674113024
818404048
19968894
785196654
463903159
992360365
217430238
492888982
460268712
256559848
883639262
30104998
269722872
839151673
48348256
229246685
821794932
489961702
481007944
898272481
137582781
764706114
17179367
255283798
147296928
210091113
142167882
200935092
284062303
873940547
678914963
331907761
408329712
577917639
80105190
708736069
851570517
862016513
227678483
687997139
879009227
106375229
860731073
7430857
94339379
614486778
166845360
52831090
569088952
809029107
992723431
837157344
920992997
637849883
307960935
787785434
483989480
358275790
111084842
93144805
297913477
910571246
57512784
782755176
580637690
254742863
40373454
652289353
139075617
899094470
771289464
36016200
351459076
793413265
465630819
280549398
663326442
701326211
675710528
8302689
530191605
279990532
19441605
368134537
894807942
615570406
260469755
261406072
66334371
287127354
806882154
497551284
389012032
999286077
437306209
621765880
211966304
86158169
95342328
463561332
818727735
34307460
525234723
700428117
640590
578446244
228853663
113081775
4884066
795067632
576124548
242556046
173604564
811329273
926773958
899094553
227676455
997136989
404511318
277158183
626581583
743423311
330542826
347055793
548953675
363145529
324638722
378173156
270370259
340326191
848082093
891500622
734349708
59240406
793068806
957230229
218208879
768876668
168885025
691734886
248421675
381623611
668170364
576906500
991009470
981633829
501750847
730757723
291424369
935957520
813030889
903538994
758700414
935801694
178821195
781528414
424502659
737789450
240191494
644499004
735919795
742639309
989783882
431334485
174557198
348464082
649819202
913079342
704283238
285231188
55131083
515516778
761436479
619371032
434855357
518139153
951468420
86057995
900265173
870394937
247908717
324671746
44447645
967080055
837606154
257985724
962805521
527469229
153111960
519645342
697561438
405039194
276001475
129601362
600953186
874916798
394765497
358321835
495136647
36493579
933013554
478478947
906942453
885568483
807645444
115310600
929672637
270894512
263457221
976027282
17000268
83174922
456800624
169521974
923089811
319651850
515570602
847717354
997796271
708518202
660022659
800972433
547616609
859418280
569058598
208730932
607134530
946138507
953342292
21973254
601214023
521750386
211769721
425000946
64640506
972420174
969394269
614168175
219992169
337002680
640943276
248999051
886877759
230589287
262479797
642118701
5798065
829042237
260296158
682365817
724681480
306692025
270450567
271060613
26056806
963608434
277073116
656113258
570287833
918532049
257490851
863668590
177159738
302064436
339711118
548837393
488418571
611720666
641400986
414131675
235489988
56821228
29538426
549285175
532059589
997689770
68784699
983744550
56047536
946759491
142446933
120212428
223425851
639629212
226497208
646011604
787280268
737937096
938402806
315197426
43594833
536942263
756288540
862248729
659644812
52781636
677898335
895545690
971283091
909659979
823395001
252377514
906608327
564367406
562550241
833931757
668978814
767225264
668413790
826637147
167343911
563003859
685589966
891482837
549232217
622352092
936813595
334737831
481622963
915300813
713366281
562189665
610189588
916777343
271801037
659244405
767175157
488630226
429634158
679064322
507155420
340614726
340495958
125600839
361254740
129673762
743599188
225989774
839182774
685580050
663845336
336493195
614806802
804018013
786951489
162938978
331562537
984297626
716624313
427643458
550001894
15511048
645059025
939367254
199874895
439100330
51867810
623145113
646865178
35319945
308179187
403081560
851064531
844659895
610733469
812600560
848276823
605403435
875670225
371977409
365396574
805953195
765018049
111143142
401912302
88190284
435733764
915214157
895670450
682910920
298706925
871496127
190193295
818859054
365614583
206205475
729040422
777695196
602505367
540167496
802294188
775162854
207924610
433755909
735503126
826147244
415040309
740274748
691845054
258584017
62881854
562503019
272137435
778359273
141883453
53271943
415764965
12323860
97934566
760893720
959291113
653060962
158575039
135701330
569481600
832438440
996998411
315710031
48220947
917594091
105334817
497979646
329060911
766505017
224408848
391880837
435794252
496686084
263387795
893769649
467355985
922703496
273195109
566888470
126119811
570736112
390953964
462585521
753252869
586904554
858349747
760536788
234537231
652481854
693318891
478034604
971968407
961555791
145222280
269622068
882407003
119628609
762058612
998306675
311741915
899543965
353705953
76839720
2730873
304633553
180230774
764890991
63657328
200089486
544538293
940396305
585519147
360384703
381509536
179761648
693469234
908661865
594557746
975782065
699834700
304799666
38247076
666380263
518340730
438913554
910582256
343771466
189422997
975939965
354775135
201713065
226468255
491163151
858482062
812951636
564504515
627679450
441930634
397983262
139425080
93651104
708782605
64106323
830187839
505880155
936773035
520995023
987258591
656782708
791638674
47891560
613435569
598334848
374932261
901798798
417098780
314157522
526746527
495337040
601049895
13816075
448826555
711283682
409910223
222220682
829619424
45960941
409538747
993405685
420765098
191805404
298812154
605228639
908614570
682296801
298411205
597981479
989787239
579759421
9678100
275663513
215744833
613487539
848880422
959164220
989653174
169214185
760016880
144923393
367933950
902209560
22918307
750492662
5685381
476455324
703046397
448632636
694821476
678477604
834731241
622707284
201474685
657907047
395797911
651234769
943589849
573534148
97081491
916510644
485380747
801059976
23051594
342761221
144112780
443802487
862999920
937793688
152435619
19254596
157037866
220408426
872726740
815320194
618317194
346095699
478930117
736694799
264713513
167661915
704440501
932206828
294551569
165370405
274341246
633757022
919705692
967301061
47571277
252145695
831795117
658559528
171462063
122132566
260246826
927490259
433634885
222590347
461036401
110376973
394631644
883226050
300339757
819661982
889399386
952043116
581414911
868016380
397807249
22502425
315961575
248469007
744271287
563136163
666253175
166392697
642380610
879454709
10676181
127714190
206083540
117863282
649036224
348697888
32721016
996600622
398879579
450629140
190019978
311967637
729409538
253831368
15369531
296643933
161900751
754567145
594829890
522033920
159334723
603831828
516486186
817949244
852214360
616822846
857757347
222935173
463473215
633529950
878179722
200176748
24984379
637520687
525031580
464721673
586314789
558624386
71020205
897939707
741749832
640187140
271874896
505700007
610202619
248465254
935161762
731723256
143670847
901374805
679928704
882022130
357721941
806053011
385721451
380501390
965255063
403961338
955550790
311784491
261327701
448661154
431784211
357877168
188761478
564464062
342040804
400879972
509626384
681937117
611600907
23905901
99187581
71418160
427133809
168980731
715909036
58361198
797631707
451498585
367424746
810141659
871011097
809014890
375164134
837745794
858453037
981255997
878362704
312212250
230725947
247105895
6023610
954487951
184472888
550748147
264264715
434568502
242234456
534668272
932056107
196265327
10634585
394164854
866135650
78137040
372651500
440337915
781285461
895376608
345188279
864419530
654770727
339756520
719558571
851011149
201060327
355645037
722696353
168686807
126225830
880282568
77198692
417331511
192663735
413183269
44991689
792336960
36298616
412643968
700672323
146892488
946349500
855193731
994856164
898133840
974593874
133075965
958326980
38938327
300402289
285167545
255477941
662233898
567760522
463078637
511915786
339109634
484412247
540773523
495466502
22420690
654930150
931956932
410497306
62053437
299351452
302338048
937890323
191006206
873208345
621323576
19612899
799603448
332335472
152618752
641257583
260590831
773116733
680918597
760840698
862034995
256718784
651401098
465396727
261742052
959988319
808694921
121662117
244504570
886122369
685403541
914211514
145794362
187335133
9691707
590559639
225284669
174286923
730233793
94338691
201302361
6496299
712409167
17647281
22206643
514959633
461581666
871388714
79959528
806772115
714546478
504873973
683884443
267872063
553277255
349857297
713839563
37496948
960115536
686485455
785795429
185348211
815861289
681232361
166449582
165386225
826501103
362950128
132827412
604081905
777421410
173360965
149918001
652220476
659674705
896314909
41889150
731398234
377265969
936560101
443591645
644400530
712558054
526810545
177337127
409531203
898018690
605820646
265905381
656827549
512568533
271659833
511038752
643566422
470326910
181256484
660413981
551268265
761103068
36408733
752504390
146837409
127670089
988079623
452532013
512849960
356561456
663947413
232104016
433536806
941961866
66921038
532673054
273156968
628237993
530053109
219655931
177181120
510461666
798415500
811651581
181981016
411034557
861346666
722157612
828731013
371902720
692784190
758349927
681919650
828516873
172225378
37508138
267932594
693936242
153046906
582949490
371857386
422526911
821161588
904253932
984505521
786002017
600083744
795087484
33522557
982235661
787096609
246612891
333572409
545192967
724626041
177754344
106673009
450568978
363423046
7930017
330170778
233925388
691031402
290428552
16587533
588108085
949658014
981564710
905783510
17403948
459043077
666964582
430464677
311019769
818344373
764018348
75632215
881056087
18366237
350735869
36631863
309649736
654845903
181799209
989656330
756999990
75273164
969042807
980938313
134746884
920689421
34488873
543641678
383062556
653920216
914639392
259584191
301037215
52302738
923994005
64071146
461236289
954807121
190868141
132441668
614461761
498167598
651787464
837013219
249859105
800630072
474787365
450067570
170378883
682169904
776098960
777591301
829531798
206089738
30460147
561477433
880730852
703363880
193763104
293263533
493696693
879514747
500955763
713569541
295412646
192140091
670192389
601334035
424333282
905777159
710425636
221225172
410102201
970190197
401495517
929343120
611951310
939712435
75901864
610480104
254081070
547364480
414028187
806822011
54298098
949472225
309989627
271155178
766861351
724011612
437346070
430651138
571210946
405962568
256609848
632311751
91917979
574782054
725859696
119898400
573209073
955941173
857498702
506142768
181281424
367209042
673157120
395337327
892811098
40209746
300317581
871004741
470043983
214528249
433469942
968975051
640602212
761235115
522705897
183493729
603266591
826276882
653823596
108197274
34561274
843706475
514057889
580768201
556547525
274737552
252291866
182907672
511706218
962172168
694816287
608211255
618985502
275228794
702947554
715209175
595990965
972320677
451806150
585408243
712859424
281217755
280955404
572571557
406205214
245318258
844261658
920637417
541631634
956193203
121761295
915127819
48544495
35591773
246057016
998182791
415855616
779242084
116264227
822520349
473557674
574703567
566365328
320848035
244119188
71605440
353624378
315688607
25791825
731928668
643124181
83337879
381836021
452560691
145478283
372029104
481616522
58479393
180185254
128730911
878858776
675941840
843136857
737929478
73088114
127512640
139441051
931017549
538829022
245695016
823714520
122210603
560196937
580965479
803609820
297249654
556462198
26310516
313293304
481402754
445042528
19727893
93769954
736633616
114353645
758445842
906487381
865797295
388917296
687834590
264451054
501872555
688104501
861622163
901336168
950030046
546644321
527089829
327344072
377747658
71346920
667265480
168796742
616500255
256675547
836593214
853548038
292640792
52151528
188632816
749107820
120897355
904254512
717515780
57498285
272543175
485584931
765220978
702369302
623097702
236351303
980111003
29068039
473001171
9347163
950237845
311249599
727799279
270620888
760785341
357205009
501755900
776761451
825983998
899025548
727437451
634996358
697665784
20554151
817792380
511199996
553652972
730611678
345061028
23670020
168527587
438184273
934658018
800768416
210258783
700249284
858639931
457295489
782262139
918276464
392728368
906011293
676033224
498923069
925192460
728378135
454274244
774003489
817961833
418167657
769410488
114253116
836838045
480820647
947708177
705939775
71208606
646357085
631923139
395456316
339367005
143144393
86643770
620105023
632118845
152506107
517675938
537023904
495771446
690797628
822873599
523533300
9094922
325340316
682064242
380002474
261792794
745780829
20392517
416938740
66052580
550954498
715469930
223850832
540055990
266444940
639041483
175186278
638848943
567221065
925140882
495511811
974358309
641602670
319926341
820393560
636927389
570220633
136032149
911753690
742405935
120424570
785137083
493403613
866561585
856369851
203330559
652084738
530945035
188331207
587099361
817283840
955004375
841183010
805251435
885036060
280590064
785716435
957441429
14342701
976628970
631665928
147645524
498583388
414799918
707961553
528267743
844304965
473684049
410668286
655075166
288443749
443961889
540770170
360073540
380339586
227666196
195604966
409447279
440659774
462433379
701989555
921684916
336733650
419035193
511260688
239805451
967932871
159190102
174949853
89883941
383126678
554921505
203355573
959983827
76527773
749363806
584096622
127523827
992046600
778603010
226422274
398914668
207383273
774146799
520868408
468252819
349173665
996552614
537169613
497050249
290711153
440651643
146571480
146985018
139331695
839058901
98085437
489424424
277573080
57197482
725114879
193136961
177824792
851539641
636339516
47197619
548472631
120558061
378783943
983658851
570072224
682069681
993257235
418303037
53481751
228933681
612668282
505903919
742486458
88221941
180557993
521014164
431938561
425055311
178885510
130278669
870038708
64731611
371492920
209481369
180874692
512035718
78761733
28742151
358891961
641675283
192465450
341650142
472942841
923134576
301515460
1175534
779072639
635032048
726330767
967880113
551687698
530561345
721108094
214111100
202615263
27004622
449404141
996551856
660448270
869264347
99002742
633956462
168686015
887459672
517481980
137398280
168271708
174064991
35070989
395385947
343713957
87276601
551149249
312389907
420854116
13104379
451711419
627968552
541272709
880568678
190240923
751544649
729753799
758508012
827923004
608792026
864726781
568182929
428880597
846687434
233610643
735816055
250750803
519013787
630115347
868820027
705740731
985634103
311578789
918245383
468262004
452147371
120298549
386137947
855840751
720899749
87650486
686125984
473921644
988033136
399182559
349471547
409603322
360964772
20635149
895888514
971206943
964530846
78220317
511317211
636038178
406744816
888791824
331860458
132957782
351319534
228818284
535997169
464159330
772613641
456078883
480188652
696551958
146728338
25177705
719971950
463898209
739340244
229808402
919342250
230461714
871318419
824201722
189570374
972982761
646793336
774177251
645770671
316483911
775982937
25055531
334411054
589064881
469905421
641493992
866121526
574294137
458097740
500170485
339060708
424959096
658428620
200029943
892612767
750896388
607724849
766358943
914551219
353137414
317323987
546431603
847063417
598682853
359798685
219993406
25784289
356733664
127561933
135356287
993928579
68241999
578758909
378709110
99409574
543784850
796623182
316335075
803672751
940880230
630714199
172144911
810286382
885336041
890241116
963307454
765995742
91924928
221368080
927323157
241989510
80427273
454646692
127173019
891901999
438481557
502392861
857939356
163968380
993179461
438625331
640640275
663460393
181390081
316236183
621119914
282055448
155905976
970539787
982202993
276367408
957004686
270300701
574264442
94333827
491871014
485246176
718309184
583604029
836238469
659248789
697168443
966192492
247160667
110564319
982925646
438511517
906271162
912806325
468036749
926546497
819573937
799452186
257709435
65911716
638954836
933066929
310716568
1837175
172452862
322944788
86763905
81055398
185530615
46653254
711657612
864757326
155103018
102782059
3548139
587453320
902834265
501608384
221986881
33845376
190971970
52245839
889149347
596301789
188955283
165903182
351286130
830533065
4915455
411186009
614007883
212468964
300843021
273490923
712414988
606904090
280607266
711356382
262694065
85968897
931128202
239269980
823861169
724652790
499803444
410952269
1166045
457674800
355690741
132378839
884014302
894545249
144808778
663359871
578596400
779127774
98873610
339125082
644384561
818268592
793957608
529147244
677076122
569849115
391127488
255933082
178042513
477060274
1866133
884022991
378106791
837334618
293903260
836223811
568350680
975921454
317512419
683925706
293824867
381484730
598957827
763534176
744552165
711737256
547407523
539352319
339289251
686224948
217207434
471603908
109329487
455651052
143019252
120818566
716040807
890466403
730621255
367895443
107230314
605374637
529795981
564470786
983053741
823013415
186800119
40771487
33776723
89798474
2583630
223648990
739422819
475300727
379821748
489306001
283827158
488983903
98655898
723436949
281749552
212843274
189033332
312049522
442595518
143436886
498058628
419505928
859734562
564963644
505003362
77483804
395483049
221584075
820391517
131459688
343238738
94169950
835050148
369783233
702215442
839614991
357484798
496254296
699346900
569208663
388195189
880531501
364635090
52545915
585618534
494404189
88830569
536672496
344696793
268235475
47831203
665224468
315057481
610318302
48432595
892636645
220257542
223756114
756004056
585122592
997473046
990024991
906168774
207341787
398353446
333391876
140111204
875646981
185958103
254790823
147080423
339029419
737429596
607278842
274595251
325236138
283756997
326524891
658561434
489915497
941620541
116938986
331517838
36620014
45496320
978344120
568802087
158343680
804687661
362061666
786834388
345384710
737284848
519096485
766250508
689684022
64737495
858870045
400817652
540106528
787484897
230437153
40358636
161567717
722504142
172550751
54807847
716696473
863131478
710200958
483927129
647765568
870115920
591981655
832127637
95730037
743885518
46847218
364671502
939486373
584275941
75201011
602892167
248733900
968721535
233484512
500709480
703245087
652093954
234625914
637445078
953142731
514392313
197703630
566408971
284804424
432941091
167477208
149514529
632712534
856996096
366100842
263272838
602171364
534137872
479970233
65715114
872349780
404856661
346654472
326544863
801196090
989964717
383091615
287496821
391148083
446211203
715697849
152714594
379051619
372662658
940736466
54287488
38443476
405459489
560696269
702732763
137376053
592116252
292989224
54122477
399837001
378128898
495519971
908298173
440566033
800858921
292200338
283078881
456963257
157708530
598445182
521680005
166230689
959785074
936129477
942805809
443208858
612667742
289086672
271097731
194029937
628554893
959090024
870022441
234064976
655800258
240902484
868603489
38726284
561807751
285684862
881663142
904793465
869213408
209193555
24456297
663160563
847198982
129360585
454683858
814511627
14810982
285060778
448525671
254669930
658157294
509329266
394586174
992930590
39017426
95564323
961543151
308657773
272730658
406769363
647839983
559837144
853415224
773946329
712400535
103608812
200730378
116411444
259672726
545114166
522802495
956834296
219861394
983520512
858516883
139540024
79923799
58486979
778217467
541059755
360329943
391964407
950304265
170621932
22023541
795196856
317126172
200195087
970818127
100627514
513428989
781056435
340709136
711312743
239980042
380563382
143761677
258073565
346031316
725484341
625398798
57651762
366020333
609577848
96486879
343455595
512496237
233009625
359793049
892888622
585919433
950214718
166257377
88821628
223330651
13202488
375401256
820306270
328528812
910216698
627606087
948178217
920610528
802550258
856686363
541522934
364640554
270188727
32827459
955896057
956476225
759997533
596774764
114787190
93776684
577605157
752900757
213061783
935075613
666969508
798854045
967301803
310935873
824434496
113241701
949321114
39561032
225897616
463259154
814814535
972222674
23602360
452778521
614175612
846721056
185316355
543655116
281811746
730381197
110086444
254271843
560392286
972476867
998663223
445152195
928853134
966338064
862287278
570776448
840158301
406045385
628185448
985713596
900355566
555509459
155578155
802197214
680742640
46352729
247673096
459884194
809552774
536612638
942158888
5652541
74198404
742296544
136975380
406346333
935831208
73650196
598390690
594834177
701955836
889623609
729545704
560480372
680346277
186247496
852271731
609817130
332170375
984709999
204387191
510001778
251455270
538710907
665185090
296576428
413522667
673728465
470585444
926051985
654108943
673593697
306080743
870751517
750284136
721485663
164063832
480388071
902441415
197549061
665771880
552193589
36169201
633476568
962844445
38475996
430873661
484800266
426968663
496533453
889162383
35905207
594935140
344016031
741022308
443333406
236195133
487400289
252571384
882477128
14761370
551774220
649136295
341560241
121317722
540488612
836638476
639620204
729639587
327460202
166175603
841471576
239796686
62062389
370232408
57481851
823227599
905280141
105574133
356891658
147486621
309439536
909103359
168003287
522916863
698666968
964339940
486311780
96536239
133255478
389637992
403034299
394554840
452952682
761452486
300605880
544785349
153735859
845053525
484492321
787015129
183144044
659002171
131040769
365654425
761579
696627615
380631539
13087775
549438005
871670771
374733694
320708270
476121252
540322068
884633651
709412174
469490911
152315293
571573923
87742794
187502604
391277127
37507341
401351381
501955684
620058688
19379116
211751872
593690895
902503540
344195271
161396581
583610776
181034243
697397410
323695303
68632155
833589360
716703676
287154423
210388916
800848760
923438032
317078843
936332970
977633823
75629645
672201901
847921117
725102366
146222229
383164471
740529686
497313105
136387009
981446622
783208406
1496646
719682345
69829925
8261128
377605008
369463785
736415844
842682872
903325510
753032240
198413040
102990562
892026787
989966229
382932889
439103343
903204011
848463806
560061973
335694057
291146239
718190167
364643025
934210063
420746746
995984476
548393663
168334697
870885578
968320119
882112202
969758372
466787108
474638079
165107677
969612140
639292761
353950352
263403722
196660229
10007637
674282352
324341382
138615043
352201899
132242372
210429590
481591146
991941913
4512648
873219106
153195851
834492402
329141462
194122476
148423770
557246819
242012150
635895304
761620087
850308631
759898018
657497437
602922877
983271965
528430507
852404669
627671704
623275071
538766819
973951276
455094199
114663994
984227975
533725776
825070389
668935708
729215921
216662372
821683633
794338868
836936259
514398416
399357596
269918466
220925321
765564728
862008190
171708894
145483528
953090947
260826334
659018623
66938592
799721976
259532713
459837977
743128276
807957110
241398988
628139670
905580261
248367221
828132045
163147482
674701886
652844392
962163405
303164549
453045135
604305823
937547520
250711149
537264702
519150600
848446164
958729852
396807237
905454059
641003491
259863283
332640236
403930311
431371972
477583289
469559511
486716198
325045418
64203549
746261002
796406544
199019960
885348982
725288650
866759787
273608221
892297535
404596595
589511975
157676558
590129646
641943414
423452291
112564117
399021472
679369276
99909231
862044276
199924569
225016800
98681850
858103297
14751889
69394330
60775061
216133090
443167949
96560071
507057893
126702180
2523840
807309624
980138466
617448856
495026529
430488504
685662047
661806899
598891189
609870190
994318616
30879788
294887885
742788149
970341699
986304913
511736426
998144470
432549139
307031597
763320412
332309072
84278927
120912140
73601828
289450474
56279972
640222525
77256700
952888098
576005550
462877520
409250356
28116565
233743099
762913158
530772690
277355498
879231644
370893772
868160621
637098058
966371559
753620288
317545144
728662288
573695627
776107604
961975995
915534279
134942473
557625931
693494423
721357593
361747856
797283115
474882559
619768763
943957249
591093996
814491050
679930060
302911165
712653620
632545609
717353594
897639396
879098158
981688233
34609228
672070174
524688638
198844606
734693059
662708345
508782847
526973842
974777500
891242702
108136676
944825245
394613703
988471048
15941443
725481678
854287153
218931805
220833857
137031169
346283981
617386617
780355104
610492252
53362936
933686629
303615130
334898840
759106379
395291074
147526062
823223758
909744349
658520296
102941082
472841369
338187883
724923473
435279441
120079562
91359770
382683770
8035425
292199726
599127865
68708641
788363015
374259065
305810499
511456212
602386229
897072436
352801565
319462902
927069541
244419853
210321848
830006731
494230691
250178525
590604670
841485347
625497573
90547092
652937427
138630582
896692693
62223638
512199048
27086243
947307494
692168009
433775508
721453868
553624867
898320959
917634084
477520525
7886975
206253022
434395505
46743882
934211604
159866581
307541314
489103957
604835290
593621371
942992884
636896408
9557809
474281914
227967270
77019406
31456558
652788115
316004965
677422087
603767975
611792161
394606733
660206661
712103810
126303100
128940062
359305982
192284816
254135388
413895876
188883617
448000632
385773083
835835707
475544162
336671067
496281415
26213112
844542721
496164895
740607753
632428535
602929328
495681148
17836292
692763161
782127801
775853803
351118273
112233327
997005455
170704137
730608659
417983910
450822700
606922114
584125694
608495987
445260752
469338416
810306854
881398407
470097586
979869313
486385746
877280276
484939473
66445653
794349990
872847635
143884709
355303466
946382652
947735476
666874811
845134392
250795372
173095232
248862697
393433917
359919476
366495731
122155142
23687230
762968920
325515914
55462321
368601459
439162591
583439149
883685026
968080778
744761141
230000725
58318002
513212149
379587905
22475456
895754487
486081649
370580749
748770569
942516442
188394428
613113944
233923074
177382311
517943361
703925972
370082162
891254597
163368636
176203182
12799569
46651198
301215496
714884446
182112995
277238407
125208867
165485764
453980404
625542688
932399102
867416645
960525209
274328090
970694275
276895934
735415033
183334051
874963118
268330848
851130422
119077159
985893381
123783416
708447583
312392873
452610178
587342626
579142713
825875347
343039520
789141681
305871666
393609031
174236659
851909097
780842718
100149943
933991447
653866888
390717627
215216888
468481094
480103984
853017425
419865929
107292416
891204875
242736730
670310133
875575912
688663762
268113614
173001989
222280793
93784542
611712915
126011580
82561587
154712989
489504889
632802289
826249295
647922760
751206886
507469079
338627488
520840889
487583620
744366866
470707884
270569316
199208935
12712660
83397679
868009596
24898480
418916093
619271759
113538253
503703434
147130829
90368542
732795754
620905294
345366442
43012859
868712454
756158827
270041177
856916423
731300446
714934802
803083841
769282982
89839792
698944663
285191973
336456387
343178826
151307779
646869894
808886815
730421726
455416027
347508654
312390542
976342037
91046380
817554833
219393001
999796110
637473000
745650023
375185273
163874827
301606129
408056680
121288956
468966148
543227117
51927213
850421567
898307085
458793582
409672363
927710956
724547400
122101503
123793163
797429691
665804395
703953245
854637864
456378262
179385751
963214294
418326974
916513813
655030108
249206049
114732577
212335945
82400379
681010250
644869065
631608883
203146873
781382489
289168342
902681550
660303857
259917001
386534067
418922275
259886806
203602364
365435744
105407735
358875919
895766833
805977788
175785439
130271372
502588378
169025961
424241892
726688926
565688417
267993891
278494700
28034055
308621847
201650302
258267060
640400147
429967802
411084674
242961193
160108864
632764609
475141836
407531474
107662955
226311054
192429646
314178438
724774932
359589547
294525892
503557330
672222402
697638972
688280240
189178068
939152676
494575132
463268878
605430316
561453604
524805811
491921731
86605289
549975009
586815065
417463305
98327880
975643078
898198767
522893249
294506352
673491584
507833372
957005946
309661605
252920883
409798575
59598625
561210910
66067295
907591311
262378810
870309497
198772031
613446471
582016377
710431766
812885100
40783807
526571289
618412083
481817664
61604769
444602794
379921920
883128146
528507212
272146409
21194418
602120201
35015261
152702546
259533814
704208592
844007133
416649755
606187528
130480906
296088356
367862092
525957805
414253690
158232807
779496542
583022799
447107585
306316251
961106601
367896938
358410076
720988553
683671557
349087270
766993650
946798718
488677425
253333556
78817308
938380269
167754496
887608048
241894251
239707189
183881077
217315713
928156814
250588010
822377407
308363845
142741314
388302705
607706945
153123984
231861113
604319105
363524812
644127776
493661712
140996890
618573564
659305112
74929955
295922251
482378446
646782077
343713143
333228290
405364498
940988095
719755668
600748244
35228152
340229789
101643666
106388253
241496692
440032700
188089231
651492659
340942707
348243929
688313411
405124452
841084437
99426057
415324387
940529504
224016587
904927272
750096822
459279725
646370177
464729705
614408005
769053467
977409663
104595666
30229530
883821541
197407669
111538305
370645678
884405869
601582315
400228891
344873289
510976361
962188031
804047883
992860042
360259055
153301593
414783916
189077047
560135429
908114948
112233610
543336568
107868740
628767032
527014929
776687604
44295862
874089839
40899729
935908728
681610662
478996654
167276136
388647980
107040387
920421274
580833487
767086040
558813847
270201515
963240727
970755480
817887194
255735244
724670348
194083484
41621408
824006400
822411953
811086922
801956808
751106037
208130581
172642191
328416207
721658475
299221598
907334895
983885226
980040762
34519016
682448011
605147175
874082078
844045597
378650526
556195484
792673078
360224521
511873383
542214193
391887264
859361593
787655543
224115436
486171743
117373671
210931943
894371717
330300044
954144485
286625021
986581524
318432014
84173890
696213527
528631480
87616881
647121144
722853862
424690576
130253300
559663918
958406441
447407149
875484584
180361879
261497524
566086181
66359563
814406943
843094908
245047661
36811255
553925612
38879071
570881875
694771098
754651779
501178717
525815203
649233390
567320055
25944859
18560048
757666022
37247588
513475721
318704114
866898424
285222145
332172127
674050039
884531895
386439083
430331860
222194466
601603304
348407725
723395834
874045225
715792926
101599147
355325177
896747147
876670875
25309282
675619123
427397840
871906897
546494772
130834214
780513559
98879289
992816412
237710954
508857980
483303156
945973802
968259912
674238374
283129551
737406776
590029736
651790382
804919717
461062848
226477861
391002615
59061392
896776402
130689615
56170396
918046178
886578382
488540114
44837048
796328190
543022065
164442682
958774633
248977761
408419033
759022066
526932401
209196044
720818051
817031608
397786422
595917540
680497316
284033572
618815261
368910378
845600923
244151589
931042240
558237806
198022261
37024562
152180031
935179777
221505696
314899724
647592900
873625664
730410554
277141704
927454304
603577171
919789040
67357017
485612611
188488404
427555285
799163940
7038328
939158613
172539903
271687639
794822725
397621953
927907131
77739151
313684519
920953453
914922135
735204953
400628443
858474713
240664582
21830362
402983638
920861009
49875984
242713050
46203216
69755149
850540965
351365598
305138488
761109678
673319953
98133114
917137615
520592928
951610008
164106090
412380457
252789360
905430880
16229229
364375256
740311042
818023049
90749657
165178803
255014012
471701808
794125018
627930785
975622895
40953944
418283693
946257446
905857585
909736538
119744231
881524234
203814279
206484265
993058303
267281814
163546626
833815362
880804114
926101475
451264333
785593551
448713359
318302189
786218386
534868488
202079826
709625573
74622511
162359106
875990205
43294125
935166293
478799803
326641049
726115312
260417627
178561408
677732245
330150396
874131371
424471054
847314624
643247002
76595196
403648922
247728604
304347969
620224142
91283184
936751643
185169172
48695815
791597935
481327828
712698282
28561332
122013455
345643926
749866514
327116493
444323870
359403744
166283260
373850484
93092051
914326023
334526061
123694471
817005758
121579794
649437714
302741688
395020125
693322691
812850299
179764761
539107610
145866556
619833827
266011645
802991993
497626034
691463604
10813472
874271023
490959577
655522847
473577067
704053107
348940995
296024983
767541617
360612388
684581001
891943703
544296214
247663893
147281690
570536142
148541903
824658957
331876272
334179035
171905614
252224910
563388885
499336919
797664310
528154009
193110149
349036324
284055213
699100428
692875893
263900498
983443818
734826046
559770817
530888396
698801021
894317595
435418680
605869423
611761167
262823409
578835278
5020745
477885693
654123087
998345166
929304357
994592262
339717878
364838039
404742446
119546157
666767489
168672148
786739462
881180545
625748693
380764940
435003534
884690705
930769242
440712086
746541320
745019644
407751733
257406465
910557963
527615790
901757268
917897680
484594119
127945904
595638439
188374436
129788905
849966343
712516773
948447879
208135988
204714191
979001742
994007225
80720339
422501088
207743512
323030118
320123004
69310125
464523969
45427212
827038054
548235529
133580847
647845680
6143927
543933829
675264728
576482703
707360564
98473123
661532837
836022380
634789680
338195525
944805289
116421823
57975223
919550164
572428606
784754884
79594847
652529045
973599866
260978964
421255319
619361743
646807344
818348002
624894769
611982631
646872776
737310555
300423410
14002907
30135712
460790313
719906473
991122042
125730765
881269910
548376190
500898008
355753764
957408836
723911328
639213583
67749096
729777264
792263451
569109304
523833295
332627718
179958231
958746513
132630074
532635606
638613176
130069429
599179332
500488343
492490013
406736964
880310089
289167054
451479183
585384057
698420237
478790358
320431785
580284153
535729477
146654696
82170005
666089800
857060062
217808122
137333670
190537457
118042490
770189269
939718658
332667875
379801009
128321154
98601503
735658456
842166307
196746653
597771472
121635344
317887962
579749657
988773176
332671284
119915627
540251585
976447855
598713907
119629485
699239042
44679917
17911618
416586150
823987609
265324342
200745670
767277673
22780905
771209687
813235531
85793200
245216521
54348618
605167282
758649284
468406789
878612111
503769916
563714238
215506607
864919064
546355823
478689269
555696665
934097847
477277898
865527611
155108445
49725469
845116257
301334455
185296404
217089188
393490664
233006627
850905389
741050061
255576603
415839842
584927447
371539269
755034611
779606141
88686292
983864421
144217391
365613375
371939124
779178165
832322627
130624367
227863097
739535093
871025277
919880744
274651734
551407571
296102867
818291921
678645348
270839601
89617641
983830292
667297531
981526319
100183891
625650080
760207832
348135426
122593206
285098712
416586167
553231152
709488835
97305150
592652225
678337787
17587618
891520569
661130125
598650681
606550889
122942498
341875792
811437669
245721683
242919935
64465653
137279724
566913840
463626468
396160698
99409932
977987838
183784468
431915956
790337928
944884625
37531337
435928865
224184679
513572050
414308971
259507842
145734256
725522473
966107913
373561403
101768752
744176381
266887573
674426195
670014468
628983205
506170460
292632251
614381379
495649422
18020036
52765107
534723055
909250673
322232553
909343943
282436963
151254755
20945332
230539717
565782247
701746268
879191523
974503865
33445039
603059463
594310098
741872866
653069740
848298503
824841073
49725983
832683519
234406860
863819645
533021217
734229024
591036846
895137390
509179307
715369859
38898595
304654046
489514379
387196869
138480999
325543175
772026949
496732730
114976495
325998346
90568458
966763881
56842411
651112142
806420787
272864906
709704320
38172655
701966906
934830843
472169306
181513807
109623207
218459740
753783859
210182569
214076889
982724027
523567211
704368681
42093086
336810386
245652446
813701425
157187946
247701859
798142740
476173087
279785115
22190028
2735450
974288414
163324512
122628576
534368507
507941008
374316236
876642825
194098535
655422057
941300302
547046422
821697596
454173993
602775183
157540298
275815742
628768160
137809796
838390318
77569273
416886234
85104937
961653848
880202884
999520337
918672753
992114116
468671377
706612694
589079808
639182247
416670802
933973257
794269346
331274754
702924941
314595319
301896461
885104669
242901626
147368765
419021748
231952549
712537687
158011407
608172348
141644036
310677505
626157526
604783385
632202512
297523559
759833729
883050811
250752219
379457719
837599726
867921227
646020148
627132110
409755776
508789773
394943884
798560200
323824866
751041749
744359633
679122045
149384822
472559034
201994536
964282010
395409833
559883835
677685646
296054025
589466581
967064030
148450915
385206921
894508575
693631695
87514343
33297414
450203987
24905002
230352847
816994536
295190896
223721286
862343311
554805844
502339334
53382470
417300600
839361082
247962384
65967386
944332558
779488382
278484926
28573921
593450974
54640259
195820011
627956865
820756011
56301748
275950211
29215450
195343788
260902796
528534648
926277926
445292807
652091583
681788634
392593667
842724714
512667484
650023541
440910743
100233265
205837919
376307370
353068332
933004081
803721126
335268512
468732459
323728486
515985269
985543782
482789496
911267480
663173349
959004318
926623924
483952502
474187798
69224114
941639170
391902409
285352297
286342787
511903745
650640844
330285829
754837556
456866805
433699306
127765022
660095827
604537594
859440739
632894040
774488658
342414778
127201264
770795765
640437559
881999645
560835400
688714365
827224170
419282006
653900708
519107159
8687354
243742385
492829534
94398481
568881541
513229328
981232332
569037478
469866800
403775081
291507707
236491067
310968963
185780785
69162238
921454839
915468851
954350108
388436366
814371293
338691151
874860144
565210415
837953578
987764444
295066689
260554908
803569843
279808511
899131942
254851188
403623278
762573310
899181288
452320634
369262283
201343312
543428017
144223127
155576357
116215010
957242797
250796606
351091201
257176001
524053530
155068004
745145033
816284680
834743489
952963451
722192470
408754274
428224088
370375541
732583865
694080097
357975970
748255561
754338357
698611898
35211525
235905110
925449233
282668417
68069305
960891282
931330485
10077493
302153238
430421077
26195247
173871933
273221944
850471801
865489335
615481325
478383963
951005684
449958029
470293482
419748207
59888731
590120828
740615690
114010623
657648012
449873691
1732063
887175870
805255657
68130903
285597372
846575986
444479384
444237412
203716868
247795466
932384326
730856474
597729301
360353187
173737534
403547870
977120771
986161784
919796208
622257518
183109440
967389050
936527319
963809975
4164912
980849365
64873382
723268686
188331075
330370499
668774835
209524557
950641058
821736267
115172221
182479935
679211126
307067876
264393689
369049971
253216698
761234225
739429065
213648993
808512202
688508662
648460408
992494888
711189345
81805439
83029246
287659245
52328626
941728059
805261775
707670306
697956882
199606330
851528557
953281279
680856521
38557227
598556203
949182513
432635914
447171094
276101174
944779787
957030446
430082957
835119515
484104002
419792378
998864865
645348354
932188007
967172726
678412217
517714105
817923979
741137384
101091934
702515028
791971595
829641181
128544650
834598698
522944073
508711147
297470202
870820037
231950726
194671658
4636987
66579178
281349831
252307161
52778329
812925311
123208362
385186421
640246234
804315201
758252957
741881227
483759869
586489911
850148365
659835282
702828325
685149267
265192111
88423414
446573754
143592095
233503288
813650016
292252936
775421942
816155038
441494545
539550213
584638741
352870891
948982307
269727216
105308051
320109233
116324506
921730852
650805797
2859425
382010337
958545526
924980386
140630716
846843255
982020587
271806055
970609055
267432623
581264350
62643732
242965225
101579486
968165066
324734598
79959036
332601160
592113202
949832739
382625678
578416665
21173288
290565620
61643523
351012032
424724789
631990205
712106078
469236536
666196776
684649774
336643924
299952780
323299753
27237844
234591747
550799217
450103241
170526980
62385976
534640149
596165038
883341038
952074022
73446911
87096986
502890581
124874118
813444185
246051643
597457555
588579198
763706739
119873532
233044208
708141312
256423533
124105266
615022646
605773749
831093148
499328351
928293341
727621665
432888142
484640895
516129663
576600657
470191975
358326611
814404327
378675075
130743883
320428798
572740383
428545287
609075470
27313452
238958076
712325752
543495971
816261701
692102174
24092412
444871572
10083225
825492389
602156287
984880607
982479041
487605686
678733376
717637317
104766491
832170561
616590575
600784989
87058683
103562575
356447524
334695036
143629933
102266241
680793891
875245917
832922956
228231616
501899852
240844420
575463990
521450962
363981986
578906666
675949894
312223365
607229897
39090188
967760653
368095740
754357245
975482763
451712869
964544465
514290151
959279360
370642933
609950616
869271985
603754410
407942147
693185129
404388212
609711578
416907043
234368401
582624733
752102361
956044237
959201168
985200636
823674717
466586830
320451600
752885520
241563934
537361317
460024528
632122124
931350806
585889454
142729000
83104351
62799808
499606875
84992940
679783541
131551233
342344100
384968417
49889711
959039382
870867152
131487166
614700135
726656435
182179709
420560731
494484935
590122286
103989122
750289778
150348699
263719014
227526771
107265050
904383647
337494371
489963889
470290005
348798229
927840170
838611444
359140320
955883050
500699783
932564430
498624583
201620495
948568039
49231682
855391412
59399639
828364854
665343017
907684705
492623087
437643139
887880369
483783108
960906986
910192490
470969262
382623759
680215698
466798163
75751254
824091976
704040681
71929828
553391436
608909888
492842728
123535720
855032177
184883683
543232764
839411247
833390516
167791840
771899169
682862652
779466750
354784100
216028744
371766656
983821192
750699814
56836118
39353456
46570446
519618396
934947142
35974661
390455701
965955623
456819335
984573003
413404549
987192567
881819578
165282408
811620188
610914697
318169032
756846442
572129101
54961468
888142907
924773517
859265119
399192446
775298497
620280428
742130378
473611754
487494244
899589646
991101359
808300543
174517774
236308482
95013865
291443573
369161802
372737852
437933174
229037115
387278855
611324480
71082511
54764340
294201943
411397990
240429536
650923539
714656495
655952488
395314433
730415149
57467220
847202935
965747789
591729547
340850564
891459102
615989659
590089724
388117627
728366917
474454815
11135962
54233258
526836971
644199584
167416605
685635930
934633817
536290715
235179899
456085292
36444339
901932301
703533773
38501100
510041876
896222002
245460053
400569556
740129154
787367207
731741712
175083751
541278035
656359735
476286029
739372237
719241632
585993746
907571058
368128684
167529476
941484014
680334707
973114192
576299360
752062049
447555936
709463103
601535115
877877068
444487356
301425675
726327214
253890414
921400343
43886843
647974328
645568180
243592905
895168746
86929276
719548873
44425371
973465545
927380017
722979446
352936601
835903000
840379538
575847880
216481028
646098700
901567963
818256732
84691644
994078156
506296497
668894605
577400083
204329811
529027257
622396055
45801720
982102897
846281666
597944657
258173093
904081530
921644487
166916511
367426487
127044132
454631886
348759706
581147967
665293776
109569489
165565318
171274797
798900410
407599424
884216836
988552647
418258516
955653416
994114899
634479368
847348254
318121939
454462797
417210853
165402341
968658178
918919580
99783327
231156610
909165415
712317304
112993400
691010747
130381488
375450297
670043185
273631207
286166202
332361723
139600667
248301093
248358341
966927605
481516190
508793210
868906814
870805690
136618132
120183602
683057024
560970577
72289550
21500622
578503045
244040432
616140362
690034037
296663651
727684746
138975972
62434197
370205126
116846301
822092353
625236804
310260961
161435807
695037036
220314892
607374718
991373664
868418841
999536002
851640977
855312564
590389063
660941967
425887194
588099748
940116470
586847468
276191335
470579727
593206708
512554669
949869096
493295566
927531263
53376098
986985553
309205376
309559340
378495392
644552558
546109015
470555080
457199442
343682678
510439538
791210580
699357023
62090474
214002191
139762658
391925311
2560659
455429406
141920633
288373445
294921952
466038129
426351162
630994691
371257473
206796849
538833761
908450976
953951570
876327476
24033157
55872991
445470893
785730342
13587141
834693628
476788841
992190280
656984757
823138116
415263221
782166821
238949104
659402466
707682673
677793035
539989969
642383344
926501225
35900716
832283937
998720475
244864564
460717635
105072993
197711409
962118533
788860526
909465904
101190659
512124295
765144479
482048880
652328917
22769010
302449172
485548753
849212208
166142324
528266536
804713639
741411874
940098710
851477477
156550418
384702897
917228217
238886147
536716003
366159684
420542452
339344296
386698135
878754493
37892216
279061621
24717362
128038677
232133363
510797319
414311691
543334264
409594585
592391365
83644491
119220468
919336487
635922809
569798138
50751580
219267457
120771466
559747270
83078327
203647871
363510052
911520740
444193852
66927673
544632996
4936457
729625802
674432535
752393858
787177896
252321175
474438870
717621357
216523380
234024113
53533246
22702567
787169203
12164456
199760105
314877562
232871916
540777612
923925155
752693074
255386260
301757714
485765298
145999685
775601853
153004386
154785628
444253304
422861819
338245113
67381814
69072010
589690437
643612891
141931260
156800335
89685750
543288085
456469721
930573133
922352134
472863827
519732867
585683427
30342241
310289657
599867283
772806624
725840481
927365557
970271862
739541267
614461759
357080510
798427526
313184218
941934395
171461528
828763287
199885010
858594454
841850986
814199225
171506407
270229489
785143946
497002018
980977313
73579064
926482105
525979234
397830089
465612475
267553168
324255067
484748205
574039363
555054399
820826313
471380651
888895355
28261892
671936206
616974468
164030537
378754073
169877646
896154647
485062834
154532905
265582119
239810546
168752297
563675197
461866756
912498022
274625150
940519568
536125622
729703805
639714650
684444557
170543484
239117383
217553156
487585011
168441012
244732882
744148028
223817094
520378439
487690078
691483568
841421801
554837843
884586887
605977181
347625572
977603163
924417132
717027899
840374920
58133831
646933739
476030910
688578499
814767152
360100066
379454100
870261475
973735053
254799363
771963402
216940780
720175820
932944952
121761832
833706649
653455472
771978367
894576473
208275677
198275744
716617948
472151583
619527772
933844076
90483297
42391163
599058179
434410613
34991184
912669666
352083853
401143098
131221746
725403225
63037100
656772878
263279866
372136140
744413744
379465152
324820314
926401446
107660165
734663520
40292954
167252153
100781140
875658408
531206578
432443329
914649594
219322007
409929863
440781070
729150108
213434321
933642943
351923951
422991633
483015636
117366740
305027181
639546293
275798535
528497873
841321032
383069968
671023912
367886385
704458493
144720350
234205568
612867254
396226529
350958852
269282877
863407294
330441302
468027827
19785361
224778054
470171505
325211277
74995780
549211354
563239015
898629898
432616935
64469961
268630680
941355697
46827352
940543631
309592580
149141292
982548354
369118267
955813270
563321985
319433531
801599501
952690330
510210715
89718453
602258091
819900758
126683244
801310381
341907126
359350035
670134979
981538673
910382207
714354395
103998075
308483699
690988314
362628969
255913400
104672482
140918878
925147159
136053518
80139495
762762064
747973654
48954150
759667210
21688605
605022182
7755111
611528364
581076661
260643364
583538531
182764160
256122065
930708594
710526662
630918873
644801786
77758302
913340451
637678038
969786103
563477971
396323274
728050664
364230823
654739276
979621945
958155608
724759576
26879789
320532011
76291560
129359430
539808081
177903552
811655918
859640853
728172556
750467642
920734655
442311058
672838935
526584192
915778687
590452902
81272091
450334824
725496275
374144959
595105166
283923848
443040394
431592325
612180684
364297354
504818227
57888610
908908029
89425173
811658933
232622924
392150228
120512122
362442030
579876000
847004642
384359972
18109519
326489728
760960907
177502204
336722428
378764351
420304247
818049667
574447075
919802790
931285755
555164863
97744398
143928732
21494931
843361819
411253867
473371602
982543266
376612387
17104051
247388123
237858713
792210241
181605866
490001940
308526460
923560843
588649859
696084331
231663747
470787971
568267271
540642484
933266102
286017987
722266926
551067248
693848550
152059711
650270113
114317577
798226282
103703989
89543815
98572998
543877796
144148645
441817414
72239161
959912913
610273707
967588801
875985476
488551304
657793169
292539926
627230271
282205126
819362331
657720601
33843814
585373689
148528084
580330483
157683170
858434348
38983207
106704146
416807002
962784728
97237521
851258201
29655663
855877445
522105272
863516784
687384699
263006305
663577895
734861995
264329541
174846720
7431145
868321633
128080381
772796685
327710539
245059791
728727047
738326809
198455289
779168473
490037601
137450593
271234607
106812157
141074321
16892373
195038549
17909646
342738396
252219438
14271055
166177616
741656090
982926613
405427116
227301550
304388515
736960353
518080663
429593205
736725946
167765343
946623288
779655039
205761018
371692009
516773373
552917205
681491709
918940695
33303868
836919382
67623607
124682007
339767645
350556871
153729061
173531241
517728712
350574408
937399168
682508167
350927295
832091411
646871324
305984423
577834445
360813612
68096886
783266813
792795224
503246587
57623529
35990973
566224426
770163778
888953741
62686580
267329854
589218153
702548348
117597640
261918694
778833369
66780624
782104419
966245107
175751176
443734719
654993526
614955313
52534871
429937030
694750565
443858498
29613775
381291650
744823917
578913919
815522902
127850976
7952766
220155482
113453469
953052440
4083855
536083948
390757648
272470449
331769943
553373786
502362356
663058194
506189965
707806973
885922266
357694677
608902016
217068789
577399715
306591163
180496184
583154727
157659151
523166949
969333531
822772744
153829680
550535065
857225540
962791274
609981330
84628666
559712234
565851669
79272885
344885199
799223997
608778916
927539198
479094218
626601964
612236283
417957474
934423366
680222680
579698009
114971083
463347099
473193254
718562905
332657937
604840973
437318975
724188374
586370835
657193922
181053660
406260863
674646907
319781006
10177518
722280387
35186042
9936159
367079009
364279959
259442658
947527812
283431661
536755493
930543610
906535859
317949712
367836817
7353982
916718012
768215332
477225447
4445013
4138615
82741857
361157990
695213722
970872455
294003759
260993160
407813888
852205902
885820889
209447521
383139956
20636473
626856538
338176421
105533237
21179193
133525779
577347559
417290314
997080111
376455604
132499442
321880151
62572956
460078797
558174940
612651943
190020621
17219507
183112818
766679208
788020472
474416567
373273761
821058024
829557275
721775850
163809881
247910468
812059242
836078612
942335541
794994671
731336877
678887056
380200009
961957738
33672308
220588302
5714850
763776491
727307561
837834915
755561761
141666016
309241972
678067518
4669265
280944184
413808878
315313281
82679201
43140911
534348476
620242484
957706211
768434762
628401503
94848144
193394056
354191222
172254684
442231239
13079009
163058047
239549219
249466140
677869464
827618014
166269982
760086515
858540782
28103611
431367492
896203788
609482413
377976322
211106697
760286360
303599488
565346644
248752619
371803624
537256632
65748868
506251031
181322118
351844446
757040326
921976244
223020672
498698499
652934398
673452716
349814684
792949506
798812355
550428821
379109172
508843016
641214223
115145375
881120613
628104042
517588546
942802281
754364641
118938066
329851249
974627306
282282461
656519436
627458208
256089158
831280858
30915522
423640702
215384135
108827164
506012615
707431697
414322273
919291487
309575959
490734108
638818583
919300138
957153848
58175646
984775672
326913872
519653468
90903713
909706189
347919172
957262478
435676422
710709323
126853510
655671565
635766540
325820746
224687672
68619258
66359828
534722886
437762187
490214393
803231659
985445641
343322674
876816443
994055684
358291699
976692661
406436355
713915501
91162283
834919950
314777345
312965973
493309577
148444663
249080578
390056901
24379276
104380077
532727353
62182532
173310024
615233385
521585663
919670623
955407619
424801108
950210199
365905670
275648193
566991948
535178575
320404082
34368244
556562441
3638632
569352063
818011269
853676204
410826238
484716011
59226204
528390641
583067642
873066175
424352013
29192090
849399042
74306440
672827421
519814734
118626530
612037158
182604097
930672766
177076161
134769844
27191760
632289061
814818594
72279173
846901600
374775606
540134252
465288661
888803762
784842900
199425606
971888201
902568525
798957502
700787971
942776881
675147499
541651561
530193890
278808751
254114814
832675241
565832727
203313974
628103919
891037056
470086841
627006361
937242911
78643855
114084671
331795360
955083447
693236000
596373326
874001673
836851386
26284404
445711049
516797929
476724287
279040456
656169547
969958880
3290425
893315887
192864116
983055489
915082841
773627664
278402561
824765998
568209120
141354948
762486313
371367299
254406964
117411013
455689605
338222425
726913135
489496661
374046736
3478890
806112439
453020611
340107010
325227879
310971276
615149441
849645602
314344015
29347364
945076043
661382631
547490277
113328104
353562282
43117027
66496758
458788107
118781434
551283930
737442711
432862053
133275775
352638372
623553558
110425890
575187624
423835317
950095576
501501933
167340790
74243505
611603587
958342781
381404666
69687366
449133431
573732434
929777245
973239674
973701505
263349186
350643997
213513424
657852709
716272492
541332865
248261282
552861381
117589139
338481623
953940274
376015730
875387083
420419040
150028186
111656689
662860814
593193095
540001656
184226268
339094096
519544950
804544878
756803561
793315639
820759308
757181946
523322854
493948839
127548825
857670034
117994139
109045580
894241056
905398411
595903198
651206457
426755401
993060136
789552244
344191592
654784495
332623282
83544981
888346907
535349523
859583001
693833889
568724515
16494721
943884993
21270454
123511778
744918178
197502580
601047478
278187650
96856067
341609291
810162917
759056509
434660388
801186776
317537098
286616963
345568075
22689189
672342391
202499072
354273054
895435496
789951401
936511786
599362635
980797015
773713465
310858061
194750645
339094236
639342221
359575921
672860043
601333726
951604506
361888768
376973414
449234763
136970318
362910153
924616832
220162282
17294004
362152361
61406983
131774474
587858103
90439064
197430359
580103122
89223186
701042514
958160177
298479700
393317330
559458654
190706392
892786040
689471869
784077586
115903312
334809480
675130
965189472
311628310
886491855
575414276
290551128
824618850
58151459
79260415
210291533
813275957
257818334
15735289
332513304
257116851
225232046
704940869
18610141
226342489
977919556
734368580
2460871
525443219
631726533
634020854
249662673
842126554
403751684
266427828
183936044
914738566
914290162
820740414
213840328
95946713
400211393
408673954
36849040
834118169
684751020
378418951
844140047
798440528
678296241
493796453
611111661
326276569
569663685
937309023
120566602
766768194
95206990
612015607
991966523
90162525
255114960
519594738
553246545
284676864
216611004
429656326
121362999
860042238
847983974
782091219
638457925
160265374
417062746
167761417
379088741
678736342
833593985
18290286
993369480
119349746
967083322
739056399
623098383
572820755
862104506
492639281
813830719
208767260
525223522
310820534
483390925
141171417
602799545
705126173
342766941
602219991
217812008
492849051
192889009
692399690
531774231
730951174
915192170
255576893
298046913
567833398
344859388
468507108
916964602
305486369
967648929
869670462
978174503
519515240
621866580
177205715
835444578
412411353
280473663
656618194
325043904
892954185
934432967
901144137
187580612
25935661
442520610
668925531
730650401
401786094
716736696
983028233
378264181
971467678
68074096
777539234
353428209
448780764
584074558
898477518
871222722
413191642
189132845
159483286
589926124
143847613
185508172
175186948
502425573
575358558
944854918
847580157
700955663
25525820
330693873
159081214
147213241
363777476
584608422
399267164
248265459
964215606
656961427
904967674
757643952
369198287
610170255
852429679
623075984
719456809
704604262
605897882
507570267
880456847
752759675
255677743
226586372
819099155
82684393
456894659
20917301
390653295
876033193
431857767
857801186
99126342
730906989
58409047
637043023
971869280
64385028
261628675
414536883
243048762
338969426
939702801
27777487
43741989
867701994
726589801
557462557
944182768
307363843
983897339
406960514
529810173
39600346
741728006
604077476
502448836
22796787
943402920
81774019
72088256
413286175
287823587
371159256
711792664
459431914
275951645
649864976
700025030
571390843
657324194
307703385
723040203
208348912
688084199
505634283
316205028
332035741
660478614
195110105
507181007
759381601
608651597
570000749
276742770
533168999
699502615
777862615
77978236
488643937
716369287
999810899
611681004
602030260
19458218
338066650
596605233
839622433
425220353
94072320
324150076
199020014
639825476
47999031
810556099
253342260
945544597
716218934
755500260
167987179
842496303
655808474
800328681
331056857
401243430
741984080
639129867
682196886
127180749
27907958
736914707
350230019
613201673
177802239
917536688
795125589
228712075
569264474
690403567
261608262
647214012
292049899
542517827
603126430
627206611
302779173
926982649
507207979
40089955
655968363
263980745
407758816
540631068
665148626
534715
225508790
764011111
600857139
16381715
957267920
851565816
714674401
756869714
207963476
663240400
668505449
956783591
601586621
41962942
209134910
354371492
241551108
516768479
505820762
386160964
596775367
60296794
222744302
744399611
768445159
771271003
221104318
227209281
978721266
509488089
23869585
438429778
567222620
564685882
399124038
311023191
870536869
142576519
992520123
857691724
801363344
669458359
874341851
703440479
739372313
942620
478309588
125440597
627762385
290638402
113266139
320460132
289402198
689842045
763685611
1327370
888963709
261023162
763008557
333173683
235371520
614595193
771099227
170838561
329049624
788703305
578406153
98408967
890472878
348758413
302834173
27172207
416586172
519402148
689241327
31463925
795758155
402779781
149506591
645875205
200132598
439694024
859332400
757716354
67250663
339376428
70808174
103383542
806703675
266918787
2339897
528232451
205976475
164990029
476325462
422457877
958136315
875599313
629318496
876772883
746607636
187177626
97926790
60070619
503457161
641681281
561248990
714599418
687987915
746547223
718501021
87580826
694567510
710765471
501626626
376303015
201868911
705501933
572884683
937983655
72117952
166322612
700710356
325166388
173479884
829358371
464027436
491067849
573887507
294265801
788388534
394105021
381404702
384894153
650528846
171404408
181210810
41700105
670901120
80979404
604904281
437937935
678779685
97911691
857603615
756362917
489940040
528852352
343275118
332769676
407641364
211508182
651370776
861998972
179164556
41676007
659716193
892459390
980259417
953056687
516462440
916685754
970194449
907298025
643112147
770290857
790158530
435987143
492550661
722699242
713444092
970805333
210994989
682508280
778411662
603236849
265905620
955980679
177909945
315393968
684382960
33055082
650890555
81150881
845113450
393356966
572020134
903055477
978204019
182972891
758475398
251099764
902866868
711798943
303703134
876901028
330143083
82291828
295401008
754696656
285575798
220135148
237659461
597992316
472107594
638502327
385993329
230419693
956430666
50550557
455934526
595967331
297307444
372618296
482602743
361902123
667870817
658357397
274832630
809823300
795491407
920159940
744968507
55541811
932054241
75711063
712496936
784208714
660100363
95996856
663090443
78700752
596962681
56186785
359424754
736970061
194388246
483790733
674161061
760312933
195276877
522532763
673490008
366730010
555460424
341088408
656434852
743200172
787037801
229124306
492301599
438517201
364879575
888367914
572198982
80875460
701776174
921470213
827970139
985716470
651936014
174851791
819065313
149297210
776638418
687927904
521684342
130114300
530912425
638592873
73832598
729597485
272893120
73970527
617376994
963820595
832540100
76102372
103294841
596350645
150927594
796067424
768187701
794445299
822388616
664669258
983210634
171590894
73602235
363257038
560701237
454153186
828544908
913258454
480371845
392373116
304176217
850312154
90218339
193409233
102307170
742151990
734575054
511808825
879385399
979904426
436746649
710837014
60452289
304125772
902573796
434832945
729109077
850737842
593063563
131510062
292123286
142333695
347825515
818389548
732998775
728324884
8267378
292252001
913935710
535146103
600296164
143077897
438749325
189434680
145076434
436880096
931053155
206665039
831828681
333340794
925568141
854299681
128857134
967526626
148696217
203002980
564905118
791554591
310315083
466570946
865985426
911867436
682943592
568938553
283983281
403727804
654909762
146953743
739161050
965162195
445494625
786418032
724309351
385821663
454134727
523338833
788884972
477301144
551733561
46421787
291582283
428133666
998936818
607497686
101366259
449672205
633589561
252477419
250657812
587609559
159294462
716577045
68265921
500316123
914767922
686409054
466568415
242974767
524315717
333803363
391451156
988400298
145608458
76519109
351609008
952287674
687816946
697531475
300792147
687260071
651952034
902574503
706030395
477973723
106868839
979809429
103709399
913460632
126581070
480232536
873197177
96931834
605881665
360113299
350555776
569793036
533093921
980104415
63184632
920902243
948864330
304794903
602726729
698002345
471399581
164467047
843829697
7434905
916559962
643375363
337360460
923681158
836946933
577582263
131827005
333674397
454441539
537990116
240714431
302880250
409870857
288557263
754570454
414643045
127087521
807995363
229771382
851425811
395373692
996126642
757206291
410506392
954468010
874989147
516272845
715614438
636803896
5321971
562582039
31140257
598993069
895236009
328018541
596627223
153518935
555271208
259567208
479805924
970956055
906260751
32984349
8031147
786820612
806764861
200188168
437956870
8012031
885865582
427902435
382551354
463121132
653938749
654341718
683658428
66510743
389780703
664960474
312770896
625327197
26126567
756655966
966943266
930288076
782930531
710612138
915940113
496777146
13414660
852692131
579899473
96152991
117118490
616036129
279952400
297102098
243675265
400282783
671252136
759620765
926462063
866386871
630698818
413564928
111885722
301640725
851833500
81731817
586973905
366915108
244349443
2531285
628328229
388672499
747606647
996094328
319415584
528093962
336051409
817235056
420751370
742594862
712358220
949832791
641188850
309565334
44734675
533632013
885897031
130217389
102521850
769983851
817230871
321700998
764554793
914231109
534900353
599994801
991802349
703899151
623113128
960938307
55730758
382728237
384100599
730436246
669781425
774432754
783833556
781557750
48037830
942889064
182003553
107354187
135285142
934462012
474520063
981794972
325011195
981569748
429087987
901083597
946498038
644868818
289814926
407035478
535824901
573169131
611923590
684862689
387133674
351894929
370347832
560883192
105923668
415211034
34259715
333783690
793717456
545330901
856902064
199523232
442031326
818868420
17034626
968565604
359681918
213173876
443628757
625661887
457455697
708854902
424765810
996967858
375639614
589020429
310526822
557688901
444550345
422859591
143590843
945343336
727737264
283288646
948765534
7448547
400947454
529545308
496859595
170734139
942262430
762864916
379629627
771358297
417555089
224172635
10875848
948874643
159587806
770453387
261828339
142763885
5232499
876054056
623868061
683828788
174400750
859077592
163999243
706185680
103772931
512291559
127189594
171003777
487325856
878798716
592325176
187766872
848468811
918574178
751224250
683552489
305501194
57909252
707683942
762787987
525467004
322326562
786066294
328509968
441281544
385372837
41969931
288268752
174574741
999564367
360217245
707766298
318252717
376442816
733913770
227874026
905681829
43258743
700585503
41368037
541551570
374393054
348006925
702521612
516112268
590544793
520451930
264644408
887262749
829878596
168848722
901470504
410972511
174847911
496260668
160358143
145612259
353853892
851148878
538988732
693057076
231608313
209674562
390348749
395988165
408709214
966920470
922599158
758339280
474171407
127834775
239836937
429964610
150069807
588698966
157500275
500712448
419083036
557317472
666462466
286455459
884146252
258274172
373880759
333360184
199917723
142634842
547834668
719859000
84202503
117247821
51625306
26109361
322773815
713754038
731754595
66967094
434737749
732096890
559177052
165017031
903462100
309307413
732809746
91523434
785483689
31147327
745805665
945234946
129459423
829955382
803627648
834010321
570317080
551424371
284446084
820628601
949315756
863239892
512501932
727412402
763303353
588171807
50834907
52094608
373174294
853579850
592199493
367580720
640342895
739278609
132389538
364380985
897651225
279083819
153910825
518320317
31178604
12690655
537792668
829680495
361756390
948601926
191566040
135231344
796985141
172780943
508329886
879345864
97545211
137166087
863014706
771141084
138371941
291212552
640656740
8869099
126467348
353747686
742114088
955798517
936740935
909152541
426409592
762900385
216561553
432389543
945039773
132930743
681532686
206543167
487416620
33900930
484692393
265191723
44229432
521550216
160334183
329797469
119605637
497748854
859513233
25680097
84541738
87365556
352371732
750427694
877483376
335319552
219099739
410340194
814500533
320263856
609364904
902360347
51950765
917224357
863987991
531265989
232738445
398347978
160252450
959599537
597326718
546893016
325811890
404015458
250595939
110497728
997748041
909250810
606857588
805528434
340520959
321559504
173857965
954237529
50498747
969049096
276234407
622681685
72480892
345909498
987950116
170941617
142954830
295341951
462245920
833631122
545439191
729917632
900274109
397438308
226243844
547643018
48993485
345649446
499683828
988785345
549317445
393294041
738879707
600176275
765187959
562939435
118891969
739736529
341571170
912285503
378295489
555670186
270708861
213040564
277176216
474902349
202437901
128280892
439246947
594397649
500046887
29496006
377329692
663930048
854734497
818788663
704259156
342503755
971718420
835396288
858508340
535470871
675325992
812757084
508184311
902040157
892231092
993843127
603472307
167204369
868243323
224162751
613866635
246034265
878265865
645432585
664743657
894555154
790870714
730037478
241542759
385006427
311780801
879547873
590057382
745425623
518014718
21747216
656103758
424045469
774476206
433269359
553543931
636606559
216167244
863998407
835792777
695795119
573489412
356649078
353826434
601015582
704767391
159830288
562963812
955194876
614611693
579928423
202191471
466036639
368832162
918978944
690932859
782444268
65299174
143790345
594879880
362582139
459674396
189289671
794529254
439794300
205242774
802619434
611329900
593462659
377563142
725018229
478213236
955929906
207714592
362294947
524551706
686332394
287209016
158641141
282923954
683636096
397166489
905455630
546009075
174801678
528595948
517419229
434712289
760130310
359102198
269417614
736269068
329697619
493877397
549030141
863487405
779695474
312137506
61454627
250177320
445609846
403106118
883100534
706933269
918954921
977580144
668765495
712789542
833361463
255175916
365870425
285489513
676776280
825495717
992175581
932167600
368970104
28857537
127689318
951454007
387838716
660210272
985603639
701443041
790520073
473922197
178445491
878112450
217675132
520809753
205730369
546379353
26397085
405835248
962438210
154787466
124459285
527622578
723085463
387011535
558998367
56830624
151120414
392327215
984519152
92815677
727015315
82917433
416046994
979292975
405637985
260037255
210268391
294757341
190642355
68577757
869881649
502950119
952092584
200789994
270143199
27280830
278562751
301788752
663174740
403228194
617095274
265901081
869382381
648872817
427999266
812631666
352432194
475001450
283179394
778946254
781052745
619724092
498155882
743771376
945819703
479954117
35608323
241993601
569691033
525540931
177181648
100893921
273118360
302014844
166724581
391828548
194017098
68492884
78601139
57902710
948342607
361203255
18771459
808252619
144857167
108481810
416602335
25182682
632048838
463381707
404386687
287298830
520111257
735446221
143564200
324749202
912774643
410376105
432450934
42883448
170864849
141428743
646922674
979947560
837475478
383097845
89541367
771611766
652406181
428399029
383389556
662508635
953520310
172294298
132837013
348385419
573008705
193371627
393606781
534866751
840616301
992099637
806190998
658618612
563948100
185221339
372610712
239382704
357857002
142474103
794521848
494312057
569623320
736919594
383146699
257948287
950091245
623172701
224062379
609713845
898456396
641190844
913077355
407916256
67696844
78273527
590143310
926378228
568933394
611208853
733969066
428207513
760351630
897879946
565771763
520096311
997763162
600199496
455558320
399703151
229562699
338374867
21773275
939458751
829305710
745142942
357112014
854405029
99008025
153858288
390179754
730479098
235968780
467067923
813630417
390856332
749293044
838720698
84832966
197470348
76083025
178529212
590849898
819734497
28012155
928375051
879069551
468991941
67652913
404234871
723726028
759742927
454324796
390651756
431360
426748013
239471732
535343161
630805493
683096101
856037902
430486838
535272497
434578390
743065392
834733785
317447080
649031860
887362203
123223958
577841699
813400971
494804161
495755660
288810125
515579709
124344615
542994846
980772707
764139154
157893994
411648389
217066660
472387042
87661972
161666996
906849020
237282365
907505815
568996593
129921387
659696345
144439629
988332953
991048154
250590647
253422462
235880301
594297306
743489236
953421030
875594247
512217104
294708139
358931364
143833760
129870090
728262391
607157169
121396744
119249228
690554671
179867801
346299474
886034206
479397796
492970463
550822789
520971252
597719904
794628250
171047338
399015598
239529935
87152490
974291809
155061629
278419383
589944112
882346434
215010211
268215360
608919534
739831719
136089772
833487288
507015894
526849956
974560492
736877599
400139239
710493194
836104533
354515103
988863062
300670163
772324060
728827028
278418560
625301567
709389289
661004572
140776169
758373832
364820310
274906943
558678265
222770550
826970724
526031515
664957904
976404594
50651327
191964636
677104946
78980670
697113094
174674424
941217271
687138511
570493972
965058325
27764913
779765643
93927888
484645593
463365844
702411080
674404623
41322044
632939524
71927257
614481294
17541607
825287968
631387821
847387222
868711182
972235117
41821087
159590450
820667236
794954177
946118811
106684085
933375945
982949492
198858753
199512229
636898670
809301337
935429227
321321590
790366866
795115431
880981876
713489497
836658869
318452423
334369708
790050658
376498019
384193834
513102166
988434887
69385589
256916627
544794303
987796356
449558770
301849939
803132870
246144135
447182220
951871024
447150888
217160704
126994710
365059631
716473024
434488476
686958434
153148992
63426139
148532749
135225075
460100743
473136104
375227988
300650808
800489514
847567237
944668828
477289881
857501375
528364152
958401923
277823270
340204620
730052566
725939195
825492040
568967779
775369359
261024759
705560217
606860402
153859804
298370225
556059437
495320649
268516917
437680752
53648727
393151627
103541063
927017757
379773197
105049946
798677664
597265509
142404239
576328299
164912750
254660548
864464381
476092199
162011257
473942759
631012551
574038442
617951939
756041459
890711753
222816336
672631676
201684212
42025185
526394026
90205837
176871312
604986971
108374653
687447726
406973883
256487278
374480054
133659700
658407445
408937414
799867064
593428864
594346131
581349290
658886980
338737607
505139476
899888701
519083920
933869429
24998300
318243036
272629476
400186453
720855877
622797486
553848567
267922622
284674022
238533605
427029823
187203148
558995971
869891937
346862089
797625893
184549808
271851630
556820785
143996631
972924500
617655848
885868251
805803652
861109055
487515169
791524509
23122913
195741604
156219027
773727533
858969854
180606436
228692750
111702926
405723560
469278870
983141708
694877566
210938405
646917847
759209347
238873071
895667912
18112943
213854585
677215725
610118742
809032669
460226905
42539219
47741227
68476415
685694482
413309976
149639089
121881013
319284552
439145958
37552023
59670204
554277164
972794341
612791282
185618323
513687127
847610897
807173594
951645436
896294776
853858915
974252645
721494574
116944573
374246876
81188787
952558435
965566262
72377723
350222617
668172067
391269887
747495694
45785976
894613264
582476148
303650256
923519568
784812550
460942049
273858102
233100434
623338713
311568805
970231098
170730782
811385074
502832827
320519542
688901828
837402106
228360063
380132809
357396120
675935692
264049976
428469335
828737502
544568144
360671535
565979933
543412412
247289580
711390545
752766124
386349796
122938251
308677987
971758669
388283210
435802339
356158179
258579674
366698073
136319252
636302758
593144049
174688084
911148199
371206918
59038358
729917241
595151365
547003602
473371594
97435424
739107323
104668133
884610861
258962597
691624801
38538586
500341411
540740196
820463286
339688312
468792270
613375792
249264610
154710105
252876208
685400348
102372315
892077934
416783676
669820824
538827953
851393325
336250944
834916719
214455439
209061566
848335467
5303451
790832244
679872315
381651639
42141865
425143270
800900000
342734611
400469742
483346697
952116977
165313946
533912746
742398855
386336762
8575697
426297706
350958448
595158375
497152048
850801233
689961055
678873214
220603465
682673807
461096170
822916083
299992834
340972976
760833156
936618205
319631958
902908112
75681790
93581547
485104545
557982816
934735541
203023034
648852086
216370027
247844959
729508656
309386492
869542367
222109090
707353061
217490217
389682999
278392111
108938439
721582138
842337128
256487800
194281681
112366389
62978271
204955212
477955856
21387100
336674995
627936868
545273666
596830807
651536629
601534885
104983196
235077898
190027152
317086356
403584661
902400584
181237659
849706777
685019681
132543358
828489970
838939409
48775951
502915606
149716902
849476197
186082077
79831778
916764111
153526398
68328553
653991699
316428767
57009352
841162592
840376704
437200471
702129721
453134555
242186509
601096360
68802439
592144103
469688173
496243034
375961663
973465846
296739009
518922716
190413060
674278725
798008253
195811745
907195064
669539614
7083471
998808736
394275322
256834477
93804508
555595049
132399082
732150763
686387409
307020708
745183929
821928350
177521204
837093631
645421344
33852084
631147312
915893221
657915381
305823255
332418966
101346017
784382335
695476936
347561042
387484540
559221962
557367945
427507335
775374229
76918673
918557697
13659474
44863501
78816140
489505023
944003683
851564456
511965502
860869046
360890042
716476054
801435353
416647884
582505148
298619316
79041614
351932153
584726666
616032937
984807878
208150151
420132284
794220823
103515379
771018659
712956534
124195919
710842956
405392185
160694612
154132905
529709232
253445535
978080094
774728080
154325334
191769805
345497018
34888470
669190205
495377014
344839709
524077216
565378891
476254235
525025680
149779539
233234143
501389199
971796005
920576865
348656245
289619457
994948460
282522023
477782953
837126513
146425848
899815991
278804718
612847442
915448261
661512555
470865836
20429542
193936767
555853508
219625001
784587515
621636723
892779188
34247968
848808139
877964578
805607211
810256974
286953827
145160945
448575283
1057244
588072387
116565177
515373260
317984309
839431952
468175131
284544636
290586950
605239998
645401930
657255141
622917994
10972700
268304930
974527709
723007006
960887035
785648956
499605946
570336417
589087746
479809226
618672849
490605116
178763578
839610871
88290719
788670938
10047141
208026924
861354926
494998130
402535411
613882152
273810206
63334987
686337195
752631651
444729217
783924910
118038869
48014858
802083605
737710475
594104713
25329867
632065888
984993526
592862371
666780852
805601575
82974314
614964017
910358699
875415564
803717214
124883744
222222014
376482189
80331507
503728217
913547700
561010180
153817722
369926317
429781002
174979794
757074938
181529847
140429916
621335229
452253906
653885419
807667458
984494111
196900546
943934177
918591776
589090700
539027836
476968860
774778803
921874299
706758703
747292878
795710417
249240948
190816957
306878236
374956191
646043716
95945829
936827141
272348343
58422361
957852029
441132314
128041781
516533719
126272324
910725940
150722334
400668497
53003318
619534701
44866605
197742274
126952636
600426703
594203307
919759153
945968148
590801908
249427223
121154685
879894556
937187697
904023174
247143635
889255546
518203400
342374155
876042881
930709155
994156443
61266236
927874111
686961846
783307220
378132383
250151945
623238612
493596176
744846399
829262032
456847783
294927625
81298725
668784770
221269510
995087237
152187822
497763771
927827259
375988332
723713714
331045174
83047175
993608898
81613995
29149613
756475846
821507189
726112791
847075011
93268484
583109723
793174283
628681515
917443595
552747219
864288084
557223776
611748641
693274716
702334893
759550108
978510996
643415340
697398970
864265515
897775394
23560531
542131347
228890806
794849854
458547268
328498046
466151731
120863948
810597855
272748599
889188742
26195458
344126906
881765382
813359139
353622994
334907066
952278579
124517685
398180825
686279436
734553859
557014296
969061567
198610635
786765602
42249273
329741298
557504448
370987785
484479249
475035436
893513474
878659093
600352061
686762318
904410937
98125441
197766137
775875913
19472997
880888784
999096451
700940618
846524086
321926658
710773318
329561684
685139264
392666762
723042908
750326914
963906849
45299367
385130903
464936711
566464717
375528145
895931733
227112077
68348015
392178850
286913546
544044870
188244251
949915824
891858594
759834934
397329815
919034789
465696912
749262587
755682898
659205802
442345928
860215133
429654104
873561622
35223731
714226073
948020433
627494128
532673657
544930228
722766672
67485754
366577757
734186911
890737359
861785318
142869534
150005148
945033003
334501589
390348268
824111459
819438697
11577872
374843052
132214524
340726045
69217857
382990706
344842503
961581819
642833325
289916430
682582231
76099425
450422342
620822205
180034482
532692039
140931008
959671470
356075107
936408887
586019100
173596626
724937798
816425828
345108185
686974433
584325919
263265944
198952112
76138024
324520782
526754772
786577840
592677124
546957431
747935253
58708255
715049293
341216551
778084661
493273198
315360831
191202717
297872512
996516530
735489625
495990315
124104930
983133023
476163978
313159002
491348327
944280037
84140995
480267868
335169585
600501216
194311910
907843175
451623315
400819011
714106875
79554088
426264007
842718722
5095044
71772487
763769967
72418744
386504150
861743930
465974285
701679460
803706030
953282236
681810165
719684563
285269873
443558581
308539413
909677223
149100857
114521031
334654907
480227962
99038863
719263704
185067700
428731175
829400837
475256386
519951837
684663342
182443898
128346703
263850285
233354020
426715297
759257196
205875948
282645066
344999503
393726880
465842537
723154735
975173018
214410954
150596535
708446822
932174955
522927824
638176788
281314520
863226132
402320217
509810711
838502288
933436355
569617877
234807213
114552559
3511715
442626975
378511065
699676581
421731163
567623426
418065736
343678301
443813738
572731258
240056165
482744663
288576314
913925769
609261456
237666272
615061611
602279200
649688341
27970008
27681257
833016093
110583523
908416896
520557715
573710438
843113375
520883208
251214708
166672468
468025540
996407950
182309609
409718653
239960777
74946009
763542811
508107924
869009955
352801625
85465595
669563485
187332890
30591958
330881300
176457243
984837842
133098295
43791015
604987852
563725694
962107652
498926921
918081130
208376085
997112073
851182845
414763814
114894642
814593145
703426156
650456460
602875055
885550118
250516854
291428201
255972505
16684282
955854261
53397213
425257940
514627304
87348782
139479104
15708407
589285808
391498891
504782601
757483802
253823897
971004087
869945157
412357192
442035618
587774223
564430140
806426969
493903016
694308632
827876950
916173441
403051861
77123661
278180630
157290086
131717758
258474660
462501673
999687897
134943104
54963222
389363384
737016623
60538
594127543
496215201
629475654
858288700
529021217
318285518
315701121
635816303
499735175
720285321
764141976
880756482
798927853
540386918
291925466
459868235
280823183
729735727
504714093
891470703
556750801
919279955
949605478
846405233
98465826
556189358
626140249
4038624
980918691
38498856
126269751
67407761
592239312
423600961
730161783
38929136
297320872
332991047
608433567
114956651
647731443
982917545
481810400
280409782
804541559
66547017
159810746
332915208
997461882
846627157
835601250
556615621
250294318
154655717
321313748
797435794
967965659
626436602
605653178
657762081
792159461
815089552
243411621
827333655
564607270
224571922
578942625
744023315
650408107
581323601
106492931
570189824
170610596
191032155
643088472
798381552
424288104
643489021
62048267
240738012
364867654
72315457
25198592
343985482
1514558
324036789
452917942
407272072
794765443
246113115
58862896
116684699
277429760
87413617
40473232
143638844
767633153
60994223
688869655
791259865
878484548
804945064
780622888
370341972
799612315
508362928
785542228
172239759
879343978
686942242
553325008
868538547
420318228
994825621
450230060
987403204
957082913
449501587
981952946
294915941
999403234
962388251
4734432
525338186
110660639
737942788
719825329
763805731
460615009
775260122
386793461
631721421
309287424
443324473
349759377
253524780
308433074
88659034
883323095
236035372
472312748
449117433
871649902
695253987
567764782
594670307
501315648
363207606
861569811
824316043
901982250
829840665
992676693
774882465
283024741
531586523
157730438
751830069
999737827
719993958
45222002
414593914
508779689
502917597
404902027
139494270
199684355
111121304
210848860
207935298
587877536
9194042
953833491
994179281
25518500
524775362
43083501
26020600
890970703
534264351
738236455
755081489
806350441
165448502
729429955
34197146
583961646
221999793
143413820
418738806
535635094
154395095
474811057
82661101
756835181
208143271
935946738
376335030
472383012
141503569
639465960
766221315
279491600
426309447
125624329
386618845
808448303
699732027
814495241
547544754
682554522
342937604
781123805
627087540
534997117
449404936
126371395
558253804
666751684
417647821
417064655
904992751
821831971
970908099
362663893
151240145
885741399
176468492
562932179
460422740
50623194
630163363
772642210
191065146
625684209
945154843
484483204
976182290
341612142
174931269
102527158
783476411
985856551
798188116
853389101
920339933
824810999
908215474
630530596
630946062
486160853
515654005
300600511
40147063
407935429
360408313
919532284
686513289
953049211
383953465
334577294
75374661
983992644
216003068
120765446
951417152
688436067
944421205
595985840
636077900
77070973
536378115
76987603
319938479
464659650
376787282
380492568
319971165
135619609
85992925
473228343
29542169
248086088
404473942
265960950
118696504
662696751
813028827
922139789
337642967
10291944
430520946
598765205
260604662
164234256
838362062
449575784
754232462
417972862
367409256
539820995
801310206
372019426
215382410
197542784
479388659
177519448
764057404
111397550
339726175
710348433
267839828
573937600
255835793
93162141
599908153
48979470
938452510
14332302
811536839
498595997
140835074
877064696
786715694
152126331
433043854
167643966
348312698
471075208
9985259
903646275
393888370
891969580
259942152
736821061
77580983
903420887
536817789
269868517
651303261
148117816
800179217
372057193
195150150
885575901
530786386
971345716
551273697
697943239
166259675
258856834
416156702
856046110
882464324
635729755
145412047
895525146
258869020
351796881
626845375
350412580
424777356
423912120
525540405
564108082
540557671
475049767
705725316
897067751
28931015
913762893
715276771
690013705
180493890
775450902
2319808
774519695
659551835
382619050
429744317
544796486
180922455
717043263
574637207
793550472
59635552
179422251
627820620
517732452
187103024
752534062
514459651
260518320
161898353
350660031
159950618
544900731
567535837
724775012
982112472
131580252
85058174
451043006
963271520
138690592
270220765
600887825
549746629
960884282
647955237
421234778
493298879
195192589
195223422
942027578
765832137
190691215
980662472
417992831
926935216
656026407
303490283
553699643
308398091
855906362
132329108
9345615
67833888
543609835
103298779
559457072
476194519
821166843
41651321
66185491
279983600
309220778
285230216
160333545
611482171
375176081
770478314
410892470
854394507
595645747
617801781
538496013
311952296
733608106
772939799
559485662
825995329
590390649
389100889
926305555
979279611
819735854
483205658
351943753
411066168
606006578
926513478
789044682
274746689
594554371
829157497
293115425
637494433
498100824
897350595
594301652
316548258
739777263
489409008
809911123
709321645
961489054
429853245
367399869
5360276
705390678
710670302
227230999
4114585
180459884
804312474
669197485
222424949
399035101
654925988
881236848
300337226
339219510
661452711
653195108
483700796
764103676
679307375
487199977
615192789
873068364
128958555
357449288
957446760
334815657
544824894
517723001
869614781
980786618
19504176
818113719
279783963
241857466
230841010
804849199
353106824
683613892
957773717
364160108
161899652
792203178
645403453
843770159
233131128
658548573
330711294
50422882
198802185
743993732
17035393
69343311
377915067
313703231
981787929
84100398
695897156
988678519
747150220
828054730
224237909
760581007
619364828
115294589
310173344
30359560
561955401
812156945
597716297
745344639
484286160
87497341
347164227
129032559
420556542
716546153
306199946
754356303
574177282
184665041
279487895
417888494
311249099
978135320
626111378
17596476
839579661
494392219
667978875
545743200
72924438
198597590
494248061
672585745
877358381
996019045
695786480
939375615
970767898
604772740
48234436
316603004
783890570
2369565
622012965
367476647
372442353
448956947
769365670
241998393
533600376
583483583
950201644
546384018
802424168
338266331
607730478
982874893
404627652
275955906
359060746
951504210
689978069
852031570
946211788
16000790
451766447
590571172
386856879
866236150
552694883
937711313
670794157
683859901
842662284
666286619
339204724
713210997
493223709
216088457
328359305
577084923
98762775
712078562
888249539
663567644
166242358
754238194
148832688
54415805
388511435
338519576
75825609
733827223
25209140
848433511
622366424
387036192
978876289
830927058
67297041
966407472
799783175
425941999
150412407
782340628
340198502
767677665
565228325
275689044
192874206
987052489
285808977
837143449
617751276
279856691
657129434
233257694
536100511
55431231
890481225
437749048
748848841
207451300
246182366
586012416
772186528
970632736
225114313
602261531
382813868
794517242
729868740
855477346
806875515
243573265
519402520
454957890
378355327
945077846
83970083
457799897
572761992
315286774
153009110
407870819
838628485
808324999
5637862
630246272
532589104
716918236
327519395
650016512
666184039
39184329
505372434
558518596
478858820
882008321
294073501
914377030
503312810
428209880
143896230
229837905
219322097
193158750
361673576
675601588
124233719
872993443
32760153
812071872
780059054
648449344
154930208
154736473
121998823
660911444
353854922
919603806
13406290
655614530
210138919
927389339
235605437
485335014
897943549
454255537
546206196
283858540
751978802
372005584
287411360
286504083
378614516
868612533
61484701
415423987
750597630
444317917
943983732
925283172
845961736
740336286
822950355
489992936
372549239
404282053
280802185
34201797
157249221
691208528
322750612
98904961
859916900
939737374
504752048
219507022
54303998
781071501
852385920
844918244
12245934
885500217
338209378
30564464
758691710
35046593
21265416
367671799
793284660
791767785
750280040
453578745
897612491
42219952
80526788
782905945
781349329
382205501
519475856
989164951
259925973
453384915
615186879
170213801
849191197
649705834
927901520
72421917
839412634
314552628
940179310
347480925
999332479
365677217
399303940
528761637
20687587
102298133
955660980
999291367
742638747
324596964
17363072
187509560
798401996
423049528
556590596
977152255
381938213
96903114
332414989
101004779
31029909
187427098
641636692
413583283
862640921
81006502
207345191
411082451
380617737
313158427
593404465
727122698
673361491
877947999
829125985
752839933
283130924
603868837
757984816
348123501
698679671
17658841
574744449
592452425
919264425
590547795
890469199
58802511
801685266
427814842
545093818
856739696
605220113
356335670
771890106
262000120
555365990
512937012
532682722
565953006
96324437
998912472
263742605
747800728
551224801
485158983
444845207
486757869
922203085
854690099
602834358
913187475
911722704
648483343
723423056
474283765
373353260
724694879
475337606
870820199
322986814
229678331
684154217
918981564
724804922
165542589
11949038
860987791
377295541
580188410
508868184
805351608
430585729
703767049
485424656
522992043
697869219
8319143
281127037
440357976
456091087
589571037
206851297
986411238
921376533
15114016
593463245
1085133
414432626
359099895
23634834
661102663
432810023
489714225
596447214
679215604
381645140
661804076
851794514
404599196
475887269
706546890
53547262
193373174
915773724
981486123
313710749
127888623
989639644
401049851
538254011
617232805
395274599
547860996
694681802
803995294
697175633
232303065
315113028
876513058
530653537
668016025
677275225
486236845
619643905
43493165
368609535
573479527
241641976
838672074
237470044
552449385
807170213
778182707
690737346
123737549
66119802
379685432
591457671
949405109
27826149
215841564
120582368
587617483
318823254
331585036
85308033
184600321
167935442
478108696
863650369
68588138
59347986
567743389
426012561
997222115
126271042
282322849
34995925
249272402
891046658
9172984
60944791
743187183
444891983
735602907
601629035
397225456
264272360
963989337
291805359
585026295
180839075
157278235
973845415
166876721
234804302
999136519
244841261
585492096
782532631
172193980
660590439
82248269
529905427
761836919
830073207
290089526
641239193
798850845
138443867
578623003
987319078
431973683
390973715
511635240
70772105
413438069
145054152
361645639
323659275
97025890
676755941
751116555
141441623
30685468
622839103
776093525
158486588
488820722
84691246
408172823
304771355
709469910
371904368
97421713
552556627
840006277
126894468
447586524
87889358
244842686
412501900
927567713
341551731
247648211
285743671
837641784
595423626
624254138
902843061
990478128
626491918
35912611
841752069
66068973
971594544
144900024
311602338
30591742
313311419
657811807
514846466
639229461
203611545
556073932
849779332
528300546
441699715
812311187
166903904
416356087
736603354
69180136
406954539
373903993
401139444
612319234
325278773
447501422
8821806
340653162
733635387
191624822
125556891
668153783
499869342
125735380
206216238
166408639
426375728
51317495
436835880
772961064
36105699
535888196
137566575
387566237
295984996
794206450
101987685
650392805
477874417
644033501
738111248
882683549
957088599
396009801
10553974
842039961
548281102
758142392
935498705
444900513
932693010
436704998
732964361
639210824
332177210
441867530
486596659
673149446
24178494
145170521
559744008
128966260
808841384
163765601
431792301
16984514
238140286
14421365
492498259
243118794
646501717
789507875
736532173
546530947
465740878
905991928
444136942
271257855
485189389
592815967
485123971
73578980
982068634
459004695
813643247
835578972
297927343
172251052
994941442
465657320
804115734
48250380
354541171
330796301
809044202
205825364
266710347
930143542
574899583
814967096
605948503
328464115
27363256
529172511
31558390
615409468
528628807
157648568
800474501
762394028
649620761
218891010
827306776
925049385
435168476
692990386
534806987
1232340
401753177
442512969
432925999
413199748
471874019
929110243
792401844
15355039
485365627
669706471
757765843
557145067
267329298
699320850
523713583
425420504
143484510
551253533
267178239
790644003
498278353
995368596
284505948
447669776
50399717
16608050
887715569
199581338
493882490
908572686
302744932
843663052
843040347
553943484
383952932
118599605
920584705
776570996
582490526
683694451
914311108
203958092
230727070
291933279
278359374
214169479
100733965
234224833
100814501
548463542
594010575
768821828
260892365
147304526
858487147
666808926
568327460
579705911
298808526
103884394
280099612
485533150
203673356
865082278
926509776
171822982
736643667
725975137
981898780
686471812
25913010
452804805
831695221
595380263
326326220
862453017
551260344
190845856
864785502
830480689
623351482
144556745
852616331
934805577
653289629
359916681
55494746
241125928
510464276
695755765
76612885
590724419
710009809
99967222
130953365
577197252
504017397
385918934
729501695
246815676
149015415
189462764
797771178
907894848
820898419
26550557
661229515
676580841
124860252
980966514
849415861
43905364
27547032
587891103
652541838
55172578
677212645
730231197
155293325
884506819
282930105
338409350
756857724
143654172
79523632
923857506
10993121
705937475
548561430
622094062
326838780
864522198
898381866
646761588
798784380
657949910
232270040
975627231
476899398
278044499
387845533
874767474
400994124
648427127
367598430
86854141
815511761
473512091
959241851
353898237
418799094
462993779
380525846
129203150
465847243
411704204
848541725
194615352
305407507
258302277
518794546
845911142
223866375
568226664
334273077
441988737
640372124
812023403
594201598
266914882
747839717
862876824
786738624
107265431
822112671
682501985
595029815
89204177
158578977
722426687
963439169
26615576
635213133
527305125
841475314
89162813
272391603
834985414
419317906
519815390
12170521
907033627
449559008
915734111
529400596
157635607
86289963
353033244
15224320
974529769
481552267
963064627
525168483
153839192
809377051
109212021
475510851
402592259
411369120
709488161
917456291
523970409
270652768
483355393
225959459
25243997
322083988
894585452
839497656
900902171
944083380
955853053
900371331
504419165
108898549
367264275
136427442
298520214
173371613
82141890
792889170
232351866
997254744
417655968
579518942
497626264
575505741
365444665
733002553
383453989
916645292
748222489
379739292
249830592
89640614
463123537
207892290
474046329
56624361
552972823
351975921
900585638
651350487
605793380
623198121
837886236
670898233
893608801
289311682
148350877
129010937
679372632
735545728
886211124
659236020
917123579
915889550
482783358
999288844
598307200
682937741
111026938
235748433
655544085
546117438
86835769
477713776
750269194
185253631
616294753
129949822
424276853
866315129
397897329
137897789
765787240
923312057
317693364
885397034
215627324
942988322
845853101
508472814
133833997
719585342
744802106
523291039
923375331
766015792
757926189
284129064
236776207
395911097
101128385
662790005
478919474
28955789
935339550
615261734
954917611
457831549
283679927
319933475
782081622
561846871
685428937
812466015
822990722
229152222
89872097
567263675
766803703
843574868
387674223
990528039
624537599
520761887
531522014
5071822
646697820
199104772
174660567
19925884
942352035
430520427
662639181
611578641
64367847
455546468
660904810
164002252
611263187
795525150
773753395
611525664
17867053
995846387
927527567
521469445
41249992
717071659
266914802
287643854
579614969
902711419
585189974
250312377
27657130
164872267
242991051
106452469
980369999
817740570
866677136
607190160
328049185
631454566
774709117
91046157
693941986
238273496
913685746
271014540
530450494
888882684
817166912
288075202
428813004
996966285
757739790
678575413
134718033
944291957
337463668
157586026
229146820
678640765
541795324
24615240
620595041
75813933
810024171
235958864
351158291
394886796
373230169
660416320
827456201
186772959
522823130
337505041
141774751
238088571
300674783
990204487
710677211
7322788
928952929
790564161
354243927
356778879
644743720
642237666
648250728
742664219
934851392
188436161
64428765
531698571
881939366
283357133
129348402
720989991
624832025
879466859
659130615
197975820
297332279
563485691
742108602
979226316
384265750
503621782
322479039
566340819
474850753
150679213
202265995
881070518
183074855
127776440
923665307
913542201
606671900
906903662
107424900
555406484
864350372
329278330
52381288
817685958
695188988
37496670
588965123
86996051
102559494
124703918
841394564
673324586
96313687
390769023
723218170
695768777
113261157
855846376
510013220
59865576
6501677
636511374
742554552
861680736
103636559
629522554
30208776
216088098
363932193
184693050
850710189
651807323
141206924
16024718
408291423
232846657
72345665
106610100
895734845
612395369
671200525
21838644
201280458
565658469
208752427
887723460
266974593
697871880
64618920
262637411
307345876
41926529
916482699
605279061
128576550
480280992
836389336
22938570
726074555
807309290
691814276
758663166
168151229
293924725
556273302
882091835
818015180
510102488
557958885
192806566
497898690
681416599
227184464
282630915
438406435
328166132
782055331
520909194
287020367
70447665
974503417
245859995
880570251
434017371
989117504
923884160
967318145
640883284
639733358
507461410
841102574
60292178
810327684
96551552
401917413
501209265
210280382
342206125
472064354
580048512
541187008
766255241
550828624
480741915
349707956
664099845
772228086
317501103
504323334
609096260
497369179
317369833
387084894
250673639
538529015
245902663
614724722
780475975
699972660
793317190
36430172
118238727
96613931
899087163
910386858
631985567
134352615
949780977
385539421
303684311
39583938
761452887
529231432
80956553
469429340
304281396
731084535
686208464
427915382
563899583
900990651
591767204
517350643
604999686
25748693
22259319
852446647
669587817
699937720
333270482
867252692
705934345
366440102
108423748
967335418
475484856
815043402
19520965
110132576
132647122
689159060
344920652
20456516
353049102
447334859
464079447
351031383
784249851
475683747
420285259
374086959
950090370
730929334
385641157
886209712
627289169
595671772
23332177
280552170
309728479
243924001
502157788
978843433
403018790
831659213
13104496
572606876
238732132
323493801
489240866
779512198
211145623
691889555
956960437
904063911
928049403
580892261
484802384
519985000
969808834
97806251
996099667
452653326
785587060
28033624
928555126
332416527
307487195
636133489
963480430
730933187
226296024
151598604
283051235
391309924
525157059
803465721
427686660
139193357
820988482
615430683
806676391
22763314
430218321
631126250
211632666
696684861
296429975
191814435
863301907
728545191
354712066
170559441
26427318
529802251
29388259
419726902
416714183
512426055
818720896
65095952
643071227
724812563
928005290
919066310
40344264
562944703
23223710
484640571
893734604
523293249
651349837
533052120
435348615
21598968
336813574
783018720
885291622
966013904
20950967
570818682
909452649
699563871
532574249
864617538
404186857
653254466
88323346
913267781
171910908
199183581
342267161
436591543
41753354
211932129
224829840
769563416
642779659
533935545
550581015
312415625
947910062
926595994
552804609
997467022
934927786
269605684
825973386
709934800
819922848
673644757
1777756
512168603
491230578
773475490
255619984
693951262
254746104
535547831
149760447
840095572
105365076
659293716
976422217
313207741
592733317
737359706
389879893
56384245
907101448
287070736
477934805
218765271
592483287
709888749
58865672
356346249
19667660
813415541
122745844
29272162
565965288
229758405
950258168
248119314
532450588
178288219
897938313
777087955
907349612
619176517
371786431
428176618
406071591
160546998
917052181
918627909
759565709
526385584
27237905
269803626
183492214
553349185
497647205
360951589
259619016
826791253
395217443
459002394
50244244
669447498
610555240
715179080
211956129
497549664
902698460
88389295
572675300
212503287
797400847
809111744
326715067
918997112
227561154
224728867
881347499
592351977
867302289
282866651
717213499
771787933
447111848
546218859
232014268
579600570
549762323
812245966
610471732
358765298
28254302
318886573
717372256
244701843
346019546
445395069
672364474
680983107
756109504
582940890
384315319
755138175
122760592
142326776
80198251
576135554
671861747
782053984
7969910
439564977
251611207
787205227
47122079
605231191
842567890
225223126
625033718
963415744
867174611
536068065
713320705
384959877
514684408
634954868
622084367
635704015
359917033
734983753
239807161
769271663
524402314
343444285
755080321
305181472
184842049
622726687
484259674
966345938
935025902
792137309
110042906
477179652
819265329
788294132
292889640
674608984
101405396
635781935
587057910
980421037
473790502
186483606
494728804
287180423
136144258
906642095
545372639
893446656
97279179
234008455
261169457
93487362
555767139
800147277
113228527
686816861
503577213
830324473
320871263
66162767
138678705
786517335
294392881
828294742
986244867
799593385
808552846
186608765
865983778
435883026
18472123
287316027
746314951
867615494
266125253
891448499
775773879
909926230
361426891
696706210
296747985
777262591
64825188
280809604
250254145
223009256
389671644
982583503
836268932
790924895
832718175
432582744
696747710
604483462
266365154
973361075
27185827
408073318
94433027
677242978
619128101
832829799
657469208
305085875
421332876
702580018
848217748
896559640
534057866
698497304
10940312
7092567
749658885
196262053
160029126
951187736
25992483
700363038
556599794
57538830
919636364
840314765
737211680
253795561
97414164
627263157
884151615
95858456
323302860
400111249
846074621
411211411
300954069
92185540
68145904
330743645
171408310
306484029
712421703
397071859
266980570
531163248
345403209
81974976
956718596
676634834
412962502
831754169
535616529
429316269
659228251
604993635
289140914
704446736
689555646
953113078
863230358
173946110
165922414
671540091
732063350
241943062
158034506
827956724
112010004
211313593
953894232
639968592
529658886
146716557
745973050
628672431
679655456
379935255
842142622
209385099
630006195
461961438
333248201
619660931
672136865
681611868
233160307
883059476
879342276
821870729
678076327
104737243
255461967
721590236
179841212
520924320
596133511
685604584
813864351
93792671
306425444
875058893
887587202
312772936
459865366
416455686
187836165
731720869
285747396
69423424
227420550
597182349
532777594
712929871
862318826
550620621
332489317
104433704
753498291
838655577
6720177
241320772
316875958
144567306
564048060
291259891
719889271
889944751
513539675
746510835
426394262
578011504
167331515
589376403
738231939
125945311
415953538
491882588
592968118
830230542
554863480
363892870
215564135
516217002
947362911
251815672
145721892
517200661
759731627
411480321
956995943
401770968
58396466
434903055
616586288
882418420
279751965
685871487
104013331
100746708
153039506
25146568
423831670
814998283
892967597
852998944
775201273
851243153
910984072
37832032
878906068
836471298
211305900
361983447
531975743
723618215
885567196
669235815
818946535
861303347
498897488
476761975
237477449
863560963
352164038
711203387
333712156
999018866
544811916
830612049
761003570
578563371
242644020
385401295
954250224
541236500
4137582
1116235
180179117
727102780
418051814
537856322
182799032
916890134
600240952
12544406
440778813
914371971
527389200
908601755
773237768
456535080
994550468
33154534
937880813
730382413
626281329
914002997
543056419
348658206
166611818
940162601
386302536
654941105
792583851
234131893
485735071
965571709
730157795
901744156
325700841
704266376
541840065
32291756
206414836
305106713
154896862
849782399
809997455
693459064
117246162
932034657
96021363
397753322
62868552
878845306
527825527
440604271
766434621
884403396
551279029
91085599
130073513
351878913
910672715
456160233
752841403
313543038
666322727
434038943
70724275
867205077
137466191
581176166
747065594
357156661
242907820
149380799
677331332
584946958
646312821
64987760
618765315
529042732
974019241
684759456
261542568
175869509
22697896
404769360
962472861
118030574
121997583
652321165
585896788
667004271
187360387
954618463
900713030
269876394
159925207
628445104
95371497
963358403
765579950
742846717
102354006
106542503
381505902
240670971
428909635
841962324
438969363
111043673
588415516
427289235
888749794
618404972
239658647
756227149
807063489
162593194
615319353
857336679
950056285
299270930
191052502
505356526
409907248
837264385
929693660
329893422
711362239
306735450
140644733
716870963
167387648
487297082
35047473
520882809
665944885
377103601
610529324
3744186
816321874
257095392
562153627
87487488
397838902
381597022
304768975
41988964
179800114
102012346
895122034
205775206
432953610
905787459
350376881
797683930
242274372
118763864
120494225
735612620
269496181
632321489
703503202
51622799
910314128
653300640
496907514
944017139
150417821
139434990
604533369
485244270
601555475
890177707
829551307
151295114
66071427
132971586
654777576
897382528
879367976
540395159
681762099
88413402
146657236
849774880
760909997
230014531
527144528
231171759
126781920
150370615
640501091
595213535
164182960
839503322
710561961
116116402
834921870
385224013
948272802
550891707
103227768
591752886
317064210
672471096
973368723
662302441
691314497
655558233
475331635
644924297
60331057
324917092
408632690
745703534
347259137
161033741
181442962
415707644
114339364
207586569
75754836
795387531
482713886
258086045
538737249
447774779
695528378
823387532
684581346
994602959
636188634
776009202
825824069
890431338
835847130
945371329
513413979
602208483
410978955
364008504
961686560
32722758
354447082
544232315
829655264
431149787
106742683
137438156
326771170
675579336
531885860
811639942
465905425
495688957
880843181
104512728
885009719
30005430
483349763
728812266
659236876
628139372
675167057
580592031
412157002
790695348
473131359
802336510
808528581
268858169
425056344
323295677
485887623
893706850
63794584
677058773
491485335
807124536
972191294
434762225
235724828
315860359
353221788
642882895
383245762
435532631
689632037
63566734
921882779
412804575
294394624
270351332
832048884
838053555
161025063
338827948
833344661
699481849
255010295
479172541
676138536
911926820
952203665
975966548
294737440
368108653
979702918
175620159
699363649
47333680
916929856
922947915
852663487
197732960
447005976
277375652
987495273
572798247
858859957
969278536
619966453
772268406
479852123
756948907
108278560
943554883
48779335
467582104
327809756
338004757
20548453
272002539
686934915
373113357
795349549
674342811
311598803
187915388
109048278
606450730
504496034
970893357
743075207
975438222
688862025
625226055
584887920
134066525
736733520
867381639
736237502
614913352
930306557
245245565
46366633
504689757
350339609
416606495
491567138
842018070
585974471
155157527
488636188
989122922
382649707
921454955
641712427
275555999
459508152
126783005
893163043
465998047
631397269
573920279
541534032
367714667
539898387
228130641
206869236
334307475
51340245
949114070
249190097
482207606
763122394
277582933
923516696
674534772
999457621
340918342
196318184
166802510
846776033
337778464
582302380
114797310
741479247
239111185
186080816
865447878
207195832
383594875
394886765
752873524
101132553
316997770
83618370
176798495
781322247
696031278
596616091
886484562
885048407
128595278
690958354
635583947
298706778
682360009
809110322
803743407
519156484
339288749
531787238
146340535
333794633
251585573
190482693
809541837
668408158
355753100
399148469
776326751
354094964
951714286
572615624
436349157
375180162
58404325
98775000
821734845
797119130
498071836
689923405
260519920
254595921
71916492
694783219
526095979
669728716
354618594
734241807
65077607
703060625
226508408
507611797
477553727
382215414
365436671
620562796
953164747
77520639
664992470
457629749
941739401
250462120
325887742
344853748
840273079
221949852
51221786
857137308
495693516
595104551
425636394
972202951
285158713
272562877
965992007
455812439
30469160
880303047
806320075
691199108
47369620
168804775
278772836
877902143
348184282
309854846
691487447
902608476
208129964
953402545
681950327
520093017
765082583
568682774
829581836
871100402
420876877
363497253
42440001
337142395
311068517
133839217
193920171
506551426
653865143
616601604
216274290
726756194
652041724
553578126
552984400
507929922
817314004
212633636
416758418
417071093
474680639
604194990
562265390
246981719
925855551
522938791
533668163
272280037
58782170
778950277
503246173
877035437
212994099
280063169
154726381
952304573
389300357
184136755
873489945
230683881
542427613
42041227
612248561
975718486
586504591
800797574
601686219
528312325
690120348
991307852
891824477
547362329
606700937
799995474
778488203
178840671
396049342
56423399
323366948
513279402
636071827
695564449
23971209
840780662
496348638
41484866
882630471
442395343
610449490
896515454
504400750
434098940
985989784
377554941
838002871
973809702
760447019
995841336
592515733
873896475
592450199
620889462
674263835
320443337
717080389
143575740
899106419
316474567
763199439
123575498
488627918
473796441
329685630
445795718
26494614
269030349
408303350
260976729
72622741
755124544
259715285
509562946
946564574
427826706
945104042
104610487
461834345
1520284
817109357
844140622
981450407
900149564
604622541
387176383
94973304
260923940
624651530
339010875
21044062
196139338
25397356
946283679
258901830
392368100
419665340
742446385
853901881
193033704
748772826
591182521
534567965
400792895
510632903
961894891
526651542
11834563
218085604
931467046
664225169
779977032
95407490
894584508
836104642
321969199
579181889
525083882
253841659
840234620
593410110
588556245
366060891
60563815
392983103
257513239
422058157
446410972
128047226
320639271
509155046
860062434
136400362
735313416
241569403
758119325
405097485
729351255
881962547
82281238
100327186
711512922
430298219
74626603
522371706
468264511
855262133
323604085
697037556
122079871
823033918
193916435
80681532
379555539
237182958
303205805
229357369
560387007
221374563
425769177
14179898
441052384
771965020
41580671
404408707
121944076
219574234
347374939
39183874
837004933
762798160
972054572
176044927
253833231
823911875
918811332
234662775
159005030
153458769
397566339
352924952
699722642
848676309
6409136
840497512
574451361
587991570
556828344
312288515
368288709
219396712
544701085
221674319
336672668
106375280
527420457
896191297
278683839
711581156
382487534
890797538
487026224
916229680
809268012
73344866
248450786
840913239
514391109
855347389
657426745
868390095
33077710
931995873
138682745
917855
495290253
616902614
775967481
973529486
372852800
658202101
964126006
857865892
761186946
436569831
641905493
229925248
540183013
428860739
777720357
809503020
763163260
319619240
778924834
271137044
383954485
713847833
783080183
434521945
69961684
16845213
267640306
873954332
745037481
361429080
821902987
482286368
423301907
163564421
70098931
150238263
612883470
211543433
962536922
734634091
452353480
596534313
271553219
729410833
497006514
456459636
648181775
654652631
901688399
893744233
652683781
163146538
98046123
840378809
461249540
744189104
888267893
512361467
896384962
842313472
587584282
506454594
36737966
767978700
113771698
342036263
143446175
121872704
201236151
535624086
937325678
615982505
892575743
170633198
34076963
274391061
623006601
792635723
72877246
417471392
804695124
681354994
873602839
10188166
132861176
496717955
716685008
597132465
88957375
976468236
690283302
769388616
327315950
368893114
513795004
900349870
666947205
652912284
831607170
228670893
153970514
852890279
397660778
384756313
431269909
191103820
149106471
578424605
203685333
554045903
654796085
329888507
664489452
470023442
912562807
931774481
521508277
818067700
48232670
735422651
910280895
625047132
777660897
504195748
977328335
280859500
772449900
701331912
451559581
300456051
713222979
352864540
100838922
536985772
437962372
3427714
84878954
182072470
413376794
639302326
58818233
313387621
800050305
823849159
689731744
16640319
679318478
540526952
212774423
904089862
252119776
508935497
640035926
411172773
630812336
684834199
601305929
264797191
327767516
758539041
455099314
409401794
336402844
184960854
806434013
775937868
961153705
684292024
983505004
758125188
513170268
666821466
870036602
326438732
107322951
838432793
591675233
224219730
460326954
763579246
656572104
596156303
122695666
799890407
605658392
66537091
528335223
968273742
19078128
574286173
896002861
850172661
614620862
957010775
263206957
78812679
210385673
986773773
771333570
525240886
205180797
270434511
548525155
908297721
887512368
346872031
588622620
69461538
809117689
643859376
377203566
164342480
630260192
799155361
977453721
136139352
666797773
463470377
208724489
646058216
426728216
855421538
67222462
215468038
402604574
493250190
327597914
301123305
485221918
301972190
471176909
99611571
575728144
955741059
19503218
907493610
182487717
270266702
622723892
186564896
938114757
306935911
460187976
415131591
67433771
504697278
809403950
914719663
72672423
911983924
9608131
139845561
539315406
867894293
544025371
767640911
207448277
226255161
781500919
558553904
436182991
925015001
279362728
227493836
577346355
753788600
418008550
316199593
549739602
751163625
43066764
551560281
581684284
297108601
673659006
803523057
402007921
42363272
145229733
126089677
808395019
935983671
982423089
63219968
612304483
510650080
176272253
755668430
656151650
212073031
665335458
432559991
207349084
623584107
655915917
999788540
853607772
229368401
66138693
208853050
937097610
118198794
663450255
299509621
272982517
248141326
416905612
20920511
5004268
68913290
308223054
522165405
659403067
788508294
829539979
390531471
882936073
438090362
536759670
23413439
823533609
782223257
900899980
328310660
698245162
54390146
567522670
724817974
191476295
600300729
445296790
356622011
141616862
480761632
378664080
909376811
265751187
638476167
581874185
566618916
484832728
355407139
24072777
890210717
670352340
799029710
300060203
541805518
691659621
467399083
929834066
101912145
802593452
64159058
53674102
503313080
833085750
721159673
656021839
282773547
568740521
576238794
648365387
190798023
730750002
222357259
937639869
469416150
627635481
123209898
849579569
636013591
119351531
236681592
958478318
653051109
831901419
383471120
909196658
294101338
301694905
699743127
779220482
54606664
888308160
199724257
759284917
986223791
251035652
338957442
411502238
426604884
970993700
647237030
740382027
721948933
947802278
573366491
263417353
506693942
473295900
559336034
422277476
674151625
767732774
273996970
280361811
894070636
629320792
293278212
98734527
605440441
469466749
162871469
735255108
36496729
628987230
432093825
353009635
498797987
749046373
987077788
358894386
909810799
488838969
96544953
230562070
58302219
898042301
387370511
568508608
264396162
879577153
509247139
145727913
6255534
89022728
547442507
748104381
758364316
793139246
954856686
572551241
682856513
881085619
988455500
203002166
474073563
54286631
961314561
449012794
765444181
302501451
37160399
629602718
231313610
457080150
28769095
158650006
197987822
222227436
348920764
52605387
770122346
833218790
531459621
427842611
790263928
393911492
353016958
417163554
605721007
150287233
714222031
190385860
153471613
40131692
78038658
906626381
659780716
212218010
56920955
120199085
459094254
132355612
208916068
312523128
982973714
540762071
760763748
133531424
12756926
716702510
644722448
431074623
928186480
374908857
515652473
423436715
504438344
55848434
330712838
192038032
679492507
180239290
384672464
961920609
456393347
868089605
359499387
888558706
877436392
923622254
626059353
220334707
711451961
61323095
114262904
442299558
216154003
709921360
111152879
746166139
779559251
541356549
206910474
695174957
505392967
571786133
716923476
366397850
978475682
208380490
110513477
34467474
770466328
551283432
715166566
441257720
699075547
171906145
417530370
30569913
892077296
560681344
950769472
29592918
821922712
945569192
662499460
40290455
124189380
225699753
694990198
352190623
206529377
29099959
838942446
812184435
394735408
318656512
914646988
810481807
817041372
910617568
957464832
764047928
475119135
847645873
63613957
431526495
615104435
833170172
703482786
500786995
131379810
71868529
630045979
913781274
914687275
923058425
134601191
181245320
548669061
819505361
552160357
165978888
595522401
656144215
788816329
250920940
143278101
631457065
823768343
706155624
458097281
237510322
71338460
915427189
912806131
291693802
532014440
786412684
9757820
710097499
828753596
32303487
99758664
995839452
606595812
30069442
160536073
110777869
115001387
497114614
387294872
863649253
673740881
831489504
818606682
18787736
535819033
521317168
331226283
474085515
27106468
721602971
296058362
738603136
837560422
407444592
183996468
210336657
522884221
233043381
908956982
558223118
695927817
294007211
688666326
187087583
912205238
447415151
39831073
972184227
622637268
838730145
705789605
458578115
411166727
387224675
746776824
568912042
614978215
913755006
917050380
519898543
731452652
169807894
567407631
221851036
289797241
889009968
907647843
480086745
158047746
410910906
453725871
682557214
576525924
995984037
23648241
185304320
690918455
266904249
142918942
235360758
549799663
694584049
332797934
66624704
211657526
532653925
532846298
566260353
740734162
264781252
451938574
813886905
771245978
622358573
109841070
31705346
908034356
905101925
204037971
795643291
755488915
707731293
610696165
503973840
750582603
371170328
13629071
828050744
119586102
941487530
908022194
354070414
83790367
624926392
771580123
264448992
880153097
479772555
861797482
948905564
372716274
276499470
352783876
860758232
41607675
692861863
352843503
940699756
799586394
738689565
12817231
356730680
743801313
287044525
678795002
674850717
937042524
178567623
564875600
690034266
872468826
663787185
230236258
964211182
7535172
812017590
362020820
209902423
378821239
178860646
326868305
561744295
520793418
319458440
469573605
724897178
360363698
140366788
732799532
568590835
82371778
646784252
322078813
574527330
477049145
444080668
244565510
306292583
678042446
959354943
460913023
245842670
258524539
874253951
222166336
656062540
375435547
746532459
659117455
963509086
891515319
455951027
668107975
32087367
240876441
326375697
5979130
950423809
77276786
193071644
714772378
412462905
686332072
456660540
667066575
519971746
485301895
974393950
471779766
623568357
912587611
854752874
328310395
469801117
759486329
882898864
18527703
28525079
867833522
653169950
239801526
525133023
697091247
175947520
817911289
772831333
456687554
252561205
859830654
634733014
215066970
790764722
477153121
974979613
78993053
33659794
627886421
928496757
107927672
555603886
869074070
671985889
292736937
757577631
852853263
17924482
340408127
889304711
471720962
676639342
105500219
866437870
336895544
380826782
771129325
162266903
564867489
267915905
384581422
956371072
157460257
884268679
601678117
22256716
255346432
58690309
724926956
783908380
300905966
268853454
773570423
903403983
419953235
530060200
935350056
325851818
587982197
791021732
664199826
254591171
252578882
717446608
350247616
709095653
547360429
310452733
105855926
379736139
137326760
287974523
244994245
511356017
810149395
786725700
235986281
62078820
438603946
269676749
127987883
380650082
30820686
92107509
76431288
450125652
489576020
587584992
180615334
224601763
672212170
748206414
928961128
932191415
628470657
209215277
10473151
18791268
211362947
859446010
632930557
884320557
868284960
630452360
659812617
808516883
528122207
227122605
880057480
270785187
725849063
980776366
193880221
144302857
341449497
172985903
358433731
808779866
366662862
542592428
370046689
68093985
569291248
776677932
272688012
688740031
872683160
834478904
568992794
632101707
60181601
268312223
894803538
211173406
832401556
623941615
316200627
160685761
57733164
623097223
5759142
807500784
575036413
708859399
175832180
866781173
743377117
871203496
309862789
454233797
259638070
202437277
339113502
240257189
883565883
621991976
587574396
419330661
751014332
858966407
564690251
860282580
271002504
368238655
515715612
211227053
285008661
943003247
999241793
88282940
952596485
869936456
862368766
638789564
448328660
463084550
323450945
44814101
231234511
711949530
387837282
826153214
389877828
922015234
766207757
121564658
87870513
998767120
835808933
964540447
885856872
699218520
210367948
526954452
548478243
221600583
297741207
54069631
738245726
166822671
83128261
644818214
453776386
597413852
504683154
208408876
267480848
442064520
706563412
241768801
344596759
56444047
40372605
122899537
348081199
659459672
164220600
615466337
927460967
762652623
620231403
516168499
661774713
325106492
621468954
934312570
14446732
417825645
427606463
110933714
440597075
978179878
810765614
231032622
494362274
580562779
135507874
8902441
688746673
911977381
538809306
222268735
363625011
77694359
127490551
460286270
631355432
986630538
525257868
14684591
296086948
266260537
670110816
808346312
429344295
483022623
83793072
622112959
105204453
929403352
453565781
230676081
2561742
97618871
117850394
79551988
500012964
342448244
664053490
361574395
981993255
822903245
169084717
301222498
815875461
721131841
228151168
161586268
310934214
916813558
282203059
981891195
158297744
849249171
1256245
23514636
79295918
213128041
584035362
640820070
327769402
294408382
965428213
631945982
898729508
381189375
526765531
969235947
389599488
109143023
185440121
328285516
322166438
409530150
293103377
961530644
241466863
917913816
7492221
606296739
175927956
46147016
442301354
695609272
957380273
390246309
412040230
423688213
57251604
25408315
650151062
245249599
775511857
492409569
341863268
271862320
489947649
570665099
405110728
446758079
418445131
445614128
821767114
169806546
807514562
45871267
818318009
535624163
139791065
277883995
642507445
734341406
338972705
830705392
226291924
383097265
341935330
590763908
411508917
540713544
589206140
220141932
937020286
580995270
381203279
158124937
432104616
681605441
975646999
303281672
417145983
409093707
878503328
300300058
83030992
537379286
196244257
948536163
26364385
48634834
952059018
247633336
323261578
587174306
559452199
953158998
522138404
552279242
750600524
9634416
583706985
759200334
159784143
391745506
227979271
838065412
993207717
760760276
572842096
569161687
580640560
852978709
54281056
540552115
778475221
188936476
442471261
328212952
699838171
626333274
132230304
231300587
384646599
726607338
465196458
887548897
152042940
914975482
84440817
802601851
20495621
908024185
500366444
717630943
862440595
787679795
74713500
848722997
538881859
312327216
236234489
371679479
751657631
1929138
258146048
57865374
812690742
105950239
868135807
666690888
733545080
454557467
261985687
787924589
354259346
24453641
244145630
539941459
133595005
218165285
481168471
819682095
74766857
1720531
469840125
782942229
733314145
85248620
511958240
907393925
218431425
794239554
647565128
57062396
185446717
525479055
572650065
752848920
363139054
695547378
437542597
99720847
966308300
477253446
550858848
214201675
851688753
515779124
83222229
8750000
753354941
224117693
147080470
435359604
880485985
136593848
393715158
512414289
397863899
878448136
589373658
447073834
991920772
742382445
298354716
757437885
437944945
393078372
718771031
974836470
369616093
664042285
632243981
815203859
875500578
580655055
703583816
912084344
291189808
99074001
405124824
83596363
66013442
592137215
685409440
153556685
973846824
648545160
471228469
444690289
293665098
340121538
784145329
758035376
372981681
338319983
604406854
663510571
802574513
661763480
274497321
887055843
947133511
802539139
908079724
67058592
816513852
909946724
696256869
941065499
845170012
518380282
426053949
703749055
837511859
101322287
617597816
588959436
133235494
121919864
879573836
310215314
78662297
84665895
53109313
580432541
628763559
901261006
506867255
745906545
328052979
294601557
785318293
217915984
81698985
612179520
9626143
218704154
757549825
117277965
390348674
984548329
531967112
940392373
282693939
624077181
372278657
477552275
424114830
206832955
302802256
24143963
327255149
526597751
640989388
972445461
624233207
451587354
112213742
107875053
110950200
877452549
930438014
81150056
414267091
778795091
638025016
112231012
16064342
598217661
331474410
499699910
383638356
719933177
316770558
594117398
552756603
822718672
219720363
850935247
988319294
271139797
233363804
878427914
159762499
708724755
475381020
51082022
28598673
238342838
410342318
536643686
524566661
743203137
453249605
799822570
923449132
992831192
11069518
935790484
401788788
459673529
544072599
753601678
289462231
369057326
929407851
37622413
50678981
59475946
757362630
644573888
467863516
610327293
685820573
986282768
508455342
123078240
468532328
770197115
712893369
304965587
993169385
661919410
848296649
826455698
673572372
18036227
859018514
900263238
910334556
677559712
137416599
611507799
952302409
972010218
797270203
901113559
733653314
688398780
29799777
517879634
355178196
754325339
253373324
954378712
350518239
164778146
812107711
687679612
776833651
649387466
321701715
968117989
209034685
607740056
342011431
517452213
94331528
494349454
5009627
120981448
217981985
957633501
981489981
600771013
805771646
268506058
515758427
611563964
492846529
398474973
275630671
210173441
47230108
762831135
399244640
395290537
184070588
115442889
3466750
477905611
670150074
537921181
484242479
622816725
435938778
150562082
629213393
596560206
527637681
177149312
416485847
394103219
303516482
127446132
374396865
565748249
664536430
895613786
158993826
982714974
905294181
181259691
929730610
717811851
633824715
259334096
583123464
735891428
404619763
234912606
293845480
532988360
364991801
119748927
942911676
240700230
881767357
63840001
512943659
729797831
145265775
3909295
546297875
450296101
875677652
417890253
806842300
384428136
884563897
723159773
640475899
270632301
832057134
490812985
172311307
873510704
985606703
964850669
897295636
39862332
90763019
482788476
724298123
974981792
14461673
532413239
637760693
484372795
540761604
680915556
46478436
262662368
901967858
138572332
511209127
115460689
280932593
285611267
233851779
621849653
752653249
393273609
838354349
120539888
9382609
894522971
967792157
610918913
506903520
601790565
340008917
956911569
464612568
653431512
10951805
652031071
122193943
185727961
495199301
630985210
633134857
888909858
221942633
394432266
253566082
713394460
865859624
14411591
926221570
866643647
365585273
540980024
471130644
283940088
171486746
343450511
960710043
824836894
69548694
576504016
66686
683198248
691433698
863372935
129673318
986820603
897048519
192532843
912150674
346710996
218812454
860421727
303498786
782824235
883036323
153071210
589340500
10583113
179070332
756286427
108608912
988381134
952674099
769781489
234803176
368726474
523539736
239348724
280323470
496939720
17362115
371928648
637291392
321366023
180414143
624508018
533038398
603048558
516833379
200878682
112036042
516394306
128561029
504134993
73666509
373513275
611580898
994440034
680491063
86849123
182920082
307138358
755775512
299724372
891650663
763147205
213515646
438809824
33126629
296781540
461461197
775765460
525709006
967420022
26383029
230075700
477010574
527095487
979151037
61739275
354143340
631960904
476646308
803100787
874908124
783039908
208307070
185296202
440757574
903934725
586852945
76610202
73571707
904669133
433001369
803679128
949216824
365195124
807483866
670851221
219450306
933331065
684983449
869507439
87285966
347753286
781708276
642586987
993217312
685568309
797122824
580537471
613802647
385067631
79006987
45824094
354480854
886599017
677890821
509717618
682573273
585631803
542208122
965656493
993320284
993560767
827245262
847383082
27278464
213423476
588403717
459480569
512061335
657920399
309051977
759326894
477857580
223003005
256285613
598242722
786834921
662650995
863217187
110641317
951193568
800338009
931240288
401162378
103594243
598082544
42712366
437538071
683732926
147702699
79397799
75184741
583178892
936871226
766046167
960956188
708208353
866964037
736289775
609515153
511897453
478422874
364117585
36402481
804769754
628579884
816239916
549258121
162004352
370543087
864694011
28692749
830207946
273808128
762425450
457988153
414572482
571049634
930551388
171203345
334062544
889922893
290202317
586976173
605556517
228364011
598134648
402948605
909462545
971092163
293774242
189252575
983757527
627641710
219438623
642173287
555292003
563317491
135224168
131278332
481670646
691879930
389342021
160658420
197672079
228917465
121938915
851623779
516733508
946699218
332173951
541105647
737816296
840449828
850561885
984702396
149239094
187892966
882358345
362830950
325952017
612204899
746048158
423028619
455413156
588357920
526770209
304555210
5372163
748956456
141880238
608146571
42622926
313920010
419919290
879163301
86516471
107237003
20126675
502918511
798946254
824603884
804544880
464476731
821506997
515193931
35397117
813965905
1274012
74173032
727737708
728800855
22692311
403547651
919979234
888928382
746886704
840221544
536187534
15504031
660326509
989528347
149366655
648693464
213343119
851099300
244525831
418564325
373637186
249969256
637836336
245158147
642110340
937246039
121004428
554417012
99592451
260321420
934487428
621258970
741358833
137879527
79822982
881873365
128088611
900589371
329982600
827975618
444878953
89040393
165147741
235833983
438367677
319676070
364052255
991259200
784073244
246550452
96711406
944364187
782558478
514696404
796982819
99473318
780103048
421752025
190625783
241611784
672815457
971464710
580524171
985608986
796812436
720725393
497020138
163307782
611650439
872017208
648583634
931404662
891611838
359336917
118425765
552751489
466697815
314718691
318483690
881172976
528001728
352494853
483763450
938175902
251600387
986112952
587505968
693194557
160534638
961961575
317604507
105836810
514105032
904039871
15211986
485744916
161503454
112999542
932510514
331955561
563169011
771644777
776210501
756880454
925281813
